matrix: /home/davis/matrices/com-Youtube.mtx
[.mtx]
Reading matrix market file: /home/davis/matrices/com-Youtube.mtx
A converted to 32-bit
read time: 0.385175
read in the problem
cached AT, time 1.92085e-07
cached EMin, time 3.2827e-05
nthreads: 1 32
Starting max flow from 4 to 275
iter 0, delta 0

  1134890x1 GraphBLAS double vector, sparse by col, ints: 32/32/32
  delta_vec, 318 entries, memory: 4.0 KB

    (0,0)    -1
    (1,0)    1
    (3,0)    1
    (4,0)    31
    (18,0)    1
    (21,0)    1
    (105,0)    2
    (153,0)    1
    (209,0)    2
    (275,0)    1
    (310,0)    -1
    (362,0)    4
    (534,0)    -1
    (535,0)    -1
    (536,0)    -1
    (537,0)    -1
    (538,0)    -1
    (539,0)    0
    (540,0)    -1
    (541,0)    -1
    (542,0)    -1
    (543,0)    -1
    (544,0)    -1
    (545,0)    -1
    (546,0)    -1
    (547,0)    -1
    (548,0)    -1
    (549,0)    -1
    (550,0)    -1
    (551,0)    -1
    (552,0)    -1
    (553,0)    -1
    (554,0)    -1
    (555,0)    -1
    (556,0)    -1
    (557,0)    -1
    (558,0)    -1
    (559,0)    -1
    (560,0)    -1
    (561,0)    -1
    (562,0)    -1
    (563,0)    -1
    (564,0)    -1
    (565,0)    -1
    (566,0)    -1
    (567,0)    -1
    (568,0)    -1
    (569,0)    -1
    (570,0)    -1
    (571,0)    -1
    (572,0)    -1
    (573,0)    1
    (574,0)    -1
    (575,0)    -1
    (576,0)    -1
    (577,0)    -1
    (578,0)    -1
    (579,0)    -1
    (580,0)    -1
    (581,0)    -1
    (582,0)    -1
    (583,0)    -1
    (584,0)    -1
    (585,0)    -1
    (586,0)    -1
    (587,0)    -1
    (588,0)    -1
    (589,0)    -1
    (590,0)    -1
    (591,0)    0
    (592,0)    -1
    (593,0)    -1
    (594,0)    -1
    (595,0)    -1
    (596,0)    -1
    (597,0)    -1
    (598,0)    -1
    (599,0)    -1
    (600,0)    1
    (601,0)    -1
    (602,0)    -1
    (603,0)    -1
    (604,0)    -1
    (605,0)    -1
    (606,0)    -1
    (607,0)    -1
    (608,0)    -1
    (609,0)    -1
    (610,0)    -1
    (611,0)    -1
    (612,0)    -1
    (613,0)    -1
    (614,0)    -1
    (615,0)    0
    (616,0)    -1
    (617,0)    -1
    (618,0)    -1
    (619,0)    -1
    (620,0)    -1
    (621,0)    -1
    (622,0)    -1
    (623,0)    -1
    (624,0)    -1
    (625,0)    -1
    (626,0)    -1
    (627,0)    -1
    (628,0)    -1
    (629,0)    -1
    (630,0)    -1
    (631,0)    -1
    (632,0)    -1
    (633,0)    -1
    (634,0)    1
    (635,0)    -1
    (636,0)    -1
    (637,0)    -1
    (638,0)    -1
    (639,0)    1
    (640,0)    -1
    (641,0)    0
    (642,0)    -1
    (643,0)    -1
    (644,0)    -1
    (645,0)    -1
    (646,0)    0
    (647,0)    -1
    (648,0)    -1
    (649,0)    -1
    (650,0)    -1
    (651,0)    -1
    (652,0)    -1
    (653,0)    -1
    (654,0)    -1
    (655,0)    2
    (656,0)    -1
    (657,0)    -1
    (658,0)    -1
    (659,0)    -1
    (660,0)    -1
    (661,0)    -1
    (662,0)    -1
    (663,0)    -1
    (664,0)    -1
    (665,0)    -1
    (666,0)    -1
    (667,0)    -1
    (668,0)    -1
    (669,0)    -1
    (670,0)    -1
    (671,0)    -1
    (672,0)    -1
    (673,0)    -1
    (674,0)    -1
    (675,0)    -1
    (676,0)    -1
    (677,0)    -1
    (678,0)    -1
    (679,0)    -1
    (680,0)    -1
    (681,0)    -1
    (682,0)    -1
    (683,0)    -1
    (684,0)    -1
    (685,0)    -1
    (686,0)    -1
    (687,0)    -1
    (688,0)    -1
    (689,0)    -1
    (690,0)    -1
    (691,0)    -1
    (692,0)    -1
    (693,0)    -1
    (694,0)    -1
    (695,0)    -1
    (696,0)    -1
    (697,0)    -1
    (698,0)    -1
    (699,0)    -1
    (823,0)    1
    (1071,0)    2
    (1112,0)    1
    (1190,0)    1
    (1273,0)    1
    (1574,0)    1
    (1958,0)    1
    (2844,0)    1
    (3383,0)    0
    (3523,0)    1
    (3604,0)    1
    (3695,0)    -1
    (3803,0)    1
    (4718,0)    2
    (4727,0)    2
    (7800,0)    1
    (10984,0)    1
    (11792,0)    1
    (13157,0)    1
    (13836,0)    1
    (14752,0)    1
    (15500,0)    1
    (18277,0)    1
    (20081,0)    1
    (20125,0)    1
    (20712,0)    1
    (20789,0)    1
    (20866,0)    1
    (20875,0)    1
    (20968,0)    1
    (21149,0)    1
    (22033,0)    1
    (22994,0)    1
    (23945,0)    1
    (24017,0)    1
    (24046,0)    1
    (24201,0)    1
    (25049,0)    1
    (26335,0)    1
    (27750,0)    1
    (28886,0)    1
    (28889,0)    1
    (29595,0)    2
    (29636,0)    1
    (29685,0)    2
    (29689,0)    1
    (29734,0)    1
    (29753,0)    -1
    (29769,0)    1
    (29772,0)    1
    (29807,0)    2
    (30385,0)    1
    (31027,0)    1
    (31058,0)    1
    (31494,0)    1
    (31842,0)    1
    (33441,0)    1
    (33458,0)    1
    (33475,0)    1
    (33477,0)    1
    (33514,0)    1
    (33540,0)    1
    (33825,0)    1
    (33936,0)    1
    (35545,0)    1
    (35636,0)    1
    (35645,0)    1
    (36651,0)    1
    (37027,0)    1
    (37079,0)    1
    (37365,0)    1
    (37373,0)    -1
    (37410,0)    1
    (37411,0)    1
    (37518,0)    1
    (37963,0)    1
    (38240,0)    1
    (45211,0)    1
    (51196,0)    1
    (51613,0)    1
    (51620,0)    1
    (51846,0)    1
    (61315,0)    1
    (63495,0)    1
    (96478,0)    1
    (108464,0)    1
    (129280,0)    1
    (139836,0)    -1
    (143024,0)    1
    (157914,0)    1
    (234980,0)    1
    (244175,0)    1
    (253988,0)    -1
    (257318,0)    -1
    (304673,0)    1
    (305336,0)    1
    (307830,0)    1
    (337165,0)    -1
    (357530,0)    2
    (406462,0)    1
    (429778,0)    1
    (448214,0)    -1
    (455262,0)    1
    (466420,0)    1
    (521324,0)    0
    (533087,0)    1
    (543602,0)    -1
    (608592,0)    -1
    (609085,0)    1
    (642475,0)    1
    (642515,0)    1
    (642549,0)    1
    (642567,0)    1
    (642633,0)    -1
    (642634,0)    -1
    (642635,0)    -1
    (642636,0)    -1
    (642637,0)    -1
    (642638,0)    -1
    (642639,0)    -1
    (642640,0)    -1
    (642641,0)    -1
    (642642,0)    -1
    (642861,0)    1
    (643121,0)    1
    (644036,0)    1
    (645860,0)    1
    (645916,0)    1
    (646193,0)    1
    (646289,0)    1
    (646304,0)    1
    (646667,0)    1
    (646936,0)    1
    (649478,0)    1
    (872966,0)    1
    (991727,0)    1
    (1001873,0)    1
    (1009453,0)    1
    (1011428,0)    3
    (1061557,0)    1

iter 1, delta 0

  1134890x1 GraphBLAS double vector, sparse by col, ints: 32/32/32
  delta_vec, 207 entries, memory: 2.7 KB

    (1,0)    -1
    (3,0)    1
    (18,0)    -1
    (21,0)    0
    (105,0)    2
    (153,0)    -1
    (209,0)    0
    (275,0)    30
    (362,0)    7
    (454,0)    2
    (539,0)    -1
    (544,0)    1
    (570,0)    1
    (573,0)    -1
    (582,0)    1
    (587,0)    1
    (591,0)    -1
    (595,0)    1
    (599,0)    1
    (600,0)    -1
    (615,0)    -1
    (618,0)    1
    (627,0)    1
    (634,0)    -1
    (639,0)    -1
    (641,0)    -1
    (646,0)    -1
    (655,0)    -1
    (805,0)    1
    (823,0)    -1
    (905,0)    1
    (947,0)    1
    (1012,0)    3
    (1036,0)    1
    (1071,0)    -1
    (1112,0)    -1
    (1190,0)    1
    (1273,0)    1
    (1284,0)    1
    (1574,0)    -1
    (1958,0)    -1
    (2251,0)    1
    (2844,0)    0
    (3383,0)    -1
    (3523,0)    -1
    (3604,0)    -1
    (3802,0)    1
    (3803,0)    -1
    (4193,0)    2
    (4718,0)    -1
    (4727,0)    -1
    (4746,0)    1
    (5273,0)    1
    (5767,0)    1
    (7800,0)    -1
    (7975,0)    1
    (10984,0)    -1
    (11792,0)    -1
    (13157,0)    -1
    (13737,0)    1
    (13836,0)    -1
    (14752,0)    -1
    (15500,0)    -1
    (15533,0)    1
    (18277,0)    -1
    (20081,0)    -1
    (20125,0)    -1
    (20712,0)    -1
    (20789,0)    -1
    (20866,0)    -1
    (20875,0)    -1
    (20968,0)    0
    (21149,0)    -1
    (21555,0)    1
    (21654,0)    1
    (22033,0)    -1
    (22677,0)    1
    (22868,0)    1
    (22936,0)    1
    (22994,0)    0
    (23007,0)    1
    (23097,0)    1
    (23189,0)    1
    (23945,0)    -1
    (24017,0)    -1
    (24046,0)    -1
    (24201,0)    -1
    (25049,0)    -1
    (25529,0)    1
    (25855,0)    1
    (26335,0)    -1
    (27750,0)    -1
    (28886,0)    -1
    (28889,0)    -1
    (29595,0)    -1
    (29636,0)    -1
    (29685,0)    -1
    (29689,0)    -1
    (29734,0)    -1
    (29769,0)    -1
    (29772,0)    -1
    (29802,0)    1
    (29807,0)    -1
    (30385,0)    -1
    (31027,0)    -1
    (31058,0)    -1
    (31494,0)    -1
    (31842,0)    -1
    (33441,0)    -1
    (33458,0)    -1
    (33475,0)    -1
    (33477,0)    -1
    (33514,0)    -1
    (33540,0)    -1
    (33825,0)    -1
    (33920,0)    1
    (33936,0)    -1
    (35290,0)    1
    (35307,0)    1
    (35429,0)    1
    (35450,0)    1
    (35463,0)    2
    (35545,0)    -1
    (35575,0)    1
    (35636,0)    -1
    (35645,0)    -1
    (36651,0)    -1
    (37027,0)    -1
    (37030,0)    1
    (37079,0)    -1
    (37255,0)    1
    (37365,0)    -1
    (37410,0)    -1
    (37411,0)    -1
    (37518,0)    -1
    (37963,0)    -1
    (38030,0)    1
    (38240,0)    -1
    (45211,0)    -1
    (51196,0)    -1
    (51613,0)    -1
    (51620,0)    -1
    (51846,0)    -1
    (55232,0)    1
    (61315,0)    -1
    (63495,0)    -1
    (75024,0)    1
    (96478,0)    -1
    (104165,0)    1
    (108464,0)    -1
    (129280,0)    -1
    (135886,0)    1
    (143024,0)    -1
    (152751,0)    1
    (157914,0)    -1
    (194480,0)    1
    (234980,0)    -1
    (244175,0)    -1
    (253988,0)    1
    (270832,0)    1
    (304673,0)    -1
    (305336,0)    -1
    (307830,0)    -1
    (357530,0)    -1
    (406462,0)    -1
    (429778,0)    -1
    (455262,0)    -1
    (466420,0)    -1
    (521324,0)    -1
    (533087,0)    -1
    (609085,0)    -1
    (640576,0)    1
    (642475,0)    -1
    (642515,0)    -1
    (642549,0)    -1
    (642567,0)    0
    (642636,0)    1
    (642861,0)    3
    (643121,0)    -1
    (643213,0)    1
    (644036,0)    -1
    (645688,0)    1
    (645860,0)    -1
    (645916,0)    1
    (646193,0)    -1
    (646289,0)    -1
    (646304,0)    -1
    (646667,0)    -1
    (646711,0)    1
    (646727,0)    1
    (646936,0)    -1
    (649478,0)    -1
    (655181,0)    1
    (667087,0)    1
    (675131,0)    1
    (692911,0)    1
    (694765,0)    1
    (726585,0)    1
    (842460,0)    1
    (872966,0)    -1
    (991727,0)    -1
    (1001873,0)    -1
    (1009453,0)    -1
    (1011428,0)    5
    (1015292,0)    1
    (1048343,0)    1
    (1061557,0)    -1

iter 2, delta 0

  1134890x1 GraphBLAS double vector, sparse by col, ints: 32/32/32
  delta_vec, 138 entries, memory: 1.9 KB

    (3,0)    -1
    (21,0)    -1
    (105,0)    0
    (209,0)    0
    (275,0)    29
    (362,0)    -1
    (403,0)    2
    (454,0)    0
    (544,0)    -1
    (570,0)    -1
    (573,0)    -1
    (582,0)    -1
    (587,0)    -1
    (595,0)    -1
    (599,0)    -1
    (600,0)    -1
    (618,0)    -1
    (627,0)    -1
    (634,0)    -1
    (639,0)    -1
    (655,0)    -1
    (805,0)    -1
    (905,0)    -1
    (947,0)    0
    (1012,0)    -1
    (1036,0)    -1
    (1071,0)    -1
    (1190,0)    -1
    (1273,0)    -1
    (1284,0)    -1
    (2251,0)    -1
    (2844,0)    -1
    (3429,0)    1
    (3802,0)    -1
    (3803,0)    1
    (3948,0)    1
    (4193,0)    -1
    (4718,0)    -1
    (4727,0)    -1
    (4746,0)    -1
    (5024,0)    1
    (5273,0)    -1
    (5767,0)    -1
    (6267,0)    1
    (7975,0)    -1
    (8213,0)    1
    (8809,0)    1
    (11792,0)    -1
    (13737,0)    -1
    (15533,0)    -1
    (20968,0)    -1
    (21555,0)    -1
    (21654,0)    0
    (21660,0)    1
    (22677,0)    -1
    (22736,0)    1
    (22868,0)    -1
    (22936,0)    -1
    (22994,0)    -1
    (23007,0)    -1
    (23097,0)    -1
    (23136,0)    1
    (23189,0)    -1
    (25529,0)    -1
    (25855,0)    -1
    (29595,0)    0
    (29685,0)    -1
    (29734,0)    1
    (29802,0)    -1
    (29807,0)    -1
    (31494,0)    1
    (33458,0)    1
    (33540,0)    1
    (33839,0)    1
    (33920,0)    -1
    (35290,0)    -1
    (35307,0)    -1
    (35337,0)    1
    (35369,0)    1
    (35393,0)    1
    (35396,0)    1
    (35425,0)    1
    (35429,0)    -1
    (35450,0)    -1
    (35451,0)    1
    (35463,0)    -1
    (35492,0)    1
    (35523,0)    1
    (35545,0)    2
    (35565,0)    1
    (35575,0)    -1
    (37029,0)    1
    (37030,0)    -1
    (37255,0)    -1
    (37364,0)    1
    (38030,0)    -1
    (47555,0)    1
    (55232,0)    -1
    (75024,0)    -1
    (81936,0)    1
    (90615,0)    1
    (104165,0)    0
    (135886,0)    -1
    (150582,0)    1
    (152751,0)    -1
    (194480,0)    -1
    (253988,0)    -1
    (270832,0)    -1
    (304002,0)    1
    (357530,0)    -1
    (488835,0)    1
    (622419,0)    1
    (640576,0)    -1
    (642490,0)    1
    (642567,0)    -1
    (642636,0)    -1
    (642861,0)    0
    (643085,0)    1
    (643213,0)    -1
    (645688,0)    -1
    (645916,0)    2
    (646711,0)    -1
    (646727,0)    -1
    (648138,0)    1
    (655181,0)    -1
    (656084,0)    1
    (667087,0)    -1
    (675131,0)    -1
    (692911,0)    -1
    (694765,0)    -1
    (726585,0)    -1
    (842460,0)    -1
    (872966,0)    1
    (1001873,0)    1
    (1011428,0)    10
    (1015292,0)    -1
    (1041416,0)    1
    (1048343,0)    -1

iter 3, delta 0

  1134890x1 GraphBLAS double vector, sparse by col, ints: 32/32/32
  delta_vec, 95 entries, memory: 1.4 KB

    (3,0)    -1
    (105,0)    -1
    (209,0)    -1
    (275,0)    20
    (362,0)    -1
    (403,0)    -1
    (445,0)    1
    (454,0)    -1
    (544,0)    1
    (570,0)    1
    (587,0)    1
    (599,0)    1
    (627,0)    1
    (655,0)    -1
    (947,0)    -1
    (1012,0)    -1
    (1190,0)    -1
    (1273,0)    -1
    (3429,0)    -1
    (3803,0)    -1
    (3948,0)    -1
    (4193,0)    -1
    (4372,0)    1
    (5024,0)    -1
    (6267,0)    -1
    (8213,0)    -1
    (8809,0)    -1
    (13567,0)    1
    (15253,0)    1
    (20081,0)    1
    (21654,0)    -1
    (21660,0)    -1
    (22736,0)    -1
    (23107,0)    1
    (23136,0)    -1
    (23299,0)    1
    (29595,0)    -1
    (29734,0)    -1
    (31494,0)    -1
    (33458,0)    -1
    (33540,0)    -1
    (33839,0)    -1
    (35298,0)    1
    (35310,0)    1
    (35337,0)    -1
    (35369,0)    -1
    (35377,0)    1
    (35393,0)    0
    (35396,0)    0
    (35425,0)    -1
    (35429,0)    1
    (35436,0)    1
    (35451,0)    0
    (35463,0)    -1
    (35492,0)    -1
    (35522,0)    1
    (35523,0)    -1
    (35545,0)    -1
    (35565,0)    -1
    (35641,0)    1
    (37027,0)    1
    (37029,0)    -1
    (37364,0)    -1
    (47555,0)    -1
    (68027,0)    1
    (81936,0)    -1
    (90615,0)    -1
    (104165,0)    -1
    (150582,0)    -1
    (160065,0)    1
    (201363,0)    1
    (304002,0)    -1
    (306704,0)    1
    (357530,0)    1
    (488835,0)    -1
    (622419,0)    -1
    (637304,0)    1
    (641866,0)    1
    (642490,0)    -1
    (642636,0)    1
    (642861,0)    -1
    (643085,0)    -1
    (643420,0)    1
    (645916,0)    -1
    (648138,0)    -1
    (649411,0)    1
    (656084,0)    -1
    (667087,0)    1
    (688020,0)    1
    (711615,0)    1
    (872966,0)    -1
    (1001873,0)    -1
    (1009453,0)    4
    (1011428,0)    -1
    (1041416,0)    -1

iter 4, delta 0

  1134890x1 GraphBLAS double vector, sparse by col, ints: 32/32/32
  delta_vec, 72 entries, memory: 1.1 KB

    (105,0)    -1
    (209,0)    -1
    (275,0)    15
    (362,0)    -1
    (403,0)    0
    (445,0)    -1
    (454,0)    -1
    (544,0)    -1
    (570,0)    -1
    (587,0)    -1
    (599,0)    -1
    (627,0)    -1
    (865,0)    1
    (1012,0)    -1
    (4372,0)    -1
    (9804,0)    1
    (13567,0)    -1
    (15253,0)    -1
    (20081,0)    -1
    (21660,0)    1
    (23106,0)    1
    (23107,0)    -1
    (23188,0)    1
    (23189,0)    1
    (23202,0)    1
    (23299,0)    -1
    (29734,0)    1
    (31494,0)    1
    (33458,0)    1
    (33540,0)    1
    (33838,0)    1
    (35298,0)    -1
    (35310,0)    -1
    (35343,0)    1
    (35377,0)    0
    (35393,0)    -1
    (35396,0)    -1
    (35429,0)    -1
    (35436,0)    -1
    (35451,0)    -1
    (35522,0)    -1
    (35545,0)    -1
    (35636,0)    2
    (35641,0)    -1
    (37027,0)    -1
    (68027,0)    -1
    (81936,0)    1
    (108464,0)    1
    (160065,0)    -1
    (167636,0)    1
    (201363,0)    -1
    (214159,0)    1
    (306704,0)    -1
    (357530,0)    -1
    (637304,0)    -1
    (641866,0)    -1
    (642636,0)    -1
    (642861,0)    0
    (643420,0)    0
    (645916,0)    -1
    (647871,0)    1
    (648168,0)    1
    (649411,0)    -1
    (656084,0)    1
    (688020,0)    -1
    (711615,0)    -1
    (872966,0)    1
    (1001873,0)    1
    (1009453,0)    0
    (1011428,0)    -1
    (1025810,0)    1
    (1041416,0)    1

iter 5, delta 0

  1134890x1 GraphBLAS double vector, sparse by col, ints: 32/32/32
  delta_vec, 59 entries, memory: 956 bytes

    (105,0)    -1
    (275,0)    7
    (362,0)    -1
    (403,0)    -1
    (544,0)    1
    (570,0)    1
    (587,0)    1
    (599,0)    1
    (627,0)    1
    (805,0)    2
    (865,0)    -1
    (2485,0)    1
    (3673,0)    1
    (5273,0)    1
    (9804,0)    -1
    (13567,0)    1
    (15533,0)    1
    (21660,0)    -1
    (23106,0)    -1
    (23136,0)    1
    (23188,0)    -1
    (23189,0)    -1
    (23202,0)    -1
    (25288,0)    1
    (25829,0)    1
    (29595,0)    1
    (29734,0)    -1
    (31494,0)    -1
    (33458,0)    -1
    (33540,0)    -1
    (33838,0)    -1
    (35343,0)    -1
    (35377,0)    -1
    (35563,0)    1
    (35585,0)    1
    (35629,0)    1
    (35633,0)    1
    (35636,0)    -1
    (81936,0)    -1
    (108464,0)    -1
    (167636,0)    -1
    (214159,0)    -1
    (236538,0)    1
    (357530,0)    1
    (642636,0)    1
    (642861,0)    -1
    (643420,0)    1
    (645916,0)    -1
    (647871,0)    -1
    (648168,0)    -1
    (656084,0)    -1
    (711614,0)    1
    (768637,0)    1
    (872966,0)    -1
    (1001873,0)    -1
    (1009453,0)    -1
    (1011428,0)    -1
    (1025810,0)    -1
    (1041416,0)    -1

iter 6, delta 0

  1134890x1 GraphBLAS double vector, sparse by col, ints: 32/32/32
  delta_vec, 54 entries, memory: 896 bytes

    (105,0)    -1
    (275,0)    9
    (362,0)    -1
    (544,0)    -1
    (570,0)    -1
    (587,0)    -1
    (599,0)    -1
    (627,0)    -1
    (675,0)    1
    (805,0)    -1
    (865,0)    1
    (2485,0)    -1
    (3673,0)    -1
    (5273,0)    0
    (8508,0)    1
    (11948,0)    1
    (13567,0)    -1
    (13737,0)    1
    (15533,0)    -1
    (17480,0)    1
    (19864,0)    1
    (22936,0)    1
    (23136,0)    -1
    (25288,0)    -1
    (25829,0)    -1
    (29595,0)    -1
    (29734,0)    1
    (31494,0)    1
    (33458,0)    1
    (33540,0)    1
    (33920,0)    1
    (35563,0)    -1
    (35565,0)    1
    (35577,0)    1
    (35585,0)    -1
    (35612,0)    1
    (35629,0)    0
    (35633,0)    -1
    (35636,0)    -1
    (236538,0)    -1
    (330489,0)    1
    (357530,0)    -1
    (642636,0)    -1
    (642861,0)    -1
    (643368,0)    1
    (643420,0)    -1
    (645916,0)    -1
    (649478,0)    1
    (711614,0)    -1
    (768637,0)    -1
    (872966,0)    1
    (1001873,0)    1
    (1009453,0)    -1
    (1011428,0)    -1

iter 7, delta 0

  1134890x1 GraphBLAS double vector, sparse by col, ints: 32/32/32
  delta_vec, 51 entries, memory: 860 bytes

    (196,0)    1
    (275,0)    7
    (362,0)    -1
    (544,0)    1
    (570,0)    1
    (582,0)    1
    (587,0)    1
    (599,0)    1
    (627,0)    1
    (675,0)    -1
    (805,0)    -1
    (865,0)    -1
    (5273,0)    -1
    (8181,0)    1
    (8508,0)    -1
    (11948,0)    -1
    (13494,0)    1
    (13737,0)    -1
    (17480,0)    -1
    (19864,0)    -1
    (22643,0)    1
    (22784,0)    1
    (22936,0)    -1
    (24091,0)    1
    (25855,0)    1
    (29734,0)    -1
    (31494,0)    -1
    (33458,0)    -1
    (33540,0)    -1
    (33920,0)    -1
    (35551,0)    1
    (35565,0)    -1
    (35577,0)    -1
    (35612,0)    -1
    (35628,0)    1
    (35629,0)    -1
    (330489,0)    -1
    (637537,0)    1
    (641866,0)    1
    (642464,0)    1
    (642636,0)    1
    (642861,0)    -1
    (643368,0)    0
    (643420,0)    -1
    (645688,0)    1
    (646711,0)    1
    (649478,0)    -1
    (872966,0)    -1
    (1001873,0)    -1
    (1009453,0)    -1
    (1011428,0)    -1

iter 8, delta 0

  1134890x1 GraphBLAS double vector, sparse by col, ints: 32/32/32
  delta_vec, 43 entries, memory: 764 bytes

    (196,0)    -1
    (275,0)    8
    (362,0)    -1
    (544,0)    -1
    (570,0)    -1
    (582,0)    -1
    (587,0)    -1
    (599,0)    -1
    (627,0)    -1
    (3405,0)    1
    (5767,0)    1
    (8181,0)    -1
    (8809,0)    1
    (13494,0)    0
    (22643,0)    -1
    (22784,0)    -1
    (22816,0)    1
    (23246,0)    1
    (24091,0)    -1
    (25855,0)    -1
    (29734,0)    1
    (31494,0)    1
    (33458,0)    1
    (33540,0)    1
    (33839,0)    1
    (35551,0)    -1
    (35627,0)    1
    (35628,0)    -1
    (637537,0)    -1
    (641866,0)    -1
    (642464,0)    -1
    (642636,0)    -1
    (642861,0)    1
    (643368,0)    -1
    (645688,0)    -1
    (646711,0)    -1
    (667087,0)    -1
    (872966,0)    1
    (1001873,0)    1
    (1005895,0)    1
    (1009453,0)    -1
    (1011428,0)    0
    (1044823,0)    1

iter 9, delta 0

  1134890x1 GraphBLAS double vector, sparse by col, ints: 32/32/32
  delta_vec, 35 entries, memory: 668 bytes

    (275,0)    4
    (362,0)    -1
    (516,0)    1
    (544,0)    1
    (570,0)    1
    (587,0)    1
    (599,0)    1
    (627,0)    1
    (1041,0)    1
    (3405,0)    -1
    (5767,0)    -1
    (8213,0)    1
    (8809,0)    -1
    (13494,0)    -1
    (22816,0)    -1
    (23246,0)    -1
    (29734,0)    -1
    (31494,0)    -1
    (33458,0)    -1
    (33540,0)    -1
    (33839,0)    -1
    (35415,0)    1
    (35504,0)    1
    (35618,0)    1
    (35627,0)    -1
    (642636,0)    1
    (642861,0)    -1
    (711615,0)    1
    (872966,0)    -1
    (1001873,0)    -1
    (1005895,0)    -1
    (1011428,0)    -1
    (1038962,0)    1
    (1044823,0)    -1
    (1089908,0)    1

iter 10, delta 0

  1134890x1 GraphBLAS double vector, sparse by col, ints: 32/32/32
  delta_vec, 30 entries, memory: 608 bytes

    (275,0)    5
    (362,0)    -1
    (516,0)    -1
    (544,0)    -1
    (570,0)    -1
    (587,0)    -1
    (599,0)    -1
    (627,0)    -1
    (1041,0)    -1
    (4372,0)    1
    (5464,0)    1
    (7574,0)    1
    (8213,0)    -1
    (29734,0)    1
    (31494,0)    1
    (33458,0)    1
    (33540,0)    1
    (33838,0)    1
    (35415,0)    -1
    (35504,0)    -1
    (35614,0)    1
    (35618,0)    -1
    (642636,0)    -1
    (711615,0)    -1
    (872966,0)    1
    (1001873,0)    1
    (1011428,0)    -1
    (1038962,0)    -1
    (1059736,0)    1
    (1089908,0)    -1

iter 11, delta 0

  1134890x1 GraphBLAS double vector, sparse by col, ints: 32/32/32
  delta_vec, 26 entries, memory: 560 bytes

    (194,0)    1
    (275,0)    3
    (362,0)    -1
    (544,0)    1
    (570,0)    1
    (587,0)    1
    (599,0)    1
    (627,0)    1
    (3482,0)    1
    (4372,0)    -1
    (5464,0)    -1
    (7574,0)    -1
    (29734,0)    -1
    (31494,0)    -1
    (33458,0)    -1
    (33540,0)    -1
    (33838,0)    -1
    (35611,0)    1
    (35614,0)    -1
    (642636,0)    1
    (711614,0)    1
    (872966,0)    -1
    (1001873,0)    -1
    (1011428,0)    -1
    (1059736,0)    -1
    (1089908,0)    1

iter 12, delta 0

  1134890x1 GraphBLAS double vector, sparse by col, ints: 32/32/32
  delta_vec, 24 entries, memory: 536 bytes

    (194,0)    -1
    (275,0)    3
    (362,0)    -1
    (544,0)    -1
    (570,0)    -1
    (587,0)    -1
    (599,0)    -1
    (627,0)    -1
    (1284,0)    1
    (2076,0)    1
    (3482,0)    -1
    (29734,0)    1
    (31494,0)    1
    (33458,0)    1
    (33540,0)    1
    (35610,0)    1
    (35611,0)    -1
    (642636,0)    -1
    (649478,0)    1
    (711614,0)    -1
    (872966,0)    1
    (1001873,0)    1
    (1011428,0)    -1
    (1089908,0)    -1

iter 13, delta 0

  1134890x1 GraphBLAS double vector, sparse by col, ints: 32/32/32
  delta_vec, 23 entries, memory: 524 bytes

    (275,0)    2
    (362,0)    -1
    (544,0)    1
    (570,0)    1
    (582,0)    1
    (587,0)    1
    (599,0)    1
    (627,0)    1
    (1078,0)    1
    (1284,0)    -1
    (2076,0)    -1
    (29734,0)    -1
    (31494,0)    -1
    (33458,0)    -1
    (33540,0)    -1
    (35607,0)    1
    (35610,0)    -1
    (35631,0)    1
    (642636,0)    1
    (649478,0)    -1
    (872966,0)    -1
    (1001873,0)    -1
    (1011428,0)    -1

iter 14, delta 0

  1134890x1 GraphBLAS double vector, sparse by col, ints: 32/32/32
  delta_vec, 20 entries, memory: 488 bytes

    (275,0)    3
    (544,0)    -1
    (570,0)    -1
    (582,0)    -1
    (587,0)    -1
    (599,0)    -1
    (627,0)    -1
    (905,0)    1
    (1078,0)    -1
    (29734,0)    1
    (31494,0)    1
    (33458,0)    1
    (33540,0)    1
    (33839,0)    1
    (35607,0)    -1
    (35631,0)    -1
    (642636,0)    -1
    (872966,0)    1
    (1001873,0)    1
    (1011428,0)    -1

iter 15, delta 0

  1134890x1 GraphBLAS double vector, sparse by col, ints: 32/32/32
  delta_vec, 18 entries, memory: 464 bytes

    (544,0)    1
    (570,0)    1
    (587,0)    1
    (599,0)    1
    (627,0)    1
    (825,0)    1
    (905,0)    -1
    (24389,0)    1
    (29734,0)    -1
    (31494,0)    -1
    (33458,0)    -1
    (33540,0)    -1
    (33839,0)    -1
    (642636,0)    1
    (711615,0)    1
    (872966,0)    -1
    (1001873,0)    -1
    (1011428,0)    -1

iter 16, delta 0

  1134890x1 GraphBLAS double vector, sparse by col, ints: 32/32/32
  delta_vec, 19 entries, memory: 476 bytes

    (275,0)    2
    (518,0)    1
    (544,0)    -1
    (570,0)    -1
    (587,0)    -1
    (599,0)    -1
    (627,0)    -1
    (825,0)    -1
    (24389,0)    -1
    (29734,0)    1
    (31494,0)    1
    (33458,0)    1
    (33540,0)    1
    (33838,0)    1
    (642636,0)    -1
    (711615,0)    -1
    (872966,0)    1
    (1001873,0)    1
    (1011428,0)    -1

iter 17, delta 0

  1134890x1 GraphBLAS double vector, sparse by col, ints: 32/32/32
  delta_vec, 18 entries, memory: 464 bytes

    (275,0)    1
    (389,0)    1
    (518,0)    -1
    (544,0)    1
    (570,0)    1
    (587,0)    1
    (599,0)    1
    (627,0)    1
    (29734,0)    -1
    (31494,0)    -1
    (33458,0)    -1
    (33540,0)    -1
    (33838,0)    -1
    (642636,0)    1
    (711614,0)    1
    (872966,0)    -1
    (1001873,0)    -1
    (1011428,0)    -1

iter 18, delta 0

  1134890x1 GraphBLAS double vector, sparse by col, ints: 32/32/32
  delta_vec, 18 entries, memory: 464 bytes

    (241,0)    1
    (275,0)    1
    (389,0)    -1
    (544,0)    -1
    (570,0)    -1
    (587,0)    -1
    (599,0)    -1
    (627,0)    -1
    (29734,0)    1
    (31494,0)    1
    (33458,0)    1
    (33540,0)    1
    (642636,0)    -1
    (649478,0)    1
    (711614,0)    -1
    (872966,0)    1
    (1001873,0)    1
    (1011428,0)    -1

iter 19, delta 0

  1134890x1 GraphBLAS double vector, sparse by col, ints: 32/32/32
  delta_vec, 18 entries, memory: 464 bytes

    (196,0)    1
    (241,0)    -1
    (275,0)    1
    (544,0)    1
    (570,0)    1
    (582,0)    1
    (587,0)    1
    (599,0)    1
    (627,0)    1
    (29734,0)    -1
    (31494,0)    -1
    (33458,0)    -1
    (33540,0)    -1
    (642636,0)    1
    (649478,0)    -1
    (872966,0)    -1
    (1001873,0)    -1
    (1011428,0)    -1

iter 20, delta 0

  1134890x1 GraphBLAS double vector, sparse by col, ints: 32/32/32
  delta_vec, 18 entries, memory: 464 bytes

    (196,0)    -1
    (544,0)    -1
    (570,0)    -1
    (582,0)    -1
    (587,0)    -1
    (599,0)    -1
    (627,0)    -1
    (22729,0)    1
    (29734,0)    1
    (31494,0)    1
    (33458,0)    1
    (33540,0)    1
    (33839,0)    1
    (642636,0)    -1
    (872966,0)    1
    (1001873,0)    1
    (1011428,0)    -2
    (1048343,0)    2

iter 21, delta 0

  1134890x1 GraphBLAS double vector, sparse by col, ints: 32/32/32
  delta_vec, 18 entries, memory: 464 bytes

    (275,0)    1
    (544,0)    1
    (570,0)    1
    (587,0)    1
    (599,0)    1
    (627,0)    1
    (22729,0)    -1
    (29734,0)    -1
    (31494,0)    -1
    (33458,0)    -1
    (33540,0)    -1
    (33839,0)    -1
    (642636,0)    1
    (711615,0)    1
    (872966,0)    -1
    (1001873,0)    -1
    (1048343,0)    -1
    (1107723,0)    1

iter 22, delta 0

  1134890x1 GraphBLAS double vector, sparse by col, ints: 32/32/32
  delta_vec, 18 entries, memory: 464 bytes

    (544,0)    -1
    (570,0)    -1
    (587,0)    -1
    (599,0)    -1
    (627,0)    -1
    (825,0)    1
    (29734,0)    1
    (31494,0)    1
    (33458,0)    1
    (33540,0)    1
    (33838,0)    1
    (642636,0)    -1
    (711615,0)    -1
    (872966,0)    1
    (889728,0)    1
    (1001873,0)    1
    (1048343,0)    -1
    (1107723,0)    -1

iter 23, delta 0

  1134890x1 GraphBLAS double vector, sparse by col, ints: 32/32/32
  delta_vec, 18 entries, memory: 464 bytes

    (544,0)    1
    (570,0)    1
    (587,0)    1
    (599,0)    1
    (627,0)    1
    (825,0)    -1
    (25288,0)    1
    (29734,0)    -1
    (31494,0)    -1
    (33458,0)    -1
    (33540,0)    -1
    (33838,0)    -1
    (642636,0)    1
    (711614,0)    1
    (872966,0)    -1
    (889728,0)    -1
    (1001873,0)    -1
    (1011424,0)    1

iter 24, delta 0

  1134890x1 GraphBLAS double vector, sparse by col, ints: 32/32/32
  delta_vec, 18 entries, memory: 464 bytes

    (544,0)    -1
    (570,0)    -1
    (587,0)    -1
    (599,0)    -1
    (627,0)    -1
    (825,0)    1
    (25288,0)    -1
    (29734,0)    1
    (31494,0)    1
    (33458,0)    1
    (33540,0)    1
    (642636,0)    -1
    (649478,0)    1
    (711614,0)    -1
    (872966,0)    1
    (1001873,0)    1
    (1011424,0)    -1
    (1107723,0)    1

iter 25, delta 0

  1134890x1 GraphBLAS double vector, sparse by col, ints: 32/32/32
  delta_vec, 18 entries, memory: 464 bytes

    (544,0)    1
    (570,0)    1
    (582,0)    1
    (587,0)    1
    (599,0)    1
    (627,0)    1
    (825,0)    -1
    (22630,0)    1
    (29734,0)    -1
    (31494,0)    -1
    (33458,0)    -1
    (33540,0)    -1
    (642636,0)    1
    (649478,0)    -1
    (872966,0)    -1
    (1001873,0)    -1
    (1104942,0)    1
    (1107723,0)    -1

iter 26, delta 0

  1134890x1 GraphBLAS double vector, sparse by col, ints: 32/32/32
  delta_vec, 18 entries, memory: 464 bytes

    (275,0)    1
    (544,0)    -1
    (570,0)    -1
    (582,0)    -1
    (587,0)    -1
    (599,0)    -1
    (627,0)    -1
    (22630,0)    -1
    (29734,0)    1
    (31494,0)    1
    (33458,0)    1
    (33540,0)    1
    (33839,0)    1
    (642636,0)    -1
    (872966,0)    1
    (1001873,0)    1
    (1097739,0)    1
    (1104942,0)    -1

iter 27, delta 0

  1134890x1 GraphBLAS double vector, sparse by col, ints: 32/32/32
  delta_vec, 16 entries, memory: 440 bytes

    (544,0)    1
    (570,0)    1
    (587,0)    1
    (599,0)    1
    (627,0)    1
    (23285,0)    1
    (29734,0)    -1
    (31494,0)    -1
    (33458,0)    -1
    (33540,0)    -1
    (33839,0)    -1
    (642636,0)    1
    (711615,0)    1
    (872966,0)    -1
    (1001873,0)    -1
    (1097739,0)    -1

iter 28, delta 0

  1134890x1 GraphBLAS double vector, sparse by col, ints: 32/32/32
  delta_vec, 16 entries, memory: 440 bytes

    (275,0)    1
    (544,0)    -1
    (570,0)    -1
    (587,0)    -1
    (599,0)    -1
    (627,0)    -1
    (23285,0)    -1
    (29734,0)    1
    (31494,0)    1
    (33458,0)    1
    (33540,0)    1
    (33838,0)    1
    (642636,0)    -1
    (711615,0)    -1
    (872966,0)    1
    (1001873,0)    1

iter 29, delta 0

  1134890x1 GraphBLAS double vector, sparse by col, ints: 32/32/32
  delta_vec, 14 entries, memory: 416 bytes

    (544,0)    1
    (570,0)    1
    (587,0)    1
    (599,0)    1
    (627,0)    1
    (29734,0)    -1
    (31494,0)    -1
    (33458,0)    -1
    (33540,0)    -1
    (33838,0)    -1
    (642636,0)    1
    (711614,0)    1
    (872966,0)    -1
    (1001873,0)    -1

iter 30, delta 0

  1134890x1 GraphBLAS double vector, sparse by col, ints: 32/32/32
  delta_vec, 14 entries, memory: 416 bytes

    (544,0)    -1
    (570,0)    -1
    (587,0)    -1
    (599,0)    -1
    (627,0)    -1
    (29734,0)    1
    (31494,0)    1
    (33458,0)    1
    (33540,0)    1
    (642636,0)    -1
    (649478,0)    1
    (711614,0)    -1
    (872966,0)    1
    (1001873,0)    1

iter 31, delta 0

  1134890x1 GraphBLAS double vector, sparse by col, ints: 32/32/32
  delta_vec, 14 entries, memory: 416 bytes

    (544,0)    1
    (570,0)    1
    (582,0)    1
    (587,0)    1
    (599,0)    1
    (627,0)    1
    (29734,0)    -1
    (31494,0)    -1
    (33458,0)    -1
    (33540,0)    -1
    (642636,0)    1
    (649478,0)    -1
    (872966,0)    -1
    (1001873,0)    -1

iter 32, delta 0

  1134890x1 GraphBLAS double vector, sparse by col, ints: 32/32/32
  delta_vec, 14 entries, memory: 416 bytes

    (544,0)    -1
    (570,0)    -1
    (582,0)    -1
    (587,0)    -1
    (599,0)    -1
    (627,0)    -1
    (29734,0)    1
    (31494,0)    1
    (33458,0)    1
    (33540,0)    1
    (33839,0)    1
    (642636,0)    -1
    (872966,0)    1
    (1001873,0)    1

iter 33, delta 0

  1134890x1 GraphBLAS double vector, sparse by col, ints: 32/32/32
  delta_vec, 14 entries, memory: 416 bytes

    (544,0)    1
    (570,0)    1
    (587,0)    1
    (599,0)    1
    (627,0)    1
    (29734,0)    -1
    (31494,0)    -1
    (33458,0)    -1
    (33540,0)    -1
    (33839,0)    -1
    (642636,0)    1
    (711615,0)    1
    (872966,0)    -1
    (1001873,0)    -1

iter 34, delta 0

  1134890x1 GraphBLAS double vector, sparse by col, ints: 32/32/32
  delta_vec, 14 entries, memory: 416 bytes

    (544,0)    -1
    (570,0)    -1
    (587,0)    -1
    (599,0)    -1
    (627,0)    -1
    (29734,0)    1
    (31494,0)    1
    (33458,0)    1
    (33540,0)    1
    (33838,0)    1
    (642636,0)    -1
    (711615,0)    -1
    (872966,0)    1
    (1001873,0)    1

iter 35, delta 0

  1134890x1 GraphBLAS double vector, sparse by col, ints: 32/32/32
  delta_vec, 14 entries, memory: 416 bytes

    (544,0)    1
    (570,0)    1
    (587,0)    1
    (599,0)    1
    (627,0)    1
    (29734,0)    -1
    (31494,0)    -1
    (33458,0)    -1
    (33540,0)    -1
    (33838,0)    -1
    (642636,0)    1
    (711614,0)    1
    (872966,0)    -1
    (1001873,0)    -1

iter 36, delta 0

  1134890x1 GraphBLAS double vector, sparse by col, ints: 32/32/32
  delta_vec, 14 entries, memory: 416 bytes

    (544,0)    -1
    (570,0)    -1
    (587,0)    -1
    (599,0)    -1
    (627,0)    -1
    (29734,0)    1
    (31494,0)    1
    (33458,0)    1
    (33540,0)    1
    (642636,0)    -1
    (649478,0)    1
    (711614,0)    -1
    (872966,0)    1
    (1001873,0)    1

iter 37, delta 0

  1134890x1 GraphBLAS double vector, sparse by col, ints: 32/32/32
  delta_vec, 14 entries, memory: 416 bytes

    (544,0)    1
    (570,0)    1
    (582,0)    1
    (587,0)    1
    (599,0)    1
    (627,0)    1
    (29734,0)    -1
    (31494,0)    -1
    (33458,0)    -1
    (33540,0)    -1
    (642636,0)    1
    (649478,0)    -1
    (872966,0)    -1
    (1001873,0)    -1

iter 38, delta 0

  1134890x1 GraphBLAS double vector, sparse by col, ints: 32/32/32
  delta_vec, 14 entries, memory: 416 bytes

    (544,0)    -1
    (570,0)    -1
    (582,0)    -1
    (587,0)    -1
    (599,0)    -1
    (627,0)    -1
    (29734,0)    1
    (31494,0)    1
    (33458,0)    1
    (33540,0)    1
    (33839,0)    1
    (642636,0)    -1
    (872966,0)    1
    (1001873,0)    1

iter 39, delta 0

  1134890x1 GraphBLAS double vector, sparse by col, ints: 32/32/32
  delta_vec, 14 entries, memory: 416 bytes

    (544,0)    1
    (570,0)    1
    (587,0)    1
    (599,0)    1
    (627,0)    1
    (29734,0)    -1
    (31494,0)    -1
    (33458,0)    -1
    (33540,0)    -1
    (33839,0)    -1
    (642636,0)    1
    (711615,0)    1
    (872966,0)    -1
    (1001873,0)    -1

iter 40, delta 0

  1134890x1 GraphBLAS double vector, sparse by col, ints: 32/32/32
  delta_vec, 14 entries, memory: 416 bytes

    (544,0)    -1
    (570,0)    -1
    (587,0)    -1
    (599,0)    -1
    (627,0)    -1
    (29734,0)    1
    (31494,0)    1
    (33458,0)    1
    (33540,0)    1
    (33838,0)    1
    (642636,0)    -1
    (711615,0)    -1
    (872966,0)    1
    (1001873,0)    1

iter 41, delta 0

  1134890x1 GraphBLAS double vector, sparse by col, ints: 32/32/32
  delta_vec, 14 entries, memory: 416 bytes

    (544,0)    1
    (570,0)    1
    (587,0)    1
    (599,0)    1
    (627,0)    1
    (29734,0)    -1
    (31494,0)    -1
    (33458,0)    -1
    (33540,0)    -1
    (33838,0)    -1
    (642636,0)    1
    (711614,0)    1
    (872966,0)    -1
    (1001873,0)    -1

iter 42, delta 0

  1134890x1 GraphBLAS double vector, sparse by col, ints: 32/32/32
  delta_vec, 14 entries, memory: 416 bytes

    (544,0)    -1
    (570,0)    -1
    (587,0)    -1
    (599,0)    -1
    (627,0)    -1
    (29734,0)    1
    (31494,0)    1
    (33458,0)    1
    (33540,0)    1
    (642636,0)    -1
    (649478,0)    1
    (711614,0)    -1
    (872966,0)    1
    (1001873,0)    1

iter 43, delta 0

  1134890x1 GraphBLAS double vector, sparse by col, ints: 32/32/32
  delta_vec, 14 entries, memory: 416 bytes

    (544,0)    1
    (570,0)    1
    (582,0)    1
    (587,0)    1
    (599,0)    1
    (627,0)    1
    (29734,0)    -1
    (31494,0)    -1
    (33458,0)    -1
    (33540,0)    -1
    (642636,0)    1
    (649478,0)    -1
    (872966,0)    -1
    (1001873,0)    -1

iter 44, delta 0

  1134890x1 GraphBLAS double vector, sparse by col, ints: 32/32/32
  delta_vec, 14 entries, memory: 416 bytes

    (544,0)    -1
    (570,0)    -1
    (582,0)    -1
    (587,0)    -1
    (599,0)    -1
    (627,0)    -1
    (29734,0)    1
    (31494,0)    1
    (33458,0)    1
    (33540,0)    1
    (33839,0)    1
    (642636,0)    -1
    (872966,0)    1
    (1001873,0)    1

iter 45, delta 0

  1134890x1 GraphBLAS double vector, sparse by col, ints: 32/32/32
  delta_vec, 14 entries, memory: 416 bytes

    (544,0)    1
    (570,0)    1
    (587,0)    1
    (599,0)    1
    (627,0)    1
    (29734,0)    -1
    (31494,0)    -1
    (33458,0)    -1
    (33540,0)    -1
    (33839,0)    -1
    (642636,0)    1
    (711615,0)    1
    (872966,0)    -1
    (1001873,0)    -1

iter 46, delta 0

  1134890x1 GraphBLAS double vector, sparse by col, ints: 32/32/32
  delta_vec, 14 entries, memory: 416 bytes

    (544,0)    -1
    (570,0)    -1
    (587,0)    -1
    (599,0)    -1
    (627,0)    -1
    (29734,0)    1
    (31494,0)    1
    (33458,0)    1
    (33540,0)    1
    (33838,0)    1
    (642636,0)    -1
    (711615,0)    -1
    (872966,0)    1
    (1001873,0)    1

iter 47, delta 0

  1134890x1 GraphBLAS double vector, sparse by col, ints: 32/32/32
  delta_vec, 14 entries, memory: 416 bytes

    (544,0)    1
    (570,0)    1
    (587,0)    1
    (599,0)    1
    (627,0)    1
    (29734,0)    -1
    (31494,0)    -1
    (33458,0)    -1
    (33540,0)    -1
    (33838,0)    -1
    (642636,0)    1
    (711614,0)    1
    (872966,0)    -1
    (1001873,0)    -1

iter 48, delta 0

  1134890x1 GraphBLAS double vector, sparse by col, ints: 32/32/32
  delta_vec, 14 entries, memory: 416 bytes

    (544,0)    -1
    (570,0)    -1
    (587,0)    -1
    (599,0)    -1
    (627,0)    -1
    (29734,0)    1
    (31494,0)    1
    (33458,0)    1
    (33540,0)    1
    (642636,0)    -1
    (649478,0)    1
    (711614,0)    -1
    (872966,0)    1
    (1001873,0)    1

iter 49, delta 0

  1134890x1 GraphBLAS double vector, sparse by col, ints: 32/32/32
  delta_vec, 14 entries, memory: 416 bytes

    (544,0)    1
    (570,0)    1
    (582,0)    1
    (587,0)    1
    (599,0)    1
    (627,0)    1
    (29734,0)    -1
    (31494,0)    -1
    (33458,0)    -1
    (33540,0)    -1
    (642636,0)    1
    (649478,0)    -1
    (872966,0)    -1
    (1001873,0)    -1

iter 50, delta 0

  1134890x1 GraphBLAS double vector, sparse by col, ints: 32/32/32
  delta_vec, 14 entries, memory: 416 bytes

    (544,0)    -1
    (570,0)    -1
    (582,0)    -1
    (587,0)    -1
    (599,0)    -1
    (627,0)    -1
    (29734,0)    1
    (31494,0)    1
    (33458,0)    1
    (33540,0)    1
    (33839,0)    1
    (642636,0)    -1
    (872966,0)    1
    (1001873,0)    1

iter 51, delta 0

  1134890x1 GraphBLAS double vector, sparse by col, ints: 32/32/32
  delta_vec, 14 entries, memory: 416 bytes

    (544,0)    1
    (570,0)    1
    (587,0)    1
    (599,0)    1
    (627,0)    1
    (29734,0)    -1
    (31494,0)    -1
    (33458,0)    -1
    (33540,0)    -1
    (33839,0)    -1
    (642636,0)    1
    (711615,0)    1
    (872966,0)    -1
    (1001873,0)    -1

iter 52, delta 0

  1134890x1 GraphBLAS double vector, sparse by col, ints: 32/32/32
  delta_vec, 14 entries, memory: 416 bytes

    (544,0)    -1
    (570,0)    -1
    (587,0)    -1
    (599,0)    -1
    (627,0)    -1
    (29734,0)    1
    (31494,0)    1
    (33458,0)    1
    (33540,0)    1
    (33838,0)    1
    (642636,0)    -1
    (711615,0)    -1
    (872966,0)    1
    (1001873,0)    1

iter 53, delta 0

  1134890x1 GraphBLAS double vector, sparse by col, ints: 32/32/32
  delta_vec, 14 entries, memory: 416 bytes

    (544,0)    1
    (570,0)    1
    (587,0)    1
    (599,0)    1
    (627,0)    1
    (29734,0)    -1
    (31494,0)    -1
    (33458,0)    -1
    (33540,0)    -1
    (33838,0)    -1
    (642636,0)    1
    (711614,0)    1
    (872966,0)    -1
    (1001873,0)    -1

iter 54, delta 0

  1134890x1 GraphBLAS double vector, sparse by col, ints: 32/32/32
  delta_vec, 14 entries, memory: 416 bytes

    (544,0)    -1
    (570,0)    -1
    (587,0)    -1
    (599,0)    -1
    (627,0)    -1
    (29734,0)    1
    (31494,0)    1
    (33458,0)    1
    (33540,0)    1
    (642636,0)    -1
    (649478,0)    1
    (711614,0)    -1
    (872966,0)    1
    (1001873,0)    1

iter 55, delta 0

  1134890x1 GraphBLAS double vector, sparse by col, ints: 32/32/32
  delta_vec, 14 entries, memory: 416 bytes

    (544,0)    1
    (570,0)    1
    (582,0)    1
    (587,0)    1
    (599,0)    1
    (627,0)    1
    (29734,0)    -1
    (31494,0)    -1
    (33458,0)    -1
    (33540,0)    -1
    (642636,0)    1
    (649478,0)    -1
    (872966,0)    -1
    (1001873,0)    -1

iter 56, delta 0

  1134890x1 GraphBLAS double vector, sparse by col, ints: 32/32/32
  delta_vec, 14 entries, memory: 416 bytes

    (544,0)    -1
    (570,0)    -1
    (582,0)    -1
    (587,0)    -1
    (599,0)    -1
    (627,0)    -1
    (29734,0)    1
    (31494,0)    1
    (33458,0)    1
    (33540,0)    1
    (33839,0)    1
    (642636,0)    -1
    (872966,0)    1
    (1001873,0)    1

iter 57, delta 0

  1134890x1 GraphBLAS double vector, sparse by col, ints: 32/32/32
  delta_vec, 14 entries, memory: 416 bytes

    (544,0)    1
    (570,0)    1
    (587,0)    1
    (599,0)    1
    (627,0)    1
    (29734,0)    -1
    (31494,0)    -1
    (33458,0)    -1
    (33540,0)    -1
    (33839,0)    -1
    (642636,0)    1
    (711615,0)    1
    (872966,0)    -1
    (1001873,0)    -1

iter 58, delta 0

  1134890x1 GraphBLAS double vector, sparse by col, ints: 32/32/32
  delta_vec, 14 entries, memory: 416 bytes

    (544,0)    -1
    (570,0)    -1
    (587,0)    -1
    (599,0)    -1
    (627,0)    -1
    (29734,0)    1
    (31494,0)    1
    (33458,0)    1
    (33540,0)    1
    (33838,0)    1
    (642636,0)    -1
    (711615,0)    -1
    (872966,0)    1
    (1001873,0)    1

iter 59, delta 0

  1134890x1 GraphBLAS double vector, sparse by col, ints: 32/32/32
  delta_vec, 14 entries, memory: 416 bytes

    (544,0)    1
    (570,0)    1
    (587,0)    1
    (599,0)    1
    (627,0)    1
    (29734,0)    -1
    (31494,0)    -1
    (33458,0)    -1
    (33540,0)    -1
    (33838,0)    -1
    (642636,0)    1
    (711614,0)    1
    (872966,0)    -1
    (1001873,0)    -1

iter 60, delta 0

  1134890x1 GraphBLAS double vector, sparse by col, ints: 32/32/32
  delta_vec, 14 entries, memory: 416 bytes

    (544,0)    -1
    (570,0)    -1
    (587,0)    -1
    (599,0)    -1
    (627,0)    -1
    (29734,0)    1
    (31494,0)    1
    (33458,0)    1
    (33540,0)    1
    (642636,0)    -1
    (649478,0)    1
    (711614,0)    -1
    (872966,0)    1
    (1001873,0)    1

iter 61, delta 0

  1134890x1 GraphBLAS double vector, sparse by col, ints: 32/32/32
  delta_vec, 14 entries, memory: 416 bytes

    (544,0)    1
    (570,0)    1
    (582,0)    1
    (587,0)    1
    (599,0)    1
    (627,0)    1
    (29734,0)    -1
    (31494,0)    -1
    (33458,0)    -1
    (33540,0)    -1
    (642636,0)    1
    (649478,0)    -1
    (872966,0)    -1
    (1001873,0)    -1

iter 62, delta 0

  1134890x1 GraphBLAS double vector, sparse by col, ints: 32/32/32
  delta_vec, 14 entries, memory: 416 bytes

    (544,0)    -1
    (570,0)    -1
    (582,0)    -1
    (587,0)    -1
    (599,0)    -1
    (627,0)    -1
    (29734,0)    1
    (31494,0)    1
    (33458,0)    1
    (33540,0)    1
    (33839,0)    1
    (642636,0)    -1
    (872966,0)    1
    (1001873,0)    1

iter 63, delta 0

  1134890x1 GraphBLAS double vector, sparse by col, ints: 32/32/32
  delta_vec, 14 entries, memory: 416 bytes

    (544,0)    1
    (570,0)    1
    (587,0)    1
    (599,0)    1
    (627,0)    1
    (29734,0)    -1
    (31494,0)    -1
    (33458,0)    -1
    (33540,0)    -1
    (33839,0)    -1
    (642636,0)    1
    (711615,0)    1
    (872966,0)    -1
    (1001873,0)    -1

iter 64, delta 0

  1134890x1 GraphBLAS double vector, sparse by col, ints: 32/32/32
  delta_vec, 14 entries, memory: 416 bytes

    (544,0)    -1
    (570,0)    -1
    (587,0)    -1
    (599,0)    -1
    (627,0)    -1
    (29734,0)    1
    (31494,0)    1
    (33458,0)    1
    (33540,0)    1
    (33838,0)    1
    (642636,0)    -1
    (711615,0)    -1
    (872966,0)    1
    (1001873,0)    1

iter 65, delta 0

  1134890x1 GraphBLAS double vector, sparse by col, ints: 32/32/32
  delta_vec, 14 entries, memory: 416 bytes

    (544,0)    1
    (570,0)    1
    (587,0)    1
    (599,0)    1
    (627,0)    1
    (29734,0)    -1
    (31494,0)    -1
    (33458,0)    -1
    (33540,0)    -1
    (33838,0)    -1
    (642636,0)    1
    (711614,0)    1
    (872966,0)    -1
    (1001873,0)    -1

iter 66, delta 0

  1134890x1 GraphBLAS double vector, sparse by col, ints: 32/32/32
  delta_vec, 14 entries, memory: 416 bytes

    (544,0)    -1
    (570,0)    -1
    (587,0)    -1
    (599,0)    -1
    (627,0)    -1
    (29734,0)    1
    (31494,0)    1
    (33458,0)    1
    (33540,0)    1
    (642636,0)    -1
    (649478,0)    1
    (711614,0)    -1
    (872966,0)    1
    (1001873,0)    1

iter 67, delta 0

  1134890x1 GraphBLAS double vector, sparse by col, ints: 32/32/32
  delta_vec, 14 entries, memory: 416 bytes

    (544,0)    1
    (570,0)    1
    (582,0)    1
    (587,0)    1
    (599,0)    1
    (627,0)    1
    (29734,0)    -1
    (31494,0)    -1
    (33458,0)    -1
    (33540,0)    -1
    (642636,0)    1
    (649478,0)    -1
    (872966,0)    -1
    (1001873,0)    -1

iter 68, delta 0

  1134890x1 GraphBLAS double vector, sparse by col, ints: 32/32/32
  delta_vec, 14 entries, memory: 416 bytes

    (544,0)    -1
    (570,0)    -1
    (582,0)    -1
    (587,0)    -1
    (599,0)    -1
    (627,0)    -1
    (29734,0)    1
    (31494,0)    1
    (33458,0)    1
    (33540,0)    1
    (33839,0)    1
    (642636,0)    -1
    (872966,0)    1
    (1001873,0)    1

iter 69, delta 0

  1134890x1 GraphBLAS double vector, sparse by col, ints: 32/32/32
  delta_vec, 14 entries, memory: 416 bytes

    (544,0)    1
    (570,0)    1
    (587,0)    1
    (599,0)    1
    (627,0)    1
    (29734,0)    -1
    (31494,0)    -1
    (33458,0)    -1
    (33540,0)    -1
    (33839,0)    -1
    (642636,0)    1
    (711615,0)    1
    (872966,0)    -1
    (1001873,0)    -1

iter 70, delta 0

  1134890x1 GraphBLAS double vector, sparse by col, ints: 32/32/32
  delta_vec, 14 entries, memory: 416 bytes

    (544,0)    -1
    (570,0)    -1
    (587,0)    -1
    (599,0)    -1
    (627,0)    -1
    (29734,0)    1
    (31494,0)    1
    (33458,0)    1
    (33540,0)    1
    (33838,0)    1
    (642636,0)    -1
    (711615,0)    -1
    (872966,0)    1
    (1001873,0)    1

iter 71, delta 0

  1134890x1 GraphBLAS double vector, sparse by col, ints: 32/32/32
  delta_vec, 14 entries, memory: 416 bytes

    (544,0)    1
    (570,0)    1
    (587,0)    1
    (599,0)    1
    (627,0)    1
    (29734,0)    -1
    (31494,0)    -1
    (33458,0)    -1
    (33540,0)    -1
    (33838,0)    -1
    (642636,0)    1
    (711614,0)    1
    (872966,0)    -1
    (1001873,0)    -1

iter 72, delta 0

  1134890x1 GraphBLAS double vector, sparse by col, ints: 32/32/32
  delta_vec, 14 entries, memory: 416 bytes

    (544,0)    -1
    (570,0)    -1
    (587,0)    -1
    (599,0)    -1
    (627,0)    -1
    (29734,0)    1
    (31494,0)    1
    (33458,0)    1
    (33540,0)    1
    (642636,0)    -1
    (649478,0)    1
    (711614,0)    -1
    (872966,0)    1
    (1001873,0)    1

iter 73, delta 0

  1134890x1 GraphBLAS double vector, sparse by col, ints: 32/32/32
  delta_vec, 14 entries, memory: 416 bytes

    (544,0)    1
    (570,0)    1
    (582,0)    1
    (587,0)    1
    (599,0)    1
    (627,0)    1
    (29734,0)    -1
    (31494,0)    -1
    (33458,0)    -1
    (33540,0)    -1
    (642636,0)    1
    (649478,0)    -1
    (872966,0)    -1
    (1001873,0)    -1

iter 74, delta 0

  1134890x1 GraphBLAS double vector, sparse by col, ints: 32/32/32
  delta_vec, 14 entries, memory: 416 bytes

    (544,0)    -1
    (570,0)    -1
    (582,0)    -1
    (587,0)    -1
    (599,0)    -1
    (627,0)    -1
    (29734,0)    1
    (31494,0)    1
    (33458,0)    1
    (33540,0)    1
    (33839,0)    1
    (642636,0)    -1
    (872966,0)    1
    (1001873,0)    1

iter 75, delta 0

  1134890x1 GraphBLAS double vector, sparse by col, ints: 32/32/32
  delta_vec, 14 entries, memory: 416 bytes

    (544,0)    1
    (570,0)    1
    (587,0)    1
    (599,0)    1
    (627,0)    1
    (29734,0)    -1
    (31494,0)    -1
    (33458,0)    -1
    (33540,0)    -1
    (33839,0)    -1
    (642636,0)    1
    (711615,0)    1
    (872966,0)    -1
    (1001873,0)    -1

iter 76, delta 0

  1134890x1 GraphBLAS double vector, sparse by col, ints: 32/32/32
  delta_vec, 14 entries, memory: 416 bytes

    (544,0)    -1
    (570,0)    -1
    (587,0)    -1
    (599,0)    -1
    (627,0)    -1
    (29734,0)    1
    (31494,0)    1
    (33458,0)    1
    (33540,0)    1
    (33838,0)    1
    (642636,0)    -1
    (711615,0)    -1
    (872966,0)    1
    (1001873,0)    1

iter 77, delta 0

  1134890x1 GraphBLAS double vector, sparse by col, ints: 32/32/32
  delta_vec, 14 entries, memory: 416 bytes

    (544,0)    1
    (570,0)    1
    (587,0)    1
    (599,0)    1
    (627,0)    1
    (29734,0)    -1
    (31494,0)    -1
    (33458,0)    -1
    (33540,0)    -1
    (33838,0)    -1
    (642636,0)    1
    (711614,0)    1
    (872966,0)    -1
    (1001873,0)    -1

iter 78, delta 0

  1134890x1 GraphBLAS double vector, sparse by col, ints: 32/32/32
  delta_vec, 14 entries, memory: 416 bytes

    (544,0)    -1
    (570,0)    -1
    (587,0)    -1
    (599,0)    -1
    (627,0)    -1
    (29734,0)    1
    (31494,0)    1
    (33458,0)    1
    (33540,0)    1
    (642636,0)    -1
    (649478,0)    1
    (711614,0)    -1
    (872966,0)    1
    (1001873,0)    1

iter 79, delta 0

  1134890x1 GraphBLAS double vector, sparse by col, ints: 32/32/32
  delta_vec, 14 entries, memory: 416 bytes

    (544,0)    1
    (570,0)    1
    (582,0)    1
    (587,0)    1
    (599,0)    1
    (627,0)    1
    (29734,0)    -1
    (31494,0)    -1
    (33458,0)    -1
    (33540,0)    -1
    (642636,0)    1
    (649478,0)    -1
    (872966,0)    -1
    (1001873,0)    -1

iter 80, delta 0

  1134890x1 GraphBLAS double vector, sparse by col, ints: 32/32/32
  delta_vec, 14 entries, memory: 416 bytes

    (544,0)    -1
    (570,0)    -1
    (582,0)    -1
    (587,0)    -1
    (599,0)    -1
    (627,0)    -1
    (29734,0)    1
    (31494,0)    1
    (33458,0)    1
    (33540,0)    1
    (33839,0)    1
    (642636,0)    -1
    (872966,0)    1
    (1001873,0)    1

iter 81, delta 0

  1134890x1 GraphBLAS double vector, sparse by col, ints: 32/32/32
  delta_vec, 14 entries, memory: 416 bytes

    (544,0)    1
    (570,0)    1
    (587,0)    1
    (599,0)    1
    (627,0)    1
    (29734,0)    -1
    (31494,0)    -1
    (33458,0)    -1
    (33540,0)    -1
    (33839,0)    -1
    (642636,0)    1
    (711615,0)    1
    (872966,0)    -1
    (1001873,0)    -1

iter 82, delta 0

  1134890x1 GraphBLAS double vector, sparse by col, ints: 32/32/32
  delta_vec, 14 entries, memory: 416 bytes

    (544,0)    -1
    (570,0)    -1
    (587,0)    -1
    (599,0)    -1
    (627,0)    -1
    (29734,0)    1
    (31494,0)    1
    (33458,0)    1
    (33540,0)    1
    (33838,0)    1
    (642636,0)    -1
    (711615,0)    -1
    (872966,0)    1
    (1001873,0)    1

iter 83, delta 0

  1134890x1 GraphBLAS double vector, sparse by col, ints: 32/32/32
  delta_vec, 14 entries, memory: 416 bytes

    (544,0)    1
    (570,0)    1
    (587,0)    1
    (599,0)    1
    (627,0)    1
    (29734,0)    -1
    (31494,0)    -1
    (33458,0)    -1
    (33540,0)    -1
    (33838,0)    -1
    (642636,0)    1
    (711614,0)    1
    (872966,0)    -1
    (1001873,0)    -1

iter 84, delta 0

  1134890x1 GraphBLAS double vector, sparse by col, ints: 32/32/32
  delta_vec, 14 entries, memory: 416 bytes

    (544,0)    -1
    (570,0)    -1
    (587,0)    -1
    (599,0)    -1
    (627,0)    -1
    (29734,0)    1
    (31494,0)    1
    (33458,0)    1
    (33540,0)    1
    (642636,0)    -1
    (649478,0)    1
    (711614,0)    -1
    (872966,0)    1
    (1001873,0)    1

iter 85, delta 0

  1134890x1 GraphBLAS double vector, sparse by col, ints: 32/32/32
  delta_vec, 14 entries, memory: 416 bytes

    (544,0)    1
    (570,0)    1
    (582,0)    1
    (587,0)    1
    (599,0)    1
    (627,0)    1
    (29734,0)    -1
    (31494,0)    -1
    (33458,0)    -1
    (33540,0)    -1
    (642636,0)    1
    (649478,0)    -1
    (872966,0)    -1
    (1001873,0)    -1

iter 86, delta 0

  1134890x1 GraphBLAS double vector, sparse by col, ints: 32/32/32
  delta_vec, 14 entries, memory: 416 bytes

    (544,0)    -1
    (570,0)    -1
    (582,0)    -1
    (587,0)    -1
    (599,0)    -1
    (627,0)    -1
    (29734,0)    1
    (31494,0)    1
    (33458,0)    1
    (33540,0)    1
    (33839,0)    1
    (642636,0)    -1
    (872966,0)    1
    (1001873,0)    1

iter 87, delta 0

  1134890x1 GraphBLAS double vector, sparse by col, ints: 32/32/32
  delta_vec, 14 entries, memory: 416 bytes

    (544,0)    1
    (570,0)    1
    (587,0)    1
    (599,0)    1
    (627,0)    1
    (29734,0)    -1
    (31494,0)    -1
    (33458,0)    -1
    (33540,0)    -1
    (33839,0)    -1
    (642636,0)    1
    (711615,0)    1
    (872966,0)    -1
    (1001873,0)    -1

iter 88, delta 0

  1134890x1 GraphBLAS double vector, sparse by col, ints: 32/32/32
  delta_vec, 14 entries, memory: 416 bytes

    (544,0)    -1
    (570,0)    -1
    (587,0)    -1
    (599,0)    -1
    (627,0)    -1
    (29734,0)    1
    (31494,0)    1
    (33458,0)    1
    (33540,0)    1
    (33838,0)    1
    (642636,0)    -1
    (711615,0)    -1
    (872966,0)    1
    (1001873,0)    1

iter 89, delta 0

  1134890x1 GraphBLAS double vector, sparse by col, ints: 32/32/32
  delta_vec, 14 entries, memory: 416 bytes

    (544,0)    1
    (570,0)    1
    (587,0)    1
    (599,0)    1
    (627,0)    1
    (29734,0)    -1
    (31494,0)    -1
    (33458,0)    -1
    (33540,0)    -1
    (33838,0)    -1
    (642636,0)    1
    (711614,0)    1
    (872966,0)    -1
    (1001873,0)    -1

iter 90, delta 0

  1134890x1 GraphBLAS double vector, sparse by col, ints: 32/32/32
  delta_vec, 14 entries, memory: 416 bytes

    (544,0)    -1
    (570,0)    -1
    (587,0)    -1
    (599,0)    -1
    (627,0)    -1
    (29734,0)    1
    (31494,0)    1
    (33458,0)    1
    (33540,0)    1
    (642636,0)    -1
    (649478,0)    1
    (711614,0)    -1
    (872966,0)    1
    (1001873,0)    1

iter 91, delta 0

  1134890x1 GraphBLAS double vector, sparse by col, ints: 32/32/32
  delta_vec, 14 entries, memory: 416 bytes

    (544,0)    1
    (570,0)    1
    (582,0)    1
    (587,0)    1
    (599,0)    1
    (627,0)    1
    (29734,0)    -1
    (31494,0)    -1
    (33458,0)    -1
    (33540,0)    -1
    (642636,0)    1
    (649478,0)    -1
    (872966,0)    -1
    (1001873,0)    -1

iter 92, delta 0

  1134890x1 GraphBLAS double vector, sparse by col, ints: 32/32/32
  delta_vec, 14 entries, memory: 416 bytes

    (544,0)    -1
    (570,0)    -1
    (582,0)    -1
    (587,0)    -1
    (599,0)    -1
    (627,0)    -1
    (29734,0)    1
    (31494,0)    1
    (33458,0)    1
    (33540,0)    1
    (33839,0)    1
    (642636,0)    -1
    (872966,0)    1
    (1001873,0)    1

iter 93, delta 0

  1134890x1 GraphBLAS double vector, sparse by col, ints: 32/32/32
  delta_vec, 14 entries, memory: 416 bytes

    (544,0)    1
    (570,0)    1
    (587,0)    1
    (599,0)    1
    (627,0)    1
    (29734,0)    -1
    (31494,0)    -1
    (33458,0)    -1
    (33540,0)    -1
    (33839,0)    -1
    (642636,0)    1
    (711615,0)    1
    (872966,0)    -1
    (1001873,0)    -1

iter 94, delta 0

  1134890x1 GraphBLAS double vector, sparse by col, ints: 32/32/32
  delta_vec, 14 entries, memory: 416 bytes

    (544,0)    -1
    (570,0)    -1
    (587,0)    -1
    (599,0)    -1
    (627,0)    -1
    (29734,0)    1
    (31494,0)    1
    (33458,0)    1
    (33540,0)    1
    (33838,0)    1
    (642636,0)    -1
    (711615,0)    -1
    (872966,0)    1
    (1001873,0)    1

iter 95, delta 0

  1134890x1 GraphBLAS double vector, sparse by col, ints: 32/32/32
  delta_vec, 14 entries, memory: 416 bytes

    (544,0)    1
    (570,0)    1
    (587,0)    1
    (599,0)    1
    (627,0)    1
    (29734,0)    -1
    (31494,0)    -1
    (33458,0)    -1
    (33540,0)    -1
    (33838,0)    -1
    (642636,0)    1
    (711614,0)    1
    (872966,0)    -1
    (1001873,0)    -1

iter 96, delta 0

  1134890x1 GraphBLAS double vector, sparse by col, ints: 32/32/32
  delta_vec, 14 entries, memory: 416 bytes

    (544,0)    -1
    (570,0)    -1
    (587,0)    -1
    (599,0)    -1
    (627,0)    -1
    (29734,0)    1
    (31494,0)    1
    (33458,0)    1
    (33540,0)    1
    (642636,0)    -1
    (649478,0)    1
    (711614,0)    -1
    (872966,0)    1
    (1001873,0)    1

iter 97, delta 0

  1134890x1 GraphBLAS double vector, sparse by col, ints: 32/32/32
  delta_vec, 14 entries, memory: 416 bytes

    (544,0)    1
    (570,0)    1
    (582,0)    1
    (587,0)    1
    (599,0)    1
    (627,0)    1
    (29734,0)    -1
    (31494,0)    -1
    (33458,0)    -1
    (33540,0)    -1
    (642636,0)    1
    (649478,0)    -1
    (872966,0)    -1
    (1001873,0)    -1

iter 98, delta 0

  1134890x1 GraphBLAS double vector, sparse by col, ints: 32/32/32
  delta_vec, 14 entries, memory: 416 bytes

    (544,0)    -1
    (570,0)    -1
    (582,0)    -1
    (587,0)    -1
    (599,0)    -1
    (627,0)    -1
    (29734,0)    1
    (31494,0)    1
    (33458,0)    1
    (33540,0)    1
    (33839,0)    1
    (642636,0)    -1
    (872966,0)    1
    (1001873,0)    1

iter 99, delta 0

  1134890x1 GraphBLAS double vector, sparse by col, ints: 32/32/32
  delta_vec, 14 entries, memory: 416 bytes

    (544,0)    1
    (570,0)    1
    (587,0)    1
    (599,0)    1
    (627,0)    1
    (29734,0)    -1
    (31494,0)    -1
    (33458,0)    -1
    (33540,0)    -1
    (33839,0)    -1
    (642636,0)    1
    (711615,0)    1
    (872966,0)    -1
    (1001873,0)    -1

iter 100, delta 0

  1134890x1 GraphBLAS double vector, sparse by col, ints: 32/32/32
  delta_vec, 14 entries, memory: 416 bytes

    (544,0)    -1
    (570,0)    -1
    (587,0)    -1
    (599,0)    -1
    (627,0)    -1
    (29734,0)    1
    (31494,0)    1
    (33458,0)    1
    (33540,0)    1
    (33838,0)    1
    (642636,0)    -1
    (711615,0)    -1
    (872966,0)    1
    (1001873,0)    1

iter 101, delta 0

  1134890x1 GraphBLAS double vector, sparse by col, ints: 32/32/32
  delta_vec, 14 entries, memory: 416 bytes

    (544,0)    1
    (570,0)    1
    (587,0)    1
    (599,0)    1
    (627,0)    1
    (29734,0)    -1
    (31494,0)    -1
    (33458,0)    -1
    (33540,0)    -1
    (33838,0)    -1
    (642636,0)    1
    (711614,0)    1
    (872966,0)    -1
    (1001873,0)    -1

iter 102, delta 0

  1134890x1 GraphBLAS double vector, sparse by col, ints: 32/32/32
  delta_vec, 14 entries, memory: 416 bytes

    (544,0)    -1
    (570,0)    -1
    (587,0)    -1
    (599,0)    -1
    (627,0)    -1
    (29734,0)    1
    (31494,0)    1
    (33458,0)    1
    (33540,0)    1
    (642636,0)    -1
    (649478,0)    1
    (711614,0)    -1
    (872966,0)    1
    (1001873,0)    1

iter 103, delta 0

  1134890x1 GraphBLAS double vector, sparse by col, ints: 32/32/32
  delta_vec, 14 entries, memory: 416 bytes

    (544,0)    1
    (570,0)    1
    (582,0)    1
    (587,0)    1
    (599,0)    1
    (627,0)    1
    (29734,0)    -1
    (31494,0)    -1
    (33458,0)    -1
    (33540,0)    -1
    (642636,0)    1
    (649478,0)    -1
    (872966,0)    -1
    (1001873,0)    -1

iter 104, delta 0

  1134890x1 GraphBLAS double vector, sparse by col, ints: 32/32/32
  delta_vec, 14 entries, memory: 416 bytes

    (544,0)    -1
    (570,0)    -1
    (582,0)    -1
    (587,0)    -1
    (599,0)    -1
    (627,0)    -1
    (29734,0)    1
    (31494,0)    1
    (33458,0)    1
    (33540,0)    1
    (33839,0)    1
    (642636,0)    -1
    (872966,0)    1
    (1001873,0)    1

iter 105, delta 0

  1134890x1 GraphBLAS double vector, sparse by col, ints: 32/32/32
  delta_vec, 14 entries, memory: 416 bytes

    (544,0)    1
    (570,0)    1
    (587,0)    1
    (599,0)    1
    (627,0)    1
    (29734,0)    -1
    (31494,0)    -1
    (33458,0)    -1
    (33540,0)    -1
    (33839,0)    -1
    (642636,0)    1
    (711615,0)    1
    (872966,0)    -1
    (1001873,0)    -1

iter 106, delta 0

  1134890x1 GraphBLAS double vector, sparse by col, ints: 32/32/32
  delta_vec, 14 entries, memory: 416 bytes

    (544,0)    -1
    (570,0)    -1
    (587,0)    -1
    (599,0)    -1
    (627,0)    -1
    (29734,0)    1
    (31494,0)    1
    (33458,0)    1
    (33540,0)    1
    (33838,0)    1
    (642636,0)    -1
    (711615,0)    -1
    (872966,0)    1
    (1001873,0)    1

iter 107, delta 0

  1134890x1 GraphBLAS double vector, sparse by col, ints: 32/32/32
  delta_vec, 14 entries, memory: 416 bytes

    (544,0)    1
    (570,0)    1
    (587,0)    1
    (599,0)    1
    (627,0)    1
    (29734,0)    -1
    (31494,0)    -1
    (33458,0)    -1
    (33540,0)    -1
    (33838,0)    -1
    (642636,0)    1
    (711614,0)    1
    (872966,0)    -1
    (1001873,0)    -1

iter 108, delta 0

  1134890x1 GraphBLAS double vector, sparse by col, ints: 32/32/32
  delta_vec, 14 entries, memory: 416 bytes

    (544,0)    -1
    (570,0)    -1
    (587,0)    -1
    (599,0)    -1
    (627,0)    -1
    (29734,0)    1
    (31494,0)    1
    (33458,0)    1
    (33540,0)    1
    (642636,0)    -1
    (649478,0)    1
    (711614,0)    -1
    (872966,0)    1
    (1001873,0)    1

iter 109, delta 0

  1134890x1 GraphBLAS double vector, sparse by col, ints: 32/32/32
  delta_vec, 14 entries, memory: 416 bytes

    (544,0)    1
    (570,0)    1
    (582,0)    1
    (587,0)    1
    (599,0)    1
    (627,0)    1
    (29734,0)    -1
    (31494,0)    -1
    (33458,0)    -1
    (33540,0)    -1
    (642636,0)    1
    (649478,0)    -1
    (872966,0)    -1
    (1001873,0)    -1

iter 110, delta 0

  1134890x1 GraphBLAS double vector, sparse by col, ints: 32/32/32
  delta_vec, 14 entries, memory: 416 bytes

    (544,0)    -1
    (570,0)    -1
    (582,0)    -1
    (587,0)    -1
    (599,0)    -1
    (627,0)    -1
    (29734,0)    1
    (31494,0)    1
    (33458,0)    1
    (33540,0)    1
    (33839,0)    1
    (642636,0)    -1
    (872966,0)    1
    (1001873,0)    1

iter 111, delta 0

  1134890x1 GraphBLAS double vector, sparse by col, ints: 32/32/32
  delta_vec, 14 entries, memory: 416 bytes

    (544,0)    1
    (570,0)    1
    (587,0)    1
    (599,0)    1
    (627,0)    1
    (29734,0)    -1
    (31494,0)    -1
    (33458,0)    -1
    (33540,0)    -1
    (33839,0)    -1
    (642636,0)    1
    (711615,0)    1
    (872966,0)    -1
    (1001873,0)    -1

iter 112, delta 0

  1134890x1 GraphBLAS double vector, sparse by col, ints: 32/32/32
  delta_vec, 14 entries, memory: 416 bytes

    (544,0)    -1
    (570,0)    -1
    (587,0)    -1
    (599,0)    -1
    (627,0)    -1
    (29734,0)    1
    (31494,0)    1
    (33458,0)    1
    (33540,0)    1
    (33838,0)    1
    (642636,0)    -1
    (711615,0)    -1
    (872966,0)    1
    (1001873,0)    1

iter 113, delta 0

  1134890x1 GraphBLAS double vector, sparse by col, ints: 32/32/32
  delta_vec, 14 entries, memory: 416 bytes

    (544,0)    1
    (570,0)    1
    (587,0)    1
    (599,0)    1
    (627,0)    1
    (29734,0)    -1
    (31494,0)    -1
    (33458,0)    -1
    (33540,0)    -1
    (33838,0)    -1
    (642636,0)    1
    (711614,0)    1
    (872966,0)    -1
    (1001873,0)    -1

iter 114, delta 0

  1134890x1 GraphBLAS double vector, sparse by col, ints: 32/32/32
  delta_vec, 14 entries, memory: 416 bytes

    (544,0)    -1
    (570,0)    -1
    (587,0)    -1
    (599,0)    -1
    (627,0)    -1
    (29734,0)    1
    (31494,0)    1
    (33458,0)    1
    (33540,0)    1
    (642636,0)    -1
    (649478,0)    1
    (711614,0)    -1
    (872966,0)    1
    (1001873,0)    1

iter 115, delta 0

  1134890x1 GraphBLAS double vector, sparse by col, ints: 32/32/32
  delta_vec, 14 entries, memory: 416 bytes

    (544,0)    1
    (570,0)    1
    (582,0)    1
    (587,0)    1
    (599,0)    1
    (627,0)    1
    (29734,0)    -1
    (31494,0)    -1
    (33458,0)    -1
    (33540,0)    -1
    (642636,0)    1
    (649478,0)    -1
    (872966,0)    -1
    (1001873,0)    -1

iter 116, delta 0

  1134890x1 GraphBLAS double vector, sparse by col, ints: 32/32/32
  delta_vec, 14 entries, memory: 416 bytes

    (544,0)    -1
    (570,0)    -1
    (582,0)    -1
    (587,0)    -1
    (599,0)    -1
    (627,0)    -1
    (29734,0)    1
    (31494,0)    1
    (33458,0)    1
    (33540,0)    1
    (33839,0)    1
    (642636,0)    -1
    (872966,0)    1
    (1001873,0)    1

iter 117, delta 0

  1134890x1 GraphBLAS double vector, sparse by col, ints: 32/32/32
  delta_vec, 14 entries, memory: 416 bytes

    (544,0)    1
    (570,0)    1
    (587,0)    1
    (599,0)    1
    (627,0)    1
    (29734,0)    -1
    (31494,0)    -1
    (33458,0)    -1
    (33540,0)    -1
    (33839,0)    -1
    (642636,0)    1
    (711615,0)    1
    (872966,0)    -1
    (1001873,0)    -1

iter 118, delta 0

  1134890x1 GraphBLAS double vector, sparse by col, ints: 32/32/32
  delta_vec, 14 entries, memory: 416 bytes

    (544,0)    -1
    (570,0)    -1
    (587,0)    -1
    (599,0)    -1
    (627,0)    -1
    (29734,0)    1
    (31494,0)    1
    (33458,0)    1
    (33540,0)    1
    (33838,0)    1
    (642636,0)    -1
    (711615,0)    -1
    (872966,0)    1
    (1001873,0)    1

iter 119, delta 0

  1134890x1 GraphBLAS double vector, sparse by col, ints: 32/32/32
  delta_vec, 14 entries, memory: 416 bytes

    (544,0)    1
    (570,0)    1
    (587,0)    1
    (599,0)    1
    (627,0)    1
    (29734,0)    -1
    (31494,0)    -1
    (33458,0)    -1
    (33540,0)    -1
    (33838,0)    -1
    (642636,0)    1
    (711614,0)    1
    (872966,0)    -1
    (1001873,0)    -1

iter 120, delta 0

  1134890x1 GraphBLAS double vector, sparse by col, ints: 32/32/32
  delta_vec, 14 entries, memory: 416 bytes

    (544,0)    -1
    (570,0)    -1
    (587,0)    -1
    (599,0)    -1
    (627,0)    -1
    (29734,0)    1
    (31494,0)    1
    (33458,0)    1
    (33540,0)    1
    (642636,0)    -1
    (649478,0)    1
    (711614,0)    -1
    (872966,0)    1
    (1001873,0)    1

iter 121, delta 0

  1134890x1 GraphBLAS double vector, sparse by col, ints: 32/32/32
  delta_vec, 14 entries, memory: 416 bytes

    (544,0)    1
    (570,0)    1
    (582,0)    1
    (587,0)    1
    (599,0)    1
    (627,0)    1
    (29734,0)    -1
    (31494,0)    -1
    (33458,0)    -1
    (33540,0)    -1
    (642636,0)    1
    (649478,0)    -1
    (872966,0)    -1
    (1001873,0)    -1

iter 122, delta 0

  1134890x1 GraphBLAS double vector, sparse by col, ints: 32/32/32
  delta_vec, 14 entries, memory: 416 bytes

    (544,0)    -1
    (570,0)    -1
    (582,0)    -1
    (587,0)    -1
    (599,0)    -1
    (627,0)    -1
    (29734,0)    1
    (31494,0)    1
    (33458,0)    1
    (33540,0)    1
    (33839,0)    1
    (642636,0)    -1
    (872966,0)    1
    (1001873,0)    1

iter 123, delta 0

  1134890x1 GraphBLAS double vector, sparse by col, ints: 32/32/32
  delta_vec, 14 entries, memory: 416 bytes

    (544,0)    1
    (570,0)    1
    (587,0)    1
    (599,0)    1
    (627,0)    1
    (29734,0)    -1
    (31494,0)    -1
    (33458,0)    -1
    (33540,0)    -1
    (33839,0)    -1
    (642636,0)    1
    (711615,0)    1
    (872966,0)    -1
    (1001873,0)    -1

iter 124, delta 0

  1134890x1 GraphBLAS double vector, sparse by col, ints: 32/32/32
  delta_vec, 14 entries, memory: 416 bytes

    (544,0)    -1
    (570,0)    -1
    (587,0)    -1
    (599,0)    -1
    (627,0)    -1
    (29734,0)    1
    (31494,0)    1
    (33458,0)    1
    (33540,0)    1
    (33838,0)    1
    (642636,0)    -1
    (711615,0)    -1
    (872966,0)    1
    (1001873,0)    1

iter 125, delta 0

  1134890x1 GraphBLAS double vector, sparse by col, ints: 32/32/32
  delta_vec, 14 entries, memory: 416 bytes

    (544,0)    1
    (570,0)    1
    (587,0)    1
    (599,0)    1
    (627,0)    1
    (29734,0)    -1
    (31494,0)    -1
    (33458,0)    -1
    (33540,0)    -1
    (33838,0)    -1
    (642636,0)    1
    (711614,0)    1
    (872966,0)    -1
    (1001873,0)    -1

iter 126, delta 0

  1134890x1 GraphBLAS double vector, sparse by col, ints: 32/32/32
  delta_vec, 14 entries, memory: 416 bytes

    (544,0)    -1
    (570,0)    -1
    (587,0)    -1
    (599,0)    -1
    (627,0)    -1
    (29734,0)    1
    (31494,0)    1
    (33458,0)    1
    (33540,0)    1
    (642636,0)    -1
    (649478,0)    1
    (711614,0)    -1
    (872966,0)    1
    (1001873,0)    1

iter 127, delta 0

  1134890x1 GraphBLAS double vector, sparse by col, ints: 32/32/32
  delta_vec, 14 entries, memory: 416 bytes

    (544,0)    1
    (570,0)    1
    (582,0)    1
    (587,0)    1
    (599,0)    1
    (627,0)    1
    (29734,0)    -1
    (31494,0)    -1
    (33458,0)    -1
    (33540,0)    -1
    (642636,0)    1
    (649478,0)    -1
    (872966,0)    -1
    (1001873,0)    -1

iter 128, delta 0

  1134890x1 GraphBLAS double vector, sparse by col, ints: 32/32/32
  delta_vec, 14 entries, memory: 416 bytes

    (544,0)    -1
    (570,0)    -1
    (582,0)    -1
    (587,0)    -1
    (599,0)    -1
    (627,0)    -1
    (29734,0)    1
    (31494,0)    1
    (33458,0)    1
    (33540,0)    1
    (33839,0)    1
    (642636,0)    -1
    (872966,0)    1
    (1001873,0)    1

iter 129, delta 0

  1134890x1 GraphBLAS double vector, sparse by col, ints: 32/32/32
  delta_vec, 14 entries, memory: 416 bytes

    (544,0)    1
    (570,0)    1
    (587,0)    1
    (599,0)    1
    (627,0)    1
    (29734,0)    -1
    (31494,0)    -1
    (33458,0)    -1
    (33540,0)    -1
    (33839,0)    -1
    (642636,0)    1
    (711615,0)    1
    (872966,0)    -1
    (1001873,0)    -1

iter 130, delta 0

  1134890x1 GraphBLAS double vector, sparse by col, ints: 32/32/32
  delta_vec, 14 entries, memory: 416 bytes

    (544,0)    -1
    (570,0)    -1
    (587,0)    -1
    (599,0)    -1
    (627,0)    -1
    (29734,0)    1
    (31494,0)    1
    (33458,0)    1
    (33540,0)    1
    (33838,0)    1
    (642636,0)    -1
    (711615,0)    -1
    (872966,0)    1
    (1001873,0)    1

iter 131, delta 0

  1134890x1 GraphBLAS double vector, sparse by col, ints: 32/32/32
  delta_vec, 14 entries, memory: 416 bytes

    (544,0)    1
    (570,0)    1
    (587,0)    1
    (599,0)    1
    (627,0)    1
    (29734,0)    -1
    (31494,0)    -1
    (33458,0)    -1
    (33540,0)    -1
    (33838,0)    -1
    (642636,0)    1
    (711614,0)    1
    (872966,0)    -1
    (1001873,0)    -1

iter 132, delta 0

  1134890x1 GraphBLAS double vector, sparse by col, ints: 32/32/32
  delta_vec, 14 entries, memory: 416 bytes

    (544,0)    -1
    (570,0)    -1
    (587,0)    -1
    (599,0)    -1
    (627,0)    -1
    (29734,0)    1
    (31494,0)    1
    (33458,0)    1
    (33540,0)    1
    (642636,0)    -1
    (649478,0)    1
    (711614,0)    -1
    (872966,0)    1
    (1001873,0)    1

iter 133, delta 0

  1134890x1 GraphBLAS double vector, sparse by col, ints: 32/32/32
  delta_vec, 14 entries, memory: 416 bytes

    (544,0)    1
    (570,0)    1
    (582,0)    1
    (587,0)    1
    (599,0)    1
    (627,0)    1
    (29734,0)    -1
    (31494,0)    -1
    (33458,0)    -1
    (33540,0)    -1
    (642636,0)    1
    (649478,0)    -1
    (872966,0)    -1
    (1001873,0)    -1

iter 134, delta 0

  1134890x1 GraphBLAS double vector, sparse by col, ints: 32/32/32
  delta_vec, 14 entries, memory: 416 bytes

    (544,0)    -1
    (570,0)    -1
    (582,0)    -1
    (587,0)    -1
    (599,0)    -1
    (627,0)    -1
    (29734,0)    1
    (31494,0)    1
    (33458,0)    1
    (33540,0)    1
    (33839,0)    1
    (642636,0)    -1
    (872966,0)    1
    (1001873,0)    1

iter 135, delta 0

  1134890x1 GraphBLAS double vector, sparse by col, ints: 32/32/32
  delta_vec, 14 entries, memory: 416 bytes

    (544,0)    1
    (570,0)    1
    (587,0)    1
    (599,0)    1
    (627,0)    1
    (29734,0)    -1
    (31494,0)    -1
    (33458,0)    -1
    (33540,0)    -1
    (33839,0)    -1
    (642636,0)    1
    (711615,0)    1
    (872966,0)    -1
    (1001873,0)    -1

iter 136, delta 0

  1134890x1 GraphBLAS double vector, sparse by col, ints: 32/32/32
  delta_vec, 14 entries, memory: 416 bytes

    (544,0)    -1
    (570,0)    -1
    (587,0)    -1
    (599,0)    -1
    (627,0)    -1
    (29734,0)    1
    (31494,0)    1
    (33458,0)    1
    (33540,0)    1
    (33838,0)    1
    (642636,0)    -1
    (711615,0)    -1
    (872966,0)    1
    (1001873,0)    1

iter 137, delta 0

  1134890x1 GraphBLAS double vector, sparse by col, ints: 32/32/32
  delta_vec, 14 entries, memory: 416 bytes

    (544,0)    1
    (570,0)    1
    (587,0)    1
    (599,0)    1
    (627,0)    1
    (29734,0)    -1
    (31494,0)    -1
    (33458,0)    -1
    (33540,0)    -1
    (33838,0)    -1
    (642636,0)    1
    (711614,0)    1
    (872966,0)    -1
    (1001873,0)    -1

iter 138, delta 0

  1134890x1 GraphBLAS double vector, sparse by col, ints: 32/32/32
  delta_vec, 14 entries, memory: 416 bytes

    (544,0)    -1
    (570,0)    -1
    (587,0)    -1
    (599,0)    -1
    (627,0)    -1
    (29734,0)    1
    (31494,0)    1
    (33458,0)    1
    (33540,0)    1
    (642636,0)    -1
    (649478,0)    1
    (711614,0)    -1
    (872966,0)    1
    (1001873,0)    1

iter 139, delta 0

  1134890x1 GraphBLAS double vector, sparse by col, ints: 32/32/32
  delta_vec, 14 entries, memory: 416 bytes

    (544,0)    1
    (570,0)    1
    (582,0)    1
    (587,0)    1
    (599,0)    1
    (627,0)    1
    (29734,0)    -1
    (31494,0)    -1
    (33458,0)    -1
    (33540,0)    -1
    (642636,0)    1
    (649478,0)    -1
    (872966,0)    -1
    (1001873,0)    -1

iter 140, delta 0

  1134890x1 GraphBLAS double vector, sparse by col, ints: 32/32/32
  delta_vec, 14 entries, memory: 416 bytes

    (544,0)    -1
    (570,0)    -1
    (582,0)    -1
    (587,0)    -1
    (599,0)    -1
    (627,0)    -1
    (29734,0)    1
    (31494,0)    1
    (33458,0)    1
    (33540,0)    1
    (33839,0)    1
    (642636,0)    -1
    (872966,0)    1
    (1001873,0)    1

iter 141, delta 0

  1134890x1 GraphBLAS double vector, sparse by col, ints: 32/32/32
  delta_vec, 14 entries, memory: 416 bytes

    (544,0)    1
    (570,0)    1
    (587,0)    1
    (599,0)    1
    (627,0)    1
    (29734,0)    -1
    (31494,0)    -1
    (33458,0)    -1
    (33540,0)    -1
    (33839,0)    -1
    (642636,0)    1
    (711615,0)    1
    (872966,0)    -1
    (1001873,0)    -1

iter 142, delta 0

  1134890x1 GraphBLAS double vector, sparse by col, ints: 32/32/32
  delta_vec, 14 entries, memory: 416 bytes

    (544,0)    -1
    (570,0)    -1
    (587,0)    -1
    (599,0)    -1
    (627,0)    -1
    (29734,0)    1
    (31494,0)    1
    (33458,0)    1
    (33540,0)    1
    (33838,0)    1
    (642636,0)    -1
    (711615,0)    -1
    (872966,0)    1
    (1001873,0)    1

iter 143, delta 0

  1134890x1 GraphBLAS double vector, sparse by col, ints: 32/32/32
  delta_vec, 14 entries, memory: 416 bytes

    (544,0)    1
    (570,0)    1
    (587,0)    1
    (599,0)    1
    (627,0)    1
    (29734,0)    -1
    (31494,0)    -1
    (33458,0)    -1
    (33540,0)    -1
    (33838,0)    -1
    (642636,0)    1
    (711614,0)    1
    (872966,0)    -1
    (1001873,0)    -1

iter 144, delta 0

  1134890x1 GraphBLAS double vector, sparse by col, ints: 32/32/32
  delta_vec, 14 entries, memory: 416 bytes

    (544,0)    -1
    (570,0)    -1
    (587,0)    -1
    (599,0)    -1
    (627,0)    -1
    (29734,0)    1
    (31494,0)    1
    (33458,0)    1
    (33540,0)    1
    (642636,0)    -1
    (649478,0)    1
    (711614,0)    -1
    (872966,0)    1
    (1001873,0)    1

iter 145, delta 0

  1134890x1 GraphBLAS double vector, sparse by col, ints: 32/32/32
  delta_vec, 14 entries, memory: 416 bytes

    (544,0)    1
    (570,0)    1
    (582,0)    1
    (587,0)    1
    (599,0)    1
    (627,0)    1
    (29734,0)    -1
    (31494,0)    -1
    (33458,0)    -1
    (33540,0)    -1
    (642636,0)    1
    (649478,0)    -1
    (872966,0)    -1
    (1001873,0)    -1

iter 146, delta 0

  1134890x1 GraphBLAS double vector, sparse by col, ints: 32/32/32
  delta_vec, 14 entries, memory: 416 bytes

    (544,0)    -1
    (570,0)    -1
    (582,0)    -1
    (587,0)    -1
    (599,0)    -1
    (627,0)    -1
    (29734,0)    1
    (31494,0)    1
    (33458,0)    1
    (33540,0)    1
    (33839,0)    1
    (642636,0)    -1
    (872966,0)    1
    (1001873,0)    1

iter 147, delta 0

  1134890x1 GraphBLAS double vector, sparse by col, ints: 32/32/32
  delta_vec, 14 entries, memory: 416 bytes

    (544,0)    1
    (570,0)    1
    (587,0)    1
    (599,0)    1
    (627,0)    1
    (29734,0)    -1
    (31494,0)    -1
    (33458,0)    -1
    (33540,0)    -1
    (33839,0)    -1
    (642636,0)    1
    (711615,0)    1
    (872966,0)    -1
    (1001873,0)    -1

iter 148, delta 0

  1134890x1 GraphBLAS double vector, sparse by col, ints: 32/32/32
  delta_vec, 14 entries, memory: 416 bytes

    (544,0)    -1
    (570,0)    -1
    (587,0)    -1
    (599,0)    -1
    (627,0)    -1
    (29734,0)    1
    (31494,0)    1
    (33458,0)    1
    (33540,0)    1
    (33838,0)    1
    (642636,0)    -1
    (711615,0)    -1
    (872966,0)    1
    (1001873,0)    1

iter 149, delta 0

  1134890x1 GraphBLAS double vector, sparse by col, ints: 32/32/32
  delta_vec, 14 entries, memory: 416 bytes

    (544,0)    1
    (570,0)    1
    (587,0)    1
    (599,0)    1
    (627,0)    1
    (29734,0)    -1
    (31494,0)    -1
    (33458,0)    -1
    (33540,0)    -1
    (33838,0)    -1
    (642636,0)    1
    (711614,0)    1
    (872966,0)    -1
    (1001873,0)    -1

iter 150, delta 0

  1134890x1 GraphBLAS double vector, sparse by col, ints: 32/32/32
  delta_vec, 14 entries, memory: 416 bytes

    (544,0)    -1
    (570,0)    -1
    (587,0)    -1
    (599,0)    -1
    (627,0)    -1
    (29734,0)    1
    (31494,0)    1
    (33458,0)    1
    (33540,0)    1
    (642636,0)    -1
    (649478,0)    1
    (711614,0)    -1
    (872966,0)    1
    (1001873,0)    1

iter 151, delta 0

  1134890x1 GraphBLAS double vector, sparse by col, ints: 32/32/32
  delta_vec, 14 entries, memory: 416 bytes

    (544,0)    1
    (570,0)    1
    (582,0)    1
    (587,0)    1
    (599,0)    1
    (627,0)    1
    (29734,0)    -1
    (31494,0)    -1
    (33458,0)    -1
    (33540,0)    -1
    (642636,0)    1
    (649478,0)    -1
    (872966,0)    -1
    (1001873,0)    -1

iter 152, delta 0

  1134890x1 GraphBLAS double vector, sparse by col, ints: 32/32/32
  delta_vec, 14 entries, memory: 416 bytes

    (544,0)    -1
    (570,0)    -1
    (582,0)    -1
    (587,0)    -1
    (599,0)    -1
    (627,0)    -1
    (29734,0)    1
    (31494,0)    1
    (33458,0)    1
    (33540,0)    1
    (33839,0)    1
    (642636,0)    -1
    (872966,0)    1
    (1001873,0)    1

iter 153, delta 0

  1134890x1 GraphBLAS double vector, sparse by col, ints: 32/32/32
  delta_vec, 14 entries, memory: 416 bytes

    (544,0)    1
    (570,0)    1
    (587,0)    1
    (599,0)    1
    (627,0)    1
    (29734,0)    -1
    (31494,0)    -1
    (33458,0)    -1
    (33540,0)    -1
    (33839,0)    -1
    (642636,0)    1
    (711615,0)    1
    (872966,0)    -1
    (1001873,0)    -1

iter 154, delta 0

  1134890x1 GraphBLAS double vector, sparse by col, ints: 32/32/32
  delta_vec, 14 entries, memory: 416 bytes

    (544,0)    -1
    (570,0)    -1
    (587,0)    -1
    (599,0)    -1
    (627,0)    -1
    (29734,0)    1
    (31494,0)    1
    (33458,0)    1
    (33540,0)    1
    (33838,0)    1
    (642636,0)    -1
    (711615,0)    -1
    (872966,0)    1
    (1001873,0)    1

iter 155, delta 0

  1134890x1 GraphBLAS double vector, sparse by col, ints: 32/32/32
  delta_vec, 14 entries, memory: 416 bytes

    (544,0)    1
    (570,0)    1
    (587,0)    1
    (599,0)    1
    (627,0)    1
    (29734,0)    -1
    (31494,0)    -1
    (33458,0)    -1
    (33540,0)    -1
    (33838,0)    -1
    (642636,0)    1
    (711614,0)    1
    (872966,0)    -1
    (1001873,0)    -1

iter 156, delta 0

  1134890x1 GraphBLAS double vector, sparse by col, ints: 32/32/32
  delta_vec, 14 entries, memory: 416 bytes

    (544,0)    -1
    (570,0)    -1
    (587,0)    -1
    (599,0)    -1
    (627,0)    -1
    (29734,0)    1
    (31494,0)    1
    (33458,0)    1
    (33540,0)    1
    (642636,0)    -1
    (649478,0)    1
    (711614,0)    -1
    (872966,0)    1
    (1001873,0)    1

iter 157, delta 0

  1134890x1 GraphBLAS double vector, sparse by col, ints: 32/32/32
  delta_vec, 14 entries, memory: 416 bytes

    (544,0)    1
    (570,0)    1
    (582,0)    1
    (587,0)    1
    (599,0)    1
    (627,0)    1
    (29734,0)    -1
    (31494,0)    -1
    (33458,0)    -1
    (33540,0)    -1
    (642636,0)    1
    (649478,0)    -1
    (872966,0)    -1
    (1001873,0)    -1

iter 158, delta 0

  1134890x1 GraphBLAS double vector, sparse by col, ints: 32/32/32
  delta_vec, 14 entries, memory: 416 bytes

    (544,0)    -1
    (570,0)    -1
    (582,0)    -1
    (587,0)    -1
    (599,0)    -1
    (627,0)    -1
    (29734,0)    1
    (31494,0)    1
    (33458,0)    1
    (33540,0)    1
    (33839,0)    1
    (642636,0)    -1
    (872966,0)    1
    (1001873,0)    1

iter 159, delta 0

  1134890x1 GraphBLAS double vector, sparse by col, ints: 32/32/32
  delta_vec, 14 entries, memory: 416 bytes

    (544,0)    1
    (570,0)    1
    (587,0)    1
    (599,0)    1
    (627,0)    1
    (29734,0)    -1
    (31494,0)    -1
    (33458,0)    -1
    (33540,0)    -1
    (33839,0)    -1
    (642636,0)    1
    (711615,0)    1
    (872966,0)    -1
    (1001873,0)    -1

iter 160, delta 0

  1134890x1 GraphBLAS double vector, sparse by col, ints: 32/32/32
  delta_vec, 14 entries, memory: 416 bytes

    (544,0)    -1
    (570,0)    -1
    (587,0)    -1
    (599,0)    -1
    (627,0)    -1
    (29734,0)    1
    (31494,0)    1
    (33458,0)    1
    (33540,0)    1
    (33838,0)    1
    (642636,0)    -1
    (711615,0)    -1
    (872966,0)    1
    (1001873,0)    1

iter 161, delta 0

  1134890x1 GraphBLAS double vector, sparse by col, ints: 32/32/32
  delta_vec, 14 entries, memory: 416 bytes

    (544,0)    1
    (570,0)    1
    (587,0)    1
    (599,0)    1
    (627,0)    1
    (29734,0)    -1
    (31494,0)    -1
    (33458,0)    -1
    (33540,0)    -1
    (33838,0)    -1
    (642636,0)    1
    (711614,0)    1
    (872966,0)    -1
    (1001873,0)    -1

iter 162, delta 0

  1134890x1 GraphBLAS double vector, sparse by col, ints: 32/32/32
  delta_vec, 14 entries, memory: 416 bytes

    (544,0)    -1
    (570,0)    -1
    (587,0)    -1
    (599,0)    -1
    (627,0)    -1
    (29734,0)    1
    (31494,0)    1
    (33458,0)    1
    (33540,0)    1
    (642636,0)    -1
    (649478,0)    1
    (711614,0)    -1
    (872966,0)    1
    (1001873,0)    1

iter 163, delta 0

  1134890x1 GraphBLAS double vector, sparse by col, ints: 32/32/32
  delta_vec, 14 entries, memory: 416 bytes

    (544,0)    1
    (570,0)    1
    (582,0)    1
    (587,0)    1
    (599,0)    1
    (627,0)    1
    (29734,0)    -1
    (31494,0)    -1
    (33458,0)    -1
    (33540,0)    -1
    (642636,0)    1
    (649478,0)    -1
    (872966,0)    -1
    (1001873,0)    -1

iter 164, delta 0

  1134890x1 GraphBLAS double vector, sparse by col, ints: 32/32/32
  delta_vec, 14 entries, memory: 416 bytes

    (544,0)    -1
    (570,0)    -1
    (582,0)    -1
    (587,0)    -1
    (599,0)    -1
    (627,0)    -1
    (29734,0)    1
    (31494,0)    1
    (33458,0)    1
    (33540,0)    1
    (33839,0)    1
    (642636,0)    -1
    (872966,0)    1
    (1001873,0)    1

iter 165, delta 0

  1134890x1 GraphBLAS double vector, sparse by col, ints: 32/32/32
  delta_vec, 14 entries, memory: 416 bytes

    (544,0)    1
    (570,0)    1
    (587,0)    1
    (599,0)    1
    (627,0)    1
    (29734,0)    -1
    (31494,0)    -1
    (33458,0)    -1
    (33540,0)    -1
    (33839,0)    -1
    (642636,0)    1
    (711615,0)    1
    (872966,0)    -1
    (1001873,0)    -1

iter 166, delta 0

  1134890x1 GraphBLAS double vector, sparse by col, ints: 32/32/32
  delta_vec, 14 entries, memory: 416 bytes

    (544,0)    -1
    (570,0)    -1
    (587,0)    -1
    (599,0)    -1
    (627,0)    -1
    (29734,0)    1
    (31494,0)    1
    (33458,0)    1
    (33540,0)    1
    (33838,0)    1
    (642636,0)    -1
    (711615,0)    -1
    (872966,0)    1
    (1001873,0)    1

iter 167, delta 0

  1134890x1 GraphBLAS double vector, sparse by col, ints: 32/32/32
  delta_vec, 14 entries, memory: 416 bytes

    (544,0)    1
    (570,0)    1
    (587,0)    1
    (599,0)    1
    (627,0)    1
    (29734,0)    -1
    (31494,0)    -1
    (33458,0)    -1
    (33540,0)    -1
    (33838,0)    -1
    (642636,0)    1
    (711614,0)    1
    (872966,0)    -1
    (1001873,0)    -1

iter 168, delta 0

  1134890x1 GraphBLAS double vector, sparse by col, ints: 32/32/32
  delta_vec, 14 entries, memory: 416 bytes

    (544,0)    -1
    (570,0)    -1
    (587,0)    -1
    (599,0)    -1
    (627,0)    -1
    (29734,0)    1
    (31494,0)    1
    (33458,0)    1
    (33540,0)    1
    (642636,0)    -1
    (649478,0)    1
    (711614,0)    -1
    (872966,0)    1
    (1001873,0)    1

iter 169, delta 0

  1134890x1 GraphBLAS double vector, sparse by col, ints: 32/32/32
  delta_vec, 14 entries, memory: 416 bytes

    (544,0)    1
    (570,0)    1
    (582,0)    1
    (587,0)    1
    (599,0)    1
    (627,0)    1
    (29734,0)    -1
    (31494,0)    -1
    (33458,0)    -1
    (33540,0)    -1
    (642636,0)    1
    (649478,0)    -1
    (872966,0)    -1
    (1001873,0)    -1

iter 170, delta 0

  1134890x1 GraphBLAS double vector, sparse by col, ints: 32/32/32
  delta_vec, 14 entries, memory: 416 bytes

    (544,0)    -1
    (570,0)    -1
    (582,0)    -1
    (587,0)    -1
    (599,0)    -1
    (627,0)    -1
    (29734,0)    1
    (31494,0)    1
    (33458,0)    1
    (33540,0)    1
    (33839,0)    1
    (642636,0)    -1
    (872966,0)    1
    (1001873,0)    1

iter 171, delta 0

  1134890x1 GraphBLAS double vector, sparse by col, ints: 32/32/32
  delta_vec, 14 entries, memory: 416 bytes

    (544,0)    1
    (570,0)    1
    (587,0)    1
    (599,0)    1
    (627,0)    1
    (29734,0)    -1
    (31494,0)    -1
    (33458,0)    -1
    (33540,0)    -1
    (33839,0)    -1
    (642636,0)    1
    (711615,0)    1
    (872966,0)    -1
    (1001873,0)    -1

iter 172, delta 0

  1134890x1 GraphBLAS double vector, sparse by col, ints: 32/32/32
  delta_vec, 14 entries, memory: 416 bytes

    (544,0)    -1
    (570,0)    -1
    (587,0)    -1
    (599,0)    -1
    (627,0)    -1
    (29734,0)    1
    (31494,0)    1
    (33458,0)    1
    (33540,0)    1
    (33838,0)    1
    (642636,0)    -1
    (711615,0)    -1
    (872966,0)    1
    (1001873,0)    1

iter 173, delta 0

  1134890x1 GraphBLAS double vector, sparse by col, ints: 32/32/32
  delta_vec, 14 entries, memory: 416 bytes

    (544,0)    1
    (570,0)    1
    (587,0)    1
    (599,0)    1
    (627,0)    1
    (29734,0)    -1
    (31494,0)    -1
    (33458,0)    -1
    (33540,0)    -1
    (33838,0)    -1
    (642636,0)    1
    (711614,0)    1
    (872966,0)    -1
    (1001873,0)    -1

iter 174, delta 0

  1134890x1 GraphBLAS double vector, sparse by col, ints: 32/32/32
  delta_vec, 14 entries, memory: 416 bytes

    (544,0)    -1
    (570,0)    -1
    (587,0)    -1
    (599,0)    -1
    (627,0)    -1
    (29734,0)    1
    (31494,0)    1
    (33458,0)    1
    (33540,0)    1
    (642636,0)    -1
    (649478,0)    1
    (711614,0)    -1
    (872966,0)    1
    (1001873,0)    1

iter 175, delta 0

  1134890x1 GraphBLAS double vector, sparse by col, ints: 32/32/32
  delta_vec, 14 entries, memory: 416 bytes

    (544,0)    1
    (570,0)    1
    (582,0)    1
    (587,0)    1
    (599,0)    1
    (627,0)    1
    (29734,0)    -1
    (31494,0)    -1
    (33458,0)    -1
    (33540,0)    -1
    (642636,0)    1
    (649478,0)    -1
    (872966,0)    -1
    (1001873,0)    -1

iter 176, delta 0

  1134890x1 GraphBLAS double vector, sparse by col, ints: 32/32/32
  delta_vec, 14 entries, memory: 416 bytes

    (544,0)    -1
    (570,0)    -1
    (582,0)    -1
    (587,0)    -1
    (599,0)    -1
    (627,0)    -1
    (29734,0)    1
    (31494,0)    1
    (33458,0)    1
    (33540,0)    1
    (33839,0)    1
    (642636,0)    -1
    (872966,0)    1
    (1001873,0)    1

iter 177, delta 0

  1134890x1 GraphBLAS double vector, sparse by col, ints: 32/32/32
  delta_vec, 14 entries, memory: 416 bytes

    (544,0)    1
    (570,0)    1
    (587,0)    1
    (599,0)    1
    (627,0)    1
    (29734,0)    -1
    (31494,0)    -1
    (33458,0)    -1
    (33540,0)    -1
    (33839,0)    -1
    (642636,0)    1
    (711615,0)    1
    (872966,0)    -1
    (1001873,0)    -1

iter 178, delta 0

  1134890x1 GraphBLAS double vector, sparse by col, ints: 32/32/32
  delta_vec, 14 entries, memory: 416 bytes

    (544,0)    -1
    (570,0)    -1
    (587,0)    -1
    (599,0)    -1
    (627,0)    -1
    (29734,0)    1
    (31494,0)    1
    (33458,0)    1
    (33540,0)    1
    (33838,0)    1
    (642636,0)    -1
    (711615,0)    -1
    (872966,0)    1
    (1001873,0)    1

iter 179, delta 0

  1134890x1 GraphBLAS double vector, sparse by col, ints: 32/32/32
  delta_vec, 14 entries, memory: 416 bytes

    (544,0)    1
    (570,0)    1
    (587,0)    1
    (599,0)    1
    (627,0)    1
    (29734,0)    -1
    (31494,0)    -1
    (33458,0)    -1
    (33540,0)    -1
    (33838,0)    -1
    (642636,0)    1
    (711614,0)    1
    (872966,0)    -1
    (1001873,0)    -1

iter 180, delta 0

  1134890x1 GraphBLAS double vector, sparse by col, ints: 32/32/32
  delta_vec, 14 entries, memory: 416 bytes

    (544,0)    -1
    (570,0)    -1
    (587,0)    -1
    (599,0)    -1
    (627,0)    -1
    (29734,0)    1
    (31494,0)    1
    (33458,0)    1
    (33540,0)    1
    (642636,0)    -1
    (649478,0)    1
    (711614,0)    -1
    (872966,0)    1
    (1001873,0)    1

iter 181, delta 0

  1134890x1 GraphBLAS double vector, sparse by col, ints: 32/32/32
  delta_vec, 14 entries, memory: 416 bytes

    (544,0)    1
    (570,0)    1
    (582,0)    1
    (587,0)    1
    (599,0)    1
    (627,0)    1
    (29734,0)    -1
    (31494,0)    -1
    (33458,0)    -1
    (33540,0)    -1
    (642636,0)    1
    (649478,0)    -1
    (872966,0)    -1
    (1001873,0)    -1

iter 182, delta 0

  1134890x1 GraphBLAS double vector, sparse by col, ints: 32/32/32
  delta_vec, 14 entries, memory: 416 bytes

    (544,0)    -1
    (570,0)    -1
    (582,0)    -1
    (587,0)    -1
    (599,0)    -1
    (627,0)    -1
    (29734,0)    1
    (31494,0)    1
    (33458,0)    1
    (33540,0)    1
    (33839,0)    1
    (642636,0)    -1
    (872966,0)    1
    (1001873,0)    1

iter 183, delta 0

  1134890x1 GraphBLAS double vector, sparse by col, ints: 32/32/32
  delta_vec, 14 entries, memory: 416 bytes

    (544,0)    1
    (570,0)    1
    (587,0)    1
    (599,0)    1
    (627,0)    1
    (29734,0)    -1
    (31494,0)    -1
    (33458,0)    -1
    (33540,0)    -1
    (33839,0)    -1
    (642636,0)    1
    (711615,0)    1
    (872966,0)    -1
    (1001873,0)    -1

iter 184, delta 0

  1134890x1 GraphBLAS double vector, sparse by col, ints: 32/32/32
  delta_vec, 14 entries, memory: 416 bytes

    (544,0)    -1
    (570,0)    -1
    (587,0)    -1
    (599,0)    -1
    (627,0)    -1
    (29734,0)    1
    (31494,0)    1
    (33458,0)    1
    (33540,0)    1
    (33838,0)    1
    (642636,0)    -1
    (711615,0)    -1
    (872966,0)    1
    (1001873,0)    1

iter 185, delta 0

  1134890x1 GraphBLAS double vector, sparse by col, ints: 32/32/32
  delta_vec, 14 entries, memory: 416 bytes

    (544,0)    1
    (570,0)    1
    (587,0)    1
    (599,0)    1
    (627,0)    1
    (29734,0)    -1
    (31494,0)    -1
    (33458,0)    -1
    (33540,0)    -1
    (33838,0)    -1
    (642636,0)    1
    (711614,0)    1
    (872966,0)    -1
    (1001873,0)    -1

iter 186, delta 0

  1134890x1 GraphBLAS double vector, sparse by col, ints: 32/32/32
  delta_vec, 14 entries, memory: 416 bytes

    (544,0)    -1
    (570,0)    -1
    (587,0)    -1
    (599,0)    -1
    (627,0)    -1
    (29734,0)    1
    (31494,0)    1
    (33458,0)    1
    (33540,0)    1
    (642636,0)    -1
    (649478,0)    1
    (711614,0)    -1
    (872966,0)    1
    (1001873,0)    1

iter 187, delta 0

  1134890x1 GraphBLAS double vector, sparse by col, ints: 32/32/32
  delta_vec, 14 entries, memory: 416 bytes

    (544,0)    1
    (570,0)    1
    (582,0)    1
    (587,0)    1
    (599,0)    1
    (627,0)    1
    (29734,0)    -1
    (31494,0)    -1
    (33458,0)    -1
    (33540,0)    -1
    (642636,0)    1
    (649478,0)    -1
    (872966,0)    -1
    (1001873,0)    -1

iter 188, delta 0

  1134890x1 GraphBLAS double vector, sparse by col, ints: 32/32/32
  delta_vec, 14 entries, memory: 416 bytes

    (544,0)    -1
    (570,0)    -1
    (582,0)    -1
    (587,0)    -1
    (599,0)    -1
    (627,0)    -1
    (29734,0)    1
    (31494,0)    1
    (33458,0)    1
    (33540,0)    1
    (33839,0)    1
    (642636,0)    -1
    (872966,0)    1
    (1001873,0)    1

iter 189, delta 0

  1134890x1 GraphBLAS double vector, sparse by col, ints: 32/32/32
  delta_vec, 14 entries, memory: 416 bytes

    (544,0)    1
    (570,0)    1
    (587,0)    1
    (599,0)    1
    (627,0)    1
    (29734,0)    -1
    (31494,0)    -1
    (33458,0)    -1
    (33540,0)    -1
    (33839,0)    -1
    (642636,0)    1
    (711615,0)    1
    (872966,0)    -1
    (1001873,0)    -1

iter 190, delta 0

  1134890x1 GraphBLAS double vector, sparse by col, ints: 32/32/32
  delta_vec, 14 entries, memory: 416 bytes

    (544,0)    -1
    (570,0)    -1
    (587,0)    -1
    (599,0)    -1
    (627,0)    -1
    (29734,0)    1
    (31494,0)    1
    (33458,0)    1
    (33540,0)    1
    (33838,0)    1
    (642636,0)    -1
    (711615,0)    -1
    (872966,0)    1
    (1001873,0)    1

iter 191, delta 0

  1134890x1 GraphBLAS double vector, sparse by col, ints: 32/32/32
  delta_vec, 14 entries, memory: 416 bytes

    (544,0)    1
    (570,0)    1
    (587,0)    1
    (599,0)    1
    (627,0)    1
    (29734,0)    -1
    (31494,0)    -1
    (33458,0)    -1
    (33540,0)    -1
    (33838,0)    -1
    (642636,0)    1
    (711614,0)    1
    (872966,0)    -1
    (1001873,0)    -1

iter 192, delta 0

  1134890x1 GraphBLAS double vector, sparse by col, ints: 32/32/32
  delta_vec, 14 entries, memory: 416 bytes

    (544,0)    -1
    (570,0)    -1
    (587,0)    -1
    (599,0)    -1
    (627,0)    -1
    (29734,0)    1
    (31494,0)    1
    (33458,0)    1
    (33540,0)    1
    (642636,0)    -1
    (649478,0)    1
    (711614,0)    -1
    (872966,0)    1
    (1001873,0)    1

iter 193, delta 0

  1134890x1 GraphBLAS double vector, sparse by col, ints: 32/32/32
  delta_vec, 14 entries, memory: 416 bytes

    (544,0)    1
    (570,0)    1
    (582,0)    1
    (587,0)    1
    (599,0)    1
    (627,0)    1
    (29734,0)    -1
    (31494,0)    -1
    (33458,0)    -1
    (33540,0)    -1
    (642636,0)    1
    (649478,0)    -1
    (872966,0)    -1
    (1001873,0)    -1

iter 194, delta 0

  1134890x1 GraphBLAS double vector, sparse by col, ints: 32/32/32
  delta_vec, 14 entries, memory: 416 bytes

    (544,0)    -1
    (570,0)    -1
    (582,0)    -1
    (587,0)    -1
    (599,0)    -1
    (627,0)    -1
    (29734,0)    1
    (31494,0)    1
    (33458,0)    1
    (33540,0)    1
    (33839,0)    1
    (642636,0)    -1
    (872966,0)    1
    (1001873,0)    1

iter 195, delta 0

  1134890x1 GraphBLAS double vector, sparse by col, ints: 32/32/32
  delta_vec, 14 entries, memory: 416 bytes

    (544,0)    1
    (570,0)    1
    (587,0)    1
    (599,0)    1
    (627,0)    1
    (29734,0)    -1
    (31494,0)    -1
    (33458,0)    -1
    (33540,0)    -1
    (33839,0)    -1
    (642636,0)    1
    (711615,0)    1
    (872966,0)    -1
    (1001873,0)    -1

iter 196, delta 0

  1134890x1 GraphBLAS double vector, sparse by col, ints: 32/32/32
  delta_vec, 14 entries, memory: 416 bytes

    (544,0)    -1
    (570,0)    -1
    (587,0)    -1
    (599,0)    -1
    (627,0)    -1
    (29734,0)    1
    (31494,0)    1
    (33458,0)    1
    (33540,0)    1
    (33838,0)    1
    (642636,0)    -1
    (711615,0)    -1
    (872966,0)    1
    (1001873,0)    1

iter 197, delta 0

  1134890x1 GraphBLAS double vector, sparse by col, ints: 32/32/32
  delta_vec, 14 entries, memory: 416 bytes

    (544,0)    1
    (570,0)    1
    (587,0)    1
    (599,0)    1
    (627,0)    1
    (29734,0)    -1
    (31494,0)    -1
    (33458,0)    -1
    (33540,0)    -1
    (33838,0)    -1
    (642636,0)    1
    (711614,0)    1
    (872966,0)    -1
    (1001873,0)    -1

iter 198, delta 0

  1134890x1 GraphBLAS double vector, sparse by col, ints: 32/32/32
  delta_vec, 14 entries, memory: 416 bytes

    (544,0)    -1
    (570,0)    -1
    (587,0)    -1
    (599,0)    -1
    (627,0)    -1
    (29734,0)    1
    (31494,0)    1
    (33458,0)    1
    (33540,0)    1
    (642636,0)    -1
    (649478,0)    1
    (711614,0)    -1
    (872966,0)    1
    (1001873,0)    1

iter 199, delta 0

  1134890x1 GraphBLAS double vector, sparse by col, ints: 32/32/32
  delta_vec, 14 entries, memory: 416 bytes

    (544,0)    1
    (570,0)    1
    (582,0)    1
    (587,0)    1
    (599,0)    1
    (627,0)    1
    (29734,0)    -1
    (31494,0)    -1
    (33458,0)    -1
    (33540,0)    -1
    (642636,0)    1
    (649478,0)    -1
    (872966,0)    -1
    (1001873,0)    -1

iter 200, delta 0

  1134890x1 GraphBLAS double vector, sparse by col, ints: 32/32/32
  delta_vec, 14 entries, memory: 416 bytes

    (544,0)    -1
    (570,0)    -1
    (582,0)    -1
    (587,0)    -1
    (599,0)    -1
    (627,0)    -1
    (29734,0)    1
    (31494,0)    1
    (33458,0)    1
    (33540,0)    1
    (33839,0)    1
    (642636,0)    -1
    (872966,0)    1
    (1001873,0)    1

iter 201, delta 0

  1134890x1 GraphBLAS double vector, sparse by col, ints: 32/32/32
  delta_vec, 14 entries, memory: 416 bytes

    (544,0)    1
    (570,0)    1
    (587,0)    1
    (599,0)    1
    (627,0)    1
    (29734,0)    -1
    (31494,0)    -1
    (33458,0)    -1
    (33540,0)    -1
    (33839,0)    -1
    (642636,0)    1
    (711615,0)    1
    (872966,0)    -1
    (1001873,0)    -1

iter 202, delta 0

  1134890x1 GraphBLAS double vector, sparse by col, ints: 32/32/32
  delta_vec, 14 entries, memory: 416 bytes

    (544,0)    -1
    (570,0)    -1
    (587,0)    -1
    (599,0)    -1
    (627,0)    -1
    (29734,0)    1
    (31494,0)    1
    (33458,0)    1
    (33540,0)    1
    (33838,0)    1
    (642636,0)    -1
    (711615,0)    -1
    (872966,0)    1
    (1001873,0)    1

iter 203, delta 0

  1134890x1 GraphBLAS double vector, sparse by col, ints: 32/32/32
  delta_vec, 14 entries, memory: 416 bytes

    (544,0)    1
    (570,0)    1
    (587,0)    1
    (599,0)    1
    (627,0)    1
    (29734,0)    -1
    (31494,0)    -1
    (33458,0)    -1
    (33540,0)    -1
    (33838,0)    -1
    (642636,0)    1
    (711614,0)    1
    (872966,0)    -1
    (1001873,0)    -1

iter 204, delta 0

  1134890x1 GraphBLAS double vector, sparse by col, ints: 32/32/32
  delta_vec, 14 entries, memory: 416 bytes

    (544,0)    -1
    (570,0)    -1
    (587,0)    -1
    (599,0)    -1
    (627,0)    -1
    (29734,0)    1
    (31494,0)    1
    (33458,0)    1
    (33540,0)    1
    (642636,0)    -1
    (649478,0)    1
    (711614,0)    -1
    (872966,0)    1
    (1001873,0)    1

iter 205, delta 0

  1134890x1 GraphBLAS double vector, sparse by col, ints: 32/32/32
  delta_vec, 14 entries, memory: 416 bytes

    (544,0)    1
    (570,0)    1
    (582,0)    1
    (587,0)    1
    (599,0)    1
    (627,0)    1
    (29734,0)    -1
    (31494,0)    -1
    (33458,0)    -1
    (33540,0)    -1
    (642636,0)    1
    (649478,0)    -1
    (872966,0)    -1
    (1001873,0)    -1

iter 206, delta 0

  1134890x1 GraphBLAS double vector, sparse by col, ints: 32/32/32
  delta_vec, 14 entries, memory: 416 bytes

    (544,0)    -1
    (570,0)    -1
    (582,0)    -1
    (587,0)    -1
    (599,0)    -1
    (627,0)    -1
    (29734,0)    1
    (31494,0)    1
    (33458,0)    1
    (33540,0)    1
    (33839,0)    1
    (642636,0)    -1
    (872966,0)    1
    (1001873,0)    1

iter 207, delta 0

  1134890x1 GraphBLAS double vector, sparse by col, ints: 32/32/32
  delta_vec, 14 entries, memory: 416 bytes

    (544,0)    1
    (570,0)    1
    (587,0)    1
    (599,0)    1
    (627,0)    1
    (29734,0)    -1
    (31494,0)    -1
    (33458,0)    -1
    (33540,0)    -1
    (33839,0)    -1
    (642636,0)    1
    (711615,0)    1
    (872966,0)    -1
    (1001873,0)    -1

iter 208, delta 0

  1134890x1 GraphBLAS double vector, sparse by col, ints: 32/32/32
  delta_vec, 14 entries, memory: 416 bytes

    (544,0)    -1
    (570,0)    -1
    (587,0)    -1
    (599,0)    -1
    (627,0)    -1
    (29734,0)    1
    (31494,0)    1
    (33458,0)    1
    (33540,0)    1
    (33838,0)    1
    (642636,0)    -1
    (711615,0)    -1
    (872966,0)    1
    (1001873,0)    1

iter 209, delta 0

  1134890x1 GraphBLAS double vector, sparse by col, ints: 32/32/32
  delta_vec, 14 entries, memory: 416 bytes

    (544,0)    1
    (570,0)    1
    (587,0)    1
    (599,0)    1
    (627,0)    1
    (29734,0)    -1
    (31494,0)    -1
    (33458,0)    -1
    (33540,0)    -1
    (33838,0)    -1
    (642636,0)    1
    (711614,0)    1
    (872966,0)    -1
    (1001873,0)    -1

iter 210, delta 0

  1134890x1 GraphBLAS double vector, sparse by col, ints: 32/32/32
  delta_vec, 14 entries, memory: 416 bytes

    (544,0)    -1
    (570,0)    -1
    (587,0)    -1
    (599,0)    -1
    (627,0)    -1
    (29734,0)    1
    (31494,0)    1
    (33458,0)    1
    (33540,0)    1
    (642636,0)    -1
    (649478,0)    1
    (711614,0)    -1
    (872966,0)    1
    (1001873,0)    1

iter 211, delta 0

  1134890x1 GraphBLAS double vector, sparse by col, ints: 32/32/32
  delta_vec, 14 entries, memory: 416 bytes

    (544,0)    1
    (570,0)    1
    (582,0)    1
    (587,0)    1
    (599,0)    1
    (627,0)    1
    (29734,0)    -1
    (31494,0)    -1
    (33458,0)    -1
    (33540,0)    -1
    (642636,0)    1
    (649478,0)    -1
    (872966,0)    -1
    (1001873,0)    -1

iter 212, delta 0

  1134890x1 GraphBLAS double vector, sparse by col, ints: 32/32/32
  delta_vec, 14 entries, memory: 416 bytes

    (544,0)    -1
    (570,0)    -1
    (582,0)    -1
    (587,0)    -1
    (599,0)    -1
    (627,0)    -1
    (29734,0)    1
    (31494,0)    1
    (33458,0)    1
    (33540,0)    1
    (33839,0)    1
    (642636,0)    -1
    (872966,0)    1
    (1001873,0)    1

iter 213, delta 0

  1134890x1 GraphBLAS double vector, sparse by col, ints: 32/32/32
  delta_vec, 14 entries, memory: 416 bytes

    (544,0)    1
    (570,0)    1
    (587,0)    1
    (599,0)    1
    (627,0)    1
    (29734,0)    -1
    (31494,0)    -1
    (33458,0)    -1
    (33540,0)    -1
    (33839,0)    -1
    (642636,0)    1
    (711615,0)    1
    (872966,0)    -1
    (1001873,0)    -1

iter 214, delta 0

  1134890x1 GraphBLAS double vector, sparse by col, ints: 32/32/32
  delta_vec, 14 entries, memory: 416 bytes

    (544,0)    -1
    (570,0)    -1
    (587,0)    -1
    (599,0)    -1
    (627,0)    -1
    (29734,0)    1
    (31494,0)    1
    (33458,0)    1
    (33540,0)    1
    (33838,0)    1
    (642636,0)    -1
    (711615,0)    -1
    (872966,0)    1
    (1001873,0)    1

iter 215, delta 0

  1134890x1 GraphBLAS double vector, sparse by col, ints: 32/32/32
  delta_vec, 14 entries, memory: 416 bytes

    (544,0)    1
    (570,0)    1
    (587,0)    1
    (599,0)    1
    (627,0)    1
    (29734,0)    -1
    (31494,0)    -1
    (33458,0)    -1
    (33540,0)    -1
    (33838,0)    -1
    (642636,0)    1
    (711614,0)    1
    (872966,0)    -1
    (1001873,0)    -1

iter 216, delta 0

  1134890x1 GraphBLAS double vector, sparse by col, ints: 32/32/32
  delta_vec, 14 entries, memory: 416 bytes

    (544,0)    -1
    (570,0)    -1
    (587,0)    -1
    (599,0)    -1
    (627,0)    -1
    (29734,0)    1
    (31494,0)    1
    (33458,0)    1
    (33540,0)    1
    (642636,0)    -1
    (649478,0)    1
    (711614,0)    -1
    (872966,0)    1
    (1001873,0)    1

iter 217, delta 0

  1134890x1 GraphBLAS double vector, sparse by col, ints: 32/32/32
  delta_vec, 14 entries, memory: 416 bytes

    (544,0)    1
    (570,0)    1
    (582,0)    1
    (587,0)    1
    (599,0)    1
    (627,0)    1
    (29734,0)    -1
    (31494,0)    -1
    (33458,0)    -1
    (33540,0)    -1
    (642636,0)    1
    (649478,0)    -1
    (872966,0)    -1
    (1001873,0)    -1

iter 218, delta 0

  1134890x1 GraphBLAS double vector, sparse by col, ints: 32/32/32
  delta_vec, 14 entries, memory: 416 bytes

    (544,0)    -1
    (570,0)    -1
    (582,0)    -1
    (587,0)    -1
    (599,0)    -1
    (627,0)    -1
    (29734,0)    1
    (31494,0)    1
    (33458,0)    1
    (33540,0)    1
    (33839,0)    1
    (642636,0)    -1
    (872966,0)    1
    (1001873,0)    1

iter 219, delta 0

  1134890x1 GraphBLAS double vector, sparse by col, ints: 32/32/32
  delta_vec, 14 entries, memory: 416 bytes

    (544,0)    1
    (570,0)    1
    (587,0)    1
    (599,0)    1
    (627,0)    1
    (29734,0)    -1
    (31494,0)    -1
    (33458,0)    -1
    (33540,0)    -1
    (33839,0)    -1
    (642636,0)    1
    (711615,0)    1
    (872966,0)    -1
    (1001873,0)    -1

iter 220, delta 0

  1134890x1 GraphBLAS double vector, sparse by col, ints: 32/32/32
  delta_vec, 14 entries, memory: 416 bytes

    (544,0)    -1
    (570,0)    -1
    (587,0)    -1
    (599,0)    -1
    (627,0)    -1
    (29734,0)    1
    (31494,0)    1
    (33458,0)    1
    (33540,0)    1
    (33838,0)    1
    (642636,0)    -1
    (711615,0)    -1
    (872966,0)    1
    (1001873,0)    1

iter 221, delta 0

  1134890x1 GraphBLAS double vector, sparse by col, ints: 32/32/32
  delta_vec, 14 entries, memory: 416 bytes

    (544,0)    1
    (570,0)    1
    (587,0)    1
    (599,0)    1
    (627,0)    1
    (29734,0)    -1
    (31494,0)    -1
    (33458,0)    -1
    (33540,0)    -1
    (33838,0)    -1
    (642636,0)    1
    (711614,0)    1
    (872966,0)    -1
    (1001873,0)    -1

iter 222, delta 0

  1134890x1 GraphBLAS double vector, sparse by col, ints: 32/32/32
  delta_vec, 14 entries, memory: 416 bytes

    (544,0)    -1
    (570,0)    -1
    (587,0)    -1
    (599,0)    -1
    (627,0)    -1
    (29734,0)    1
    (31494,0)    1
    (33458,0)    1
    (33540,0)    1
    (642636,0)    -1
    (649478,0)    1
    (711614,0)    -1
    (872966,0)    1
    (1001873,0)    1

iter 223, delta 0

  1134890x1 GraphBLAS double vector, sparse by col, ints: 32/32/32
  delta_vec, 14 entries, memory: 416 bytes

    (544,0)    1
    (570,0)    1
    (582,0)    1
    (587,0)    1
    (599,0)    1
    (627,0)    1
    (29734,0)    -1
    (31494,0)    -1
    (33458,0)    -1
    (33540,0)    -1
    (642636,0)    1
    (649478,0)    -1
    (872966,0)    -1
    (1001873,0)    -1

iter 224, delta 0

  1134890x1 GraphBLAS double vector, sparse by col, ints: 32/32/32
  delta_vec, 14 entries, memory: 416 bytes

    (544,0)    -1
    (570,0)    -1
    (582,0)    -1
    (587,0)    -1
    (599,0)    -1
    (627,0)    -1
    (29734,0)    1
    (31494,0)    1
    (33458,0)    1
    (33540,0)    1
    (33839,0)    1
    (642636,0)    -1
    (872966,0)    1
    (1001873,0)    1

iter 225, delta 0

  1134890x1 GraphBLAS double vector, sparse by col, ints: 32/32/32
  delta_vec, 14 entries, memory: 416 bytes

    (544,0)    1
    (570,0)    1
    (587,0)    1
    (599,0)    1
    (627,0)    1
    (29734,0)    -1
    (31494,0)    -1
    (33458,0)    -1
    (33540,0)    -1
    (33839,0)    -1
    (642636,0)    1
    (711615,0)    1
    (872966,0)    -1
    (1001873,0)    -1

iter 226, delta 0

  1134890x1 GraphBLAS double vector, sparse by col, ints: 32/32/32
  delta_vec, 14 entries, memory: 416 bytes

    (544,0)    -1
    (570,0)    -1
    (587,0)    -1
    (599,0)    -1
    (627,0)    -1
    (29734,0)    1
    (31494,0)    1
    (33458,0)    1
    (33540,0)    1
    (33838,0)    1
    (642636,0)    -1
    (711615,0)    -1
    (872966,0)    1
    (1001873,0)    1

iter 227, delta 0

  1134890x1 GraphBLAS double vector, sparse by col, ints: 32/32/32
  delta_vec, 14 entries, memory: 416 bytes

    (544,0)    1
    (570,0)    1
    (587,0)    1
    (599,0)    1
    (627,0)    1
    (29734,0)    -1
    (31494,0)    -1
    (33458,0)    -1
    (33540,0)    -1
    (33838,0)    -1
    (642636,0)    1
    (711614,0)    1
    (872966,0)    -1
    (1001873,0)    -1

iter 228, delta 0

  1134890x1 GraphBLAS double vector, sparse by col, ints: 32/32/32
  delta_vec, 14 entries, memory: 416 bytes

    (544,0)    -1
    (570,0)    -1
    (587,0)    -1
    (599,0)    -1
    (627,0)    -1
    (29734,0)    1
    (31494,0)    1
    (33458,0)    1
    (33540,0)    1
    (642636,0)    -1
    (649478,0)    1
    (711614,0)    -1
    (872966,0)    1
    (1001873,0)    1

iter 229, delta 0

  1134890x1 GraphBLAS double vector, sparse by col, ints: 32/32/32
  delta_vec, 14 entries, memory: 416 bytes

    (544,0)    1
    (570,0)    1
    (582,0)    1
    (587,0)    1
    (599,0)    1
    (627,0)    1
    (29734,0)    -1
    (31494,0)    -1
    (33458,0)    -1
    (33540,0)    -1
    (642636,0)    1
    (649478,0)    -1
    (872966,0)    -1
    (1001873,0)    -1

iter 230, delta 0

  1134890x1 GraphBLAS double vector, sparse by col, ints: 32/32/32
  delta_vec, 14 entries, memory: 416 bytes

    (544,0)    -1
    (570,0)    -1
    (582,0)    -1
    (587,0)    -1
    (599,0)    -1
    (627,0)    -1
    (29734,0)    1
    (31494,0)    1
    (33458,0)    1
    (33540,0)    1
    (33839,0)    1
    (642636,0)    -1
    (872966,0)    1
    (1001873,0)    1

iter 231, delta 0

  1134890x1 GraphBLAS double vector, sparse by col, ints: 32/32/32
  delta_vec, 14 entries, memory: 416 bytes

    (544,0)    1
    (570,0)    1
    (587,0)    1
    (599,0)    1
    (627,0)    1
    (29734,0)    -1
    (31494,0)    -1
    (33458,0)    -1
    (33540,0)    -1
    (33839,0)    -1
    (642636,0)    1
    (711615,0)    1
    (872966,0)    -1
    (1001873,0)    -1

iter 232, delta 0

  1134890x1 GraphBLAS double vector, sparse by col, ints: 32/32/32
  delta_vec, 14 entries, memory: 416 bytes

    (544,0)    -1
    (570,0)    -1
    (587,0)    -1
    (599,0)    -1
    (627,0)    -1
    (29734,0)    1
    (31494,0)    1
    (33458,0)    1
    (33540,0)    1
    (33838,0)    1
    (642636,0)    -1
    (711615,0)    -1
    (872966,0)    1
    (1001873,0)    1

iter 233, delta 0

  1134890x1 GraphBLAS double vector, sparse by col, ints: 32/32/32
  delta_vec, 14 entries, memory: 416 bytes

    (544,0)    1
    (570,0)    1
    (587,0)    1
    (599,0)    1
    (627,0)    1
    (29734,0)    -1
    (31494,0)    -1
    (33458,0)    -1
    (33540,0)    -1
    (33838,0)    -1
    (642636,0)    1
    (711614,0)    1
    (872966,0)    -1
    (1001873,0)    -1

iter 234, delta 0

  1134890x1 GraphBLAS double vector, sparse by col, ints: 32/32/32
  delta_vec, 14 entries, memory: 416 bytes

    (544,0)    -1
    (570,0)    -1
    (587,0)    -1
    (599,0)    -1
    (627,0)    -1
    (29734,0)    1
    (31494,0)    1
    (33458,0)    1
    (33540,0)    1
    (642636,0)    -1
    (649478,0)    1
    (711614,0)    -1
    (872966,0)    1
    (1001873,0)    1

iter 235, delta 0

  1134890x1 GraphBLAS double vector, sparse by col, ints: 32/32/32
  delta_vec, 14 entries, memory: 416 bytes

    (544,0)    1
    (570,0)    1
    (582,0)    1
    (587,0)    1
    (599,0)    1
    (627,0)    1
    (29734,0)    -1
    (31494,0)    -1
    (33458,0)    -1
    (33540,0)    -1
    (642636,0)    1
    (649478,0)    -1
    (872966,0)    -1
    (1001873,0)    -1

iter 236, delta 0

  1134890x1 GraphBLAS double vector, sparse by col, ints: 32/32/32
  delta_vec, 14 entries, memory: 416 bytes

    (544,0)    -1
    (570,0)    -1
    (582,0)    -1
    (587,0)    -1
    (599,0)    -1
    (627,0)    -1
    (29734,0)    1
    (31494,0)    1
    (33458,0)    1
    (33540,0)    1
    (33839,0)    1
    (642636,0)    -1
    (872966,0)    1
    (1001873,0)    1

iter 237, delta 0

  1134890x1 GraphBLAS double vector, sparse by col, ints: 32/32/32
  delta_vec, 14 entries, memory: 416 bytes

    (544,0)    1
    (570,0)    1
    (587,0)    1
    (599,0)    1
    (627,0)    1
    (29734,0)    -1
    (31494,0)    -1
    (33458,0)    -1
    (33540,0)    -1
    (33839,0)    -1
    (642636,0)    1
    (711615,0)    1
    (872966,0)    -1
    (1001873,0)    -1

iter 238, delta 0

  1134890x1 GraphBLAS double vector, sparse by col, ints: 32/32/32
  delta_vec, 14 entries, memory: 416 bytes

    (544,0)    -1
    (570,0)    -1
    (587,0)    -1
    (599,0)    -1
    (627,0)    -1
    (29734,0)    1
    (31494,0)    1
    (33458,0)    1
    (33540,0)    1
    (33838,0)    1
    (642636,0)    -1
    (711615,0)    -1
    (872966,0)    1
    (1001873,0)    1

iter 239, delta 0

  1134890x1 GraphBLAS double vector, sparse by col, ints: 32/32/32
  delta_vec, 14 entries, memory: 416 bytes

    (544,0)    1
    (570,0)    1
    (587,0)    1
    (599,0)    1
    (627,0)    1
    (29734,0)    -1
    (31494,0)    -1
    (33458,0)    -1
    (33540,0)    -1
    (33838,0)    -1
    (642636,0)    1
    (711614,0)    1
    (872966,0)    -1
    (1001873,0)    -1

iter 240, delta 0

  1134890x1 GraphBLAS double vector, sparse by col, ints: 32/32/32
  delta_vec, 14 entries, memory: 416 bytes

    (544,0)    -1
    (570,0)    -1
    (587,0)    -1
    (599,0)    -1
    (627,0)    -1
    (29734,0)    1
    (31494,0)    1
    (33458,0)    1
    (33540,0)    1
    (642636,0)    -1
    (649478,0)    1
    (711614,0)    -1
    (872966,0)    1
    (1001873,0)    1

iter 241, delta 0

  1134890x1 GraphBLAS double vector, sparse by col, ints: 32/32/32
  delta_vec, 14 entries, memory: 416 bytes

    (544,0)    1
    (570,0)    1
    (582,0)    1
    (587,0)    1
    (599,0)    1
    (627,0)    1
    (29734,0)    -1
    (31494,0)    -1
    (33458,0)    -1
    (33540,0)    -1
    (642636,0)    1
    (649478,0)    -1
    (872966,0)    -1
    (1001873,0)    -1

iter 242, delta 0

  1134890x1 GraphBLAS double vector, sparse by col, ints: 32/32/32
  delta_vec, 14 entries, memory: 416 bytes

    (544,0)    -1
    (570,0)    -1
    (582,0)    -1
    (587,0)    -1
    (599,0)    -1
    (627,0)    -1
    (29734,0)    1
    (31494,0)    1
    (33458,0)    1
    (33540,0)    1
    (33839,0)    1
    (642636,0)    -1
    (872966,0)    1
    (1001873,0)    1

iter 243, delta 0

  1134890x1 GraphBLAS double vector, sparse by col, ints: 32/32/32
  delta_vec, 14 entries, memory: 416 bytes

    (544,0)    1
    (570,0)    1
    (587,0)    1
    (599,0)    1
    (627,0)    1
    (29734,0)    -1
    (31494,0)    -1
    (33458,0)    -1
    (33540,0)    -1
    (33839,0)    -1
    (642636,0)    1
    (711615,0)    1
    (872966,0)    -1
    (1001873,0)    -1

iter 244, delta 0

  1134890x1 GraphBLAS double vector, sparse by col, ints: 32/32/32
  delta_vec, 14 entries, memory: 416 bytes

    (544,0)    -1
    (570,0)    -1
    (587,0)    -1
    (599,0)    -1
    (627,0)    -1
    (29734,0)    1
    (31494,0)    1
    (33458,0)    1
    (33540,0)    1
    (33838,0)    1
    (642636,0)    -1
    (711615,0)    -1
    (872966,0)    1
    (1001873,0)    1

iter 245, delta 0

  1134890x1 GraphBLAS double vector, sparse by col, ints: 32/32/32
  delta_vec, 14 entries, memory: 416 bytes

    (544,0)    1
    (570,0)    1
    (587,0)    1
    (599,0)    1
    (627,0)    1
    (29734,0)    -1
    (31494,0)    -1
    (33458,0)    -1
    (33540,0)    -1
    (33838,0)    -1
    (642636,0)    1
    (711614,0)    1
    (872966,0)    -1
    (1001873,0)    -1

iter 246, delta 0

  1134890x1 GraphBLAS double vector, sparse by col, ints: 32/32/32
  delta_vec, 14 entries, memory: 416 bytes

    (544,0)    -1
    (570,0)    -1
    (587,0)    -1
    (599,0)    -1
    (627,0)    -1
    (29734,0)    1
    (31494,0)    1
    (33458,0)    1
    (33540,0)    1
    (642636,0)    -1
    (649478,0)    1
    (711614,0)    -1
    (872966,0)    1
    (1001873,0)    1

iter 247, delta 0

  1134890x1 GraphBLAS double vector, sparse by col, ints: 32/32/32
  delta_vec, 14 entries, memory: 416 bytes

    (544,0)    1
    (570,0)    1
    (582,0)    1
    (587,0)    1
    (599,0)    1
    (627,0)    1
    (29734,0)    -1
    (31494,0)    -1
    (33458,0)    -1
    (33540,0)    -1
    (642636,0)    1
    (649478,0)    -1
    (872966,0)    -1
    (1001873,0)    -1

iter 248, delta 0

  1134890x1 GraphBLAS double vector, sparse by col, ints: 32/32/32
  delta_vec, 14 entries, memory: 416 bytes

    (544,0)    -1
    (570,0)    -1
    (582,0)    -1
    (587,0)    -1
    (599,0)    -1
    (627,0)    -1
    (29734,0)    1
    (31494,0)    1
    (33458,0)    1
    (33540,0)    1
    (33839,0)    1
    (642636,0)    -1
    (872966,0)    1
    (1001873,0)    1

iter 249, delta 0

  1134890x1 GraphBLAS double vector, sparse by col, ints: 32/32/32
  delta_vec, 14 entries, memory: 416 bytes

    (544,0)    1
    (570,0)    1
    (587,0)    1
    (599,0)    1
    (627,0)    1
    (29734,0)    -1
    (31494,0)    -1
    (33458,0)    -1
    (33540,0)    -1
    (33839,0)    -1
    (642636,0)    1
    (711615,0)    1
    (872966,0)    -1
    (1001873,0)    -1

iter 250, delta 0

  1134890x1 GraphBLAS double vector, sparse by col, ints: 32/32/32
  delta_vec, 14 entries, memory: 416 bytes

    (544,0)    -1
    (570,0)    -1
    (587,0)    -1
    (599,0)    -1
    (627,0)    -1
    (29734,0)    1
    (31494,0)    1
    (33458,0)    1
    (33540,0)    1
    (33838,0)    1
    (642636,0)    -1
    (711615,0)    -1
    (872966,0)    1
    (1001873,0)    1

iter 251, delta 0

  1134890x1 GraphBLAS double vector, sparse by col, ints: 32/32/32
  delta_vec, 14 entries, memory: 416 bytes

    (544,0)    1
    (570,0)    1
    (587,0)    1
    (599,0)    1
    (627,0)    1
    (29734,0)    -1
    (31494,0)    -1
    (33458,0)    -1
    (33540,0)    -1
    (33838,0)    -1
    (642636,0)    1
    (711614,0)    1
    (872966,0)    -1
    (1001873,0)    -1

iter 252, delta 0

  1134890x1 GraphBLAS double vector, sparse by col, ints: 32/32/32
  delta_vec, 14 entries, memory: 416 bytes

    (544,0)    -1
    (570,0)    -1
    (587,0)    -1
    (599,0)    -1
    (627,0)    -1
    (29734,0)    1
    (31494,0)    1
    (33458,0)    1
    (33540,0)    1
    (642636,0)    -1
    (649478,0)    1
    (711614,0)    -1
    (872966,0)    1
    (1001873,0)    1

iter 253, delta 0

  1134890x1 GraphBLAS double vector, sparse by col, ints: 32/32/32
  delta_vec, 14 entries, memory: 416 bytes

    (544,0)    1
    (570,0)    1
    (582,0)    1
    (587,0)    1
    (599,0)    1
    (627,0)    1
    (29734,0)    -1
    (31494,0)    -1
    (33458,0)    -1
    (33540,0)    -1
    (642636,0)    1
    (649478,0)    -1
    (872966,0)    -1
    (1001873,0)    -1

iter 254, delta 0

  1134890x1 GraphBLAS double vector, sparse by col, ints: 32/32/32
  delta_vec, 14 entries, memory: 416 bytes

    (544,0)    -1
    (570,0)    -1
    (582,0)    -1
    (587,0)    -1
    (599,0)    -1
    (627,0)    -1
    (29734,0)    1
    (31494,0)    1
    (33458,0)    1
    (33540,0)    1
    (33839,0)    1
    (642636,0)    -1
    (872966,0)    1
    (1001873,0)    1

iter 255, delta 0

  1134890x1 GraphBLAS double vector, sparse by col, ints: 32/32/32
  delta_vec, 14 entries, memory: 416 bytes

    (544,0)    1
    (570,0)    1
    (587,0)    1
    (599,0)    1
    (627,0)    1
    (29734,0)    -1
    (31494,0)    -1
    (33458,0)    -1
    (33540,0)    -1
    (33839,0)    -1
    (642636,0)    1
    (711615,0)    1
    (872966,0)    -1
    (1001873,0)    -1

iter 256, delta 0

  1134890x1 GraphBLAS double vector, sparse by col, ints: 32/32/32
  delta_vec, 14 entries, memory: 416 bytes

    (544,0)    -1
    (570,0)    -1
    (587,0)    -1
    (599,0)    -1
    (627,0)    -1
    (29734,0)    1
    (31494,0)    1
    (33458,0)    1
    (33540,0)    1
    (33838,0)    1
    (642636,0)    -1
    (711615,0)    -1
    (872966,0)    1
    (1001873,0)    1

iter 257, delta 0

  1134890x1 GraphBLAS double vector, sparse by col, ints: 32/32/32
  delta_vec, 14 entries, memory: 416 bytes

    (544,0)    1
    (570,0)    1
    (587,0)    1
    (599,0)    1
    (627,0)    1
    (29734,0)    -1
    (31494,0)    -1
    (33458,0)    -1
    (33540,0)    -1
    (33838,0)    -1
    (642636,0)    1
    (711614,0)    1
    (872966,0)    -1
    (1001873,0)    -1

iter 258, delta 0

  1134890x1 GraphBLAS double vector, sparse by col, ints: 32/32/32
  delta_vec, 14 entries, memory: 416 bytes

    (544,0)    -1
    (570,0)    -1
    (587,0)    -1
    (599,0)    -1
    (627,0)    -1
    (29734,0)    1
    (31494,0)    1
    (33458,0)    1
    (33540,0)    1
    (642636,0)    -1
    (649478,0)    1
    (711614,0)    -1
    (872966,0)    1
    (1001873,0)    1

iter 259, delta 0

  1134890x1 GraphBLAS double vector, sparse by col, ints: 32/32/32
  delta_vec, 14 entries, memory: 416 bytes

    (544,0)    1
    (570,0)    1
    (582,0)    1
    (587,0)    1
    (599,0)    1
    (627,0)    1
    (29734,0)    -1
    (31494,0)    -1
    (33458,0)    -1
    (33540,0)    -1
    (642636,0)    1
    (649478,0)    -1
    (872966,0)    -1
    (1001873,0)    -1

iter 260, delta 0

  1134890x1 GraphBLAS double vector, sparse by col, ints: 32/32/32
  delta_vec, 14 entries, memory: 416 bytes

    (544,0)    -1
    (570,0)    -1
    (582,0)    -1
    (587,0)    -1
    (599,0)    -1
    (627,0)    -1
    (29734,0)    1
    (31494,0)    1
    (33458,0)    1
    (33540,0)    1
    (33839,0)    1
    (642636,0)    -1
    (872966,0)    1
    (1001873,0)    1

iter 261, delta 0

  1134890x1 GraphBLAS double vector, sparse by col, ints: 32/32/32
  delta_vec, 14 entries, memory: 416 bytes

    (544,0)    1
    (570,0)    1
    (587,0)    1
    (599,0)    1
    (627,0)    1
    (29734,0)    -1
    (31494,0)    -1
    (33458,0)    -1
    (33540,0)    -1
    (33839,0)    -1
    (642636,0)    1
    (711615,0)    1
    (872966,0)    -1
    (1001873,0)    -1

iter 262, delta 0

  1134890x1 GraphBLAS double vector, sparse by col, ints: 32/32/32
  delta_vec, 14 entries, memory: 416 bytes

    (544,0)    -1
    (570,0)    -1
    (587,0)    -1
    (599,0)    -1
    (627,0)    -1
    (29734,0)    1
    (31494,0)    1
    (33458,0)    1
    (33540,0)    1
    (33838,0)    1
    (642636,0)    -1
    (711615,0)    -1
    (872966,0)    1
    (1001873,0)    1

iter 263, delta 0

  1134890x1 GraphBLAS double vector, sparse by col, ints: 32/32/32
  delta_vec, 14 entries, memory: 416 bytes

    (544,0)    1
    (570,0)    1
    (587,0)    1
    (599,0)    1
    (627,0)    1
    (29734,0)    -1
    (31494,0)    -1
    (33458,0)    -1
    (33540,0)    -1
    (33838,0)    -1
    (642636,0)    1
    (711614,0)    1
    (872966,0)    -1
    (1001873,0)    -1

iter 264, delta 0

  1134890x1 GraphBLAS double vector, sparse by col, ints: 32/32/32
  delta_vec, 14 entries, memory: 416 bytes

    (544,0)    -1
    (570,0)    -1
    (587,0)    -1
    (599,0)    -1
    (627,0)    -1
    (29734,0)    1
    (31494,0)    1
    (33458,0)    1
    (33540,0)    1
    (642636,0)    -1
    (649478,0)    1
    (711614,0)    -1
    (872966,0)    1
    (1001873,0)    1

iter 265, delta 0

  1134890x1 GraphBLAS double vector, sparse by col, ints: 32/32/32
  delta_vec, 14 entries, memory: 416 bytes

    (544,0)    1
    (570,0)    1
    (582,0)    1
    (587,0)    1
    (599,0)    1
    (627,0)    1
    (29734,0)    -1
    (31494,0)    -1
    (33458,0)    -1
    (33540,0)    -1
    (642636,0)    1
    (649478,0)    -1
    (872966,0)    -1
    (1001873,0)    -1

iter 266, delta 0

  1134890x1 GraphBLAS double vector, sparse by col, ints: 32/32/32
  delta_vec, 14 entries, memory: 416 bytes

    (544,0)    -1
    (570,0)    -1
    (582,0)    -1
    (587,0)    -1
    (599,0)    -1
    (627,0)    -1
    (29734,0)    1
    (31494,0)    1
    (33458,0)    1
    (33540,0)    1
    (33839,0)    1
    (642636,0)    -1
    (872966,0)    1
    (1001873,0)    1

iter 267, delta 0

  1134890x1 GraphBLAS double vector, sparse by col, ints: 32/32/32
  delta_vec, 14 entries, memory: 416 bytes

    (544,0)    1
    (570,0)    1
    (587,0)    1
    (599,0)    1
    (627,0)    1
    (29734,0)    -1
    (31494,0)    -1
    (33458,0)    -1
    (33540,0)    -1
    (33839,0)    -1
    (642636,0)    1
    (711615,0)    1
    (872966,0)    -1
    (1001873,0)    -1

iter 268, delta 0

  1134890x1 GraphBLAS double vector, sparse by col, ints: 32/32/32
  delta_vec, 14 entries, memory: 416 bytes

    (544,0)    -1
    (570,0)    -1
    (587,0)    -1
    (599,0)    -1
    (627,0)    -1
    (29734,0)    1
    (31494,0)    1
    (33458,0)    1
    (33540,0)    1
    (33838,0)    1
    (642636,0)    -1
    (711615,0)    -1
    (872966,0)    1
    (1001873,0)    1

iter 269, delta 0

  1134890x1 GraphBLAS double vector, sparse by col, ints: 32/32/32
  delta_vec, 14 entries, memory: 416 bytes

    (544,0)    1
    (570,0)    1
    (587,0)    1
    (599,0)    1
    (627,0)    1
    (29734,0)    -1
    (31494,0)    -1
    (33458,0)    -1
    (33540,0)    -1
    (33838,0)    -1
    (642636,0)    1
    (711614,0)    1
    (872966,0)    -1
    (1001873,0)    -1

iter 270, delta 0

  1134890x1 GraphBLAS double vector, sparse by col, ints: 32/32/32
  delta_vec, 14 entries, memory: 416 bytes

    (544,0)    -1
    (570,0)    -1
    (587,0)    -1
    (599,0)    -1
    (627,0)    -1
    (29734,0)    1
    (31494,0)    1
    (33458,0)    1
    (33540,0)    1
    (642636,0)    -1
    (649478,0)    1
    (711614,0)    -1
    (872966,0)    1
    (1001873,0)    1

iter 271, delta 0

  1134890x1 GraphBLAS double vector, sparse by col, ints: 32/32/32
  delta_vec, 14 entries, memory: 416 bytes

    (544,0)    1
    (570,0)    1
    (582,0)    1
    (587,0)    1
    (599,0)    1
    (627,0)    1
    (29734,0)    -1
    (31494,0)    -1
    (33458,0)    -1
    (33540,0)    -1
    (642636,0)    1
    (649478,0)    -1
    (872966,0)    -1
    (1001873,0)    -1

iter 272, delta 0

  1134890x1 GraphBLAS double vector, sparse by col, ints: 32/32/32
  delta_vec, 14 entries, memory: 416 bytes

    (544,0)    -1
    (570,0)    -1
    (582,0)    -1
    (587,0)    -1
    (599,0)    -1
    (627,0)    -1
    (29734,0)    1
    (31494,0)    1
    (33458,0)    1
    (33540,0)    1
    (33839,0)    1
    (642636,0)    -1
    (872966,0)    1
    (1001873,0)    1

iter 273, delta 0

  1134890x1 GraphBLAS double vector, sparse by col, ints: 32/32/32
  delta_vec, 14 entries, memory: 416 bytes

    (544,0)    1
    (570,0)    1
    (587,0)    1
    (599,0)    1
    (627,0)    1
    (29734,0)    -1
    (31494,0)    -1
    (33458,0)    -1
    (33540,0)    -1
    (33839,0)    -1
    (642636,0)    1
    (711615,0)    1
    (872966,0)    -1
    (1001873,0)    -1

iter 274, delta 0

  1134890x1 GraphBLAS double vector, sparse by col, ints: 32/32/32
  delta_vec, 14 entries, memory: 416 bytes

    (544,0)    -1
    (570,0)    -1
    (587,0)    -1
    (599,0)    -1
    (627,0)    -1
    (29734,0)    1
    (31494,0)    1
    (33458,0)    1
    (33540,0)    1
    (33838,0)    1
    (642636,0)    -1
    (711615,0)    -1
    (872966,0)    1
    (1001873,0)    1

iter 275, delta 0

  1134890x1 GraphBLAS double vector, sparse by col, ints: 32/32/32
  delta_vec, 14 entries, memory: 416 bytes

    (544,0)    1
    (570,0)    1
    (587,0)    1
    (599,0)    1
    (627,0)    1
    (29734,0)    -1
    (31494,0)    -1
    (33458,0)    -1
    (33540,0)    -1
    (33838,0)    -1
    (642636,0)    1
    (711614,0)    1
    (872966,0)    -1
    (1001873,0)    -1

iter 276, delta 0

  1134890x1 GraphBLAS double vector, sparse by col, ints: 32/32/32
  delta_vec, 14 entries, memory: 416 bytes

    (544,0)    -1
    (570,0)    -1
    (587,0)    -1
    (599,0)    -1
    (627,0)    -1
    (29734,0)    1
    (31494,0)    1
    (33458,0)    1
    (33540,0)    1
    (642636,0)    -1
    (649478,0)    1
    (711614,0)    -1
    (872966,0)    1
    (1001873,0)    1

iter 277, delta 0

  1134890x1 GraphBLAS double vector, sparse by col, ints: 32/32/32
  delta_vec, 14 entries, memory: 416 bytes

    (544,0)    1
    (570,0)    1
    (582,0)    1
    (587,0)    1
    (599,0)    1
    (627,0)    1
    (29734,0)    -1
    (31494,0)    -1
    (33458,0)    -1
    (33540,0)    -1
    (642636,0)    1
    (649478,0)    -1
    (872966,0)    -1
    (1001873,0)    -1

iter 278, delta 0

  1134890x1 GraphBLAS double vector, sparse by col, ints: 32/32/32
  delta_vec, 14 entries, memory: 416 bytes

    (544,0)    -1
    (570,0)    -1
    (582,0)    -1
    (587,0)    -1
    (599,0)    -1
    (627,0)    -1
    (29734,0)    1
    (31494,0)    1
    (33458,0)    1
    (33540,0)    1
    (33839,0)    1
    (642636,0)    -1
    (872966,0)    1
    (1001873,0)    1

iter 279, delta 0

  1134890x1 GraphBLAS double vector, sparse by col, ints: 32/32/32
  delta_vec, 14 entries, memory: 416 bytes

    (544,0)    1
    (570,0)    1
    (587,0)    1
    (599,0)    1
    (627,0)    1
    (29734,0)    -1
    (31494,0)    -1
    (33458,0)    -1
    (33540,0)    -1
    (33839,0)    -1
    (642636,0)    1
    (711615,0)    1
    (872966,0)    -1
    (1001873,0)    -1

iter 280, delta 0

  1134890x1 GraphBLAS double vector, sparse by col, ints: 32/32/32
  delta_vec, 14 entries, memory: 416 bytes

    (544,0)    -1
    (570,0)    -1
    (587,0)    -1
    (599,0)    -1
    (627,0)    -1
    (29734,0)    1
    (31494,0)    1
    (33458,0)    1
    (33540,0)    1
    (33838,0)    1
    (642636,0)    -1
    (711615,0)    -1
    (872966,0)    1
    (1001873,0)    1

iter 281, delta 0

  1134890x1 GraphBLAS double vector, sparse by col, ints: 32/32/32
  delta_vec, 14 entries, memory: 416 bytes

    (544,0)    1
    (570,0)    1
    (587,0)    1
    (599,0)    1
    (627,0)    1
    (29734,0)    -1
    (31494,0)    -1
    (33458,0)    -1
    (33540,0)    -1
    (33838,0)    -1
    (642636,0)    1
    (711614,0)    1
    (872966,0)    -1
    (1001873,0)    -1

iter 282, delta 0

  1134890x1 GraphBLAS double vector, sparse by col, ints: 32/32/32
  delta_vec, 14 entries, memory: 416 bytes

    (544,0)    -1
    (570,0)    -1
    (587,0)    -1
    (599,0)    -1
    (627,0)    -1
    (29734,0)    1
    (31494,0)    1
    (33458,0)    1
    (33540,0)    1
    (642636,0)    -1
    (649478,0)    1
    (711614,0)    -1
    (872966,0)    1
    (1001873,0)    1

iter 283, delta 0

  1134890x1 GraphBLAS double vector, sparse by col, ints: 32/32/32
  delta_vec, 14 entries, memory: 416 bytes

    (544,0)    1
    (570,0)    1
    (582,0)    1
    (587,0)    1
    (599,0)    1
    (627,0)    1
    (29734,0)    -1
    (31494,0)    -1
    (33458,0)    -1
    (33540,0)    -1
    (642636,0)    1
    (649478,0)    -1
    (872966,0)    -1
    (1001873,0)    -1

iter 284, delta 0

  1134890x1 GraphBLAS double vector, sparse by col, ints: 32/32/32
  delta_vec, 14 entries, memory: 416 bytes

    (544,0)    -1
    (570,0)    -1
    (582,0)    -1
    (587,0)    -1
    (599,0)    -1
    (627,0)    -1
    (29734,0)    1
    (31494,0)    1
    (33458,0)    1
    (33540,0)    1
    (33839,0)    1
    (642636,0)    -1
    (872966,0)    1
    (1001873,0)    1

iter 285, delta 0

  1134890x1 GraphBLAS double vector, sparse by col, ints: 32/32/32
  delta_vec, 14 entries, memory: 416 bytes

    (544,0)    1
    (570,0)    1
    (587,0)    1
    (599,0)    1
    (627,0)    1
    (29734,0)    -1
    (31494,0)    -1
    (33458,0)    -1
    (33540,0)    -1
    (33839,0)    -1
    (642636,0)    1
    (711615,0)    1
    (872966,0)    -1
    (1001873,0)    -1

iter 286, delta 0

  1134890x1 GraphBLAS double vector, sparse by col, ints: 32/32/32
  delta_vec, 14 entries, memory: 416 bytes

    (544,0)    -1
    (570,0)    -1
    (587,0)    -1
    (599,0)    -1
    (627,0)    -1
    (29734,0)    1
    (31494,0)    1
    (33458,0)    1
    (33540,0)    1
    (33838,0)    1
    (642636,0)    -1
    (711615,0)    -1
    (872966,0)    1
    (1001873,0)    1

iter 287, delta 0

  1134890x1 GraphBLAS double vector, sparse by col, ints: 32/32/32
  delta_vec, 14 entries, memory: 416 bytes

    (544,0)    1
    (570,0)    1
    (587,0)    1
    (599,0)    1
    (627,0)    1
    (29734,0)    -1
    (31494,0)    -1
    (33458,0)    -1
    (33540,0)    -1
    (33838,0)    -1
    (642636,0)    1
    (711614,0)    1
    (872966,0)    -1
    (1001873,0)    -1

iter 288, delta 0

  1134890x1 GraphBLAS double vector, sparse by col, ints: 32/32/32
  delta_vec, 14 entries, memory: 416 bytes

    (544,0)    -1
    (570,0)    -1
    (587,0)    -1
    (599,0)    -1
    (627,0)    -1
    (29734,0)    1
    (31494,0)    1
    (33458,0)    1
    (33540,0)    1
    (642636,0)    -1
    (649478,0)    1
    (711614,0)    -1
    (872966,0)    1
    (1001873,0)    1

iter 289, delta 0

  1134890x1 GraphBLAS double vector, sparse by col, ints: 32/32/32
  delta_vec, 14 entries, memory: 416 bytes

    (544,0)    1
    (570,0)    1
    (582,0)    1
    (587,0)    1
    (599,0)    1
    (627,0)    1
    (29734,0)    -1
    (31494,0)    -1
    (33458,0)    -1
    (33540,0)    -1
    (642636,0)    1
    (649478,0)    -1
    (872966,0)    -1
    (1001873,0)    -1

iter 290, delta 0

  1134890x1 GraphBLAS double vector, sparse by col, ints: 32/32/32
  delta_vec, 14 entries, memory: 416 bytes

    (544,0)    -1
    (570,0)    -1
    (582,0)    -1
    (587,0)    -1
    (599,0)    -1
    (627,0)    -1
    (29734,0)    1
    (31494,0)    1
    (33458,0)    1
    (33540,0)    1
    (33839,0)    1
    (642636,0)    -1
    (872966,0)    1
    (1001873,0)    1

iter 291, delta 0

  1134890x1 GraphBLAS double vector, sparse by col, ints: 32/32/32
  delta_vec, 14 entries, memory: 416 bytes

    (544,0)    1
    (570,0)    1
    (587,0)    1
    (599,0)    1
    (627,0)    1
    (29734,0)    -1
    (31494,0)    -1
    (33458,0)    -1
    (33540,0)    -1
    (33839,0)    -1
    (642636,0)    1
    (711615,0)    1
    (872966,0)    -1
    (1001873,0)    -1

iter 292, delta 0

  1134890x1 GraphBLAS double vector, sparse by col, ints: 32/32/32
  delta_vec, 14 entries, memory: 416 bytes

    (544,0)    -1
    (570,0)    -1
    (587,0)    -1
    (599,0)    -1
    (627,0)    -1
    (29734,0)    1
    (31494,0)    1
    (33458,0)    1
    (33540,0)    1
    (33838,0)    1
    (642636,0)    -1
    (711615,0)    -1
    (872966,0)    1
    (1001873,0)    1

iter 293, delta 0

  1134890x1 GraphBLAS double vector, sparse by col, ints: 32/32/32
  delta_vec, 14 entries, memory: 416 bytes

    (544,0)    1
    (570,0)    1
    (587,0)    1
    (599,0)    1
    (627,0)    1
    (29734,0)    -1
    (31494,0)    -1
    (33458,0)    -1
    (33540,0)    -1
    (33838,0)    -1
    (642636,0)    1
    (711614,0)    1
    (872966,0)    -1
    (1001873,0)    -1

iter 294, delta 0

  1134890x1 GraphBLAS double vector, sparse by col, ints: 32/32/32
  delta_vec, 14 entries, memory: 416 bytes

    (544,0)    -1
    (570,0)    -1
    (587,0)    -1
    (599,0)    -1
    (627,0)    -1
    (29734,0)    1
    (31494,0)    1
    (33458,0)    1
    (33540,0)    1
    (642636,0)    -1
    (649478,0)    1
    (711614,0)    -1
    (872966,0)    1
    (1001873,0)    1

iter 295, delta 0

  1134890x1 GraphBLAS double vector, sparse by col, ints: 32/32/32
  delta_vec, 14 entries, memory: 416 bytes

    (544,0)    1
    (570,0)    1
    (582,0)    1
    (587,0)    1
    (599,0)    1
    (627,0)    1
    (29734,0)    -1
    (31494,0)    -1
    (33458,0)    -1
    (33540,0)    -1
    (642636,0)    1
    (649478,0)    -1
    (872966,0)    -1
    (1001873,0)    -1

iter 296, delta 0

  1134890x1 GraphBLAS double vector, sparse by col, ints: 32/32/32
  delta_vec, 14 entries, memory: 416 bytes

    (544,0)    -1
    (570,0)    -1
    (582,0)    -1
    (587,0)    -1
    (599,0)    -1
    (627,0)    -1
    (29734,0)    1
    (31494,0)    1
    (33458,0)    1
    (33540,0)    1
    (33839,0)    1
    (642636,0)    -1
    (872966,0)    1
    (1001873,0)    1

iter 297, delta 0

  1134890x1 GraphBLAS double vector, sparse by col, ints: 32/32/32
  delta_vec, 14 entries, memory: 416 bytes

    (544,0)    1
    (570,0)    1
    (587,0)    1
    (599,0)    1
    (627,0)    1
    (29734,0)    -1
    (31494,0)    -1
    (33458,0)    -1
    (33540,0)    -1
    (33839,0)    -1
    (642636,0)    1
    (711615,0)    1
    (872966,0)    -1
    (1001873,0)    -1

iter 298, delta 0

  1134890x1 GraphBLAS double vector, sparse by col, ints: 32/32/32
  delta_vec, 14 entries, memory: 416 bytes

    (544,0)    -1
    (570,0)    -1
    (587,0)    -1
    (599,0)    -1
    (627,0)    -1
    (29734,0)    1
    (31494,0)    1
    (33458,0)    1
    (33540,0)    1
    (33838,0)    1
    (642636,0)    -1
    (711615,0)    -1
    (872966,0)    1
    (1001873,0)    1

iter 299, delta 0

  1134890x1 GraphBLAS double vector, sparse by col, ints: 32/32/32
  delta_vec, 14 entries, memory: 416 bytes

    (544,0)    1
    (570,0)    1
    (587,0)    1
    (599,0)    1
    (627,0)    1
    (29734,0)    -1
    (31494,0)    -1
    (33458,0)    -1
    (33540,0)    -1
    (33838,0)    -1
    (642636,0)    1
    (711614,0)    1
    (872966,0)    -1
    (1001873,0)    -1

iter 300, delta 0

  1134890x1 GraphBLAS double vector, sparse by col, ints: 32/32/32
  delta_vec, 14 entries, memory: 416 bytes

    (544,0)    -1
    (570,0)    -1
    (587,0)    -1
    (599,0)    -1
    (627,0)    -1
    (29734,0)    1
    (31494,0)    1
    (33458,0)    1
    (33540,0)    1
    (642636,0)    -1
    (649478,0)    1
    (711614,0)    -1
    (872966,0)    1
    (1001873,0)    1

iter 301, delta 0

  1134890x1 GraphBLAS double vector, sparse by col, ints: 32/32/32
  delta_vec, 14 entries, memory: 416 bytes

    (544,0)    1
    (570,0)    1
    (582,0)    1
    (587,0)    1
    (599,0)    1
    (627,0)    1
    (29734,0)    -1
    (31494,0)    -1
    (33458,0)    -1
    (33540,0)    -1
    (642636,0)    1
    (649478,0)    -1
    (872966,0)    -1
    (1001873,0)    -1

iter 302, delta 0

  1134890x1 GraphBLAS double vector, sparse by col, ints: 32/32/32
  delta_vec, 14 entries, memory: 416 bytes

    (544,0)    -1
    (570,0)    -1
    (582,0)    -1
    (587,0)    -1
    (599,0)    -1
    (627,0)    -1
    (29734,0)    1
    (31494,0)    1
    (33458,0)    1
    (33540,0)    1
    (33839,0)    1
    (642636,0)    -1
    (872966,0)    1
    (1001873,0)    1

iter 303, delta 0

  1134890x1 GraphBLAS double vector, sparse by col, ints: 32/32/32
  delta_vec, 14 entries, memory: 416 bytes

    (544,0)    1
    (570,0)    1
    (587,0)    1
    (599,0)    1
    (627,0)    1
    (29734,0)    -1
    (31494,0)    -1
    (33458,0)    -1
    (33540,0)    -1
    (33839,0)    -1
    (642636,0)    1
    (711615,0)    1
    (872966,0)    -1
    (1001873,0)    -1

iter 304, delta 0

  1134890x1 GraphBLAS double vector, sparse by col, ints: 32/32/32
  delta_vec, 14 entries, memory: 416 bytes

    (544,0)    -1
    (570,0)    -1
    (587,0)    -1
    (599,0)    -1
    (627,0)    -1
    (29734,0)    1
    (31494,0)    1
    (33458,0)    1
    (33540,0)    1
    (33838,0)    1
    (642636,0)    -1
    (711615,0)    -1
    (872966,0)    1
    (1001873,0)    1

iter 305, delta 0

  1134890x1 GraphBLAS double vector, sparse by col, ints: 32/32/32
  delta_vec, 14 entries, memory: 416 bytes

    (544,0)    1
    (570,0)    1
    (587,0)    1
    (599,0)    1
    (627,0)    1
    (29734,0)    -1
    (31494,0)    -1
    (33458,0)    -1
    (33540,0)    -1
    (33838,0)    -1
    (642636,0)    1
    (711614,0)    1
    (872966,0)    -1
    (1001873,0)    -1

iter 306, delta 0

  1134890x1 GraphBLAS double vector, sparse by col, ints: 32/32/32
  delta_vec, 14 entries, memory: 416 bytes

    (544,0)    -1
    (570,0)    -1
    (587,0)    -1
    (599,0)    -1
    (627,0)    -1
    (29734,0)    1
    (31494,0)    1
    (33458,0)    1
    (33540,0)    1
    (642636,0)    -1
    (649478,0)    1
    (711614,0)    -1
    (872966,0)    1
    (1001873,0)    1

iter 307, delta 0

  1134890x1 GraphBLAS double vector, sparse by col, ints: 32/32/32
  delta_vec, 14 entries, memory: 416 bytes

    (544,0)    1
    (570,0)    1
    (582,0)    1
    (587,0)    1
    (599,0)    1
    (627,0)    1
    (29734,0)    -1
    (31494,0)    -1
    (33458,0)    -1
    (33540,0)    -1
    (642636,0)    1
    (649478,0)    -1
    (872966,0)    -1
    (1001873,0)    -1

iter 308, delta 0

  1134890x1 GraphBLAS double vector, sparse by col, ints: 32/32/32
  delta_vec, 14 entries, memory: 416 bytes

    (544,0)    -1
    (570,0)    -1
    (582,0)    -1
    (587,0)    -1
    (599,0)    -1
    (627,0)    -1
    (29734,0)    1
    (31494,0)    1
    (33458,0)    1
    (33540,0)    1
    (33839,0)    1
    (642636,0)    -1
    (872966,0)    1
    (1001873,0)    1

iter 309, delta 0

  1134890x1 GraphBLAS double vector, sparse by col, ints: 32/32/32
  delta_vec, 14 entries, memory: 416 bytes

    (544,0)    1
    (570,0)    1
    (587,0)    1
    (599,0)    1
    (627,0)    1
    (29734,0)    -1
    (31494,0)    -1
    (33458,0)    -1
    (33540,0)    -1
    (33839,0)    -1
    (642636,0)    1
    (711615,0)    1
    (872966,0)    -1
    (1001873,0)    -1

iter 310, delta 0

  1134890x1 GraphBLAS double vector, sparse by col, ints: 32/32/32
  delta_vec, 14 entries, memory: 416 bytes

    (544,0)    -1
    (570,0)    -1
    (587,0)    -1
    (599,0)    -1
    (627,0)    -1
    (29734,0)    1
    (31494,0)    1
    (33458,0)    1
    (33540,0)    1
    (33838,0)    1
    (642636,0)    -1
    (711615,0)    -1
    (872966,0)    1
    (1001873,0)    1

iter 311, delta 0

  1134890x1 GraphBLAS double vector, sparse by col, ints: 32/32/32
  delta_vec, 14 entries, memory: 416 bytes

    (544,0)    1
    (570,0)    1
    (587,0)    1
    (599,0)    1
    (627,0)    1
    (29734,0)    -1
    (31494,0)    -1
    (33458,0)    -1
    (33540,0)    -1
    (33838,0)    -1
    (642636,0)    1
    (711614,0)    1
    (872966,0)    -1
    (1001873,0)    -1

iter 312, delta 0

  1134890x1 GraphBLAS double vector, sparse by col, ints: 32/32/32
  delta_vec, 14 entries, memory: 416 bytes

    (544,0)    -1
    (570,0)    -1
    (587,0)    -1
    (599,0)    -1
    (627,0)    -1
    (29734,0)    1
    (31494,0)    1
    (33458,0)    1
    (33540,0)    1
    (642636,0)    -1
    (649478,0)    1
    (711614,0)    -1
    (872966,0)    1
    (1001873,0)    1

iter 313, delta 0

  1134890x1 GraphBLAS double vector, sparse by col, ints: 32/32/32
  delta_vec, 14 entries, memory: 416 bytes

    (544,0)    1
    (570,0)    1
    (582,0)    1
    (587,0)    1
    (599,0)    1
    (627,0)    1
    (29734,0)    -1
    (31494,0)    -1
    (33458,0)    -1
    (33540,0)    -1
    (642636,0)    1
    (649478,0)    -1
    (872966,0)    -1
    (1001873,0)    -1

iter 314, delta 0

  1134890x1 GraphBLAS double vector, sparse by col, ints: 32/32/32
  delta_vec, 14 entries, memory: 416 bytes

    (544,0)    -1
    (570,0)    -1
    (582,0)    -1
    (587,0)    -1
    (599,0)    -1
    (627,0)    -1
    (29734,0)    1
    (31494,0)    1
    (33458,0)    1
    (33540,0)    1
    (33839,0)    1
    (642636,0)    -1
    (872966,0)    1
    (1001873,0)    1

iter 315, delta 0

  1134890x1 GraphBLAS double vector, sparse by col, ints: 32/32/32
  delta_vec, 14 entries, memory: 416 bytes

    (544,0)    1
    (570,0)    1
    (587,0)    1
    (599,0)    1
    (627,0)    1
    (29734,0)    -1
    (31494,0)    -1
    (33458,0)    -1
    (33540,0)    -1
    (33839,0)    -1
    (642636,0)    1
    (711615,0)    1
    (872966,0)    -1
    (1001873,0)    -1

iter 316, delta 0

  1134890x1 GraphBLAS double vector, sparse by col, ints: 32/32/32
  delta_vec, 14 entries, memory: 416 bytes

    (544,0)    -1
    (570,0)    -1
    (587,0)    -1
    (599,0)    -1
    (627,0)    -1
    (29734,0)    1
    (31494,0)    1
    (33458,0)    1
    (33540,0)    1
    (33838,0)    1
    (642636,0)    -1
    (711615,0)    -1
    (872966,0)    1
    (1001873,0)    1

iter 317, delta 0

  1134890x1 GraphBLAS double vector, sparse by col, ints: 32/32/32
  delta_vec, 14 entries, memory: 416 bytes

    (544,0)    1
    (570,0)    1
    (587,0)    1
    (599,0)    1
    (627,0)    1
    (29734,0)    -1
    (31494,0)    -1
    (33458,0)    -1
    (33540,0)    -1
    (33838,0)    -1
    (642636,0)    1
    (711614,0)    1
    (872966,0)    -1
    (1001873,0)    -1

iter 318, delta 0

  1134890x1 GraphBLAS double vector, sparse by col, ints: 32/32/32
  delta_vec, 14 entries, memory: 416 bytes

    (544,0)    -1
    (570,0)    -1
    (587,0)    -1
    (599,0)    -1
    (627,0)    -1
    (29734,0)    1
    (31494,0)    1
    (33458,0)    1
    (33540,0)    1
    (642636,0)    -1
    (649478,0)    1
    (711614,0)    -1
    (872966,0)    1
    (1001873,0)    1

iter 319, delta 0

  1134890x1 GraphBLAS double vector, sparse by col, ints: 32/32/32
  delta_vec, 14 entries, memory: 416 bytes

    (544,0)    1
    (570,0)    1
    (582,0)    1
    (587,0)    1
    (599,0)    1
    (627,0)    1
    (29734,0)    -1
    (31494,0)    -1
    (33458,0)    -1
    (33540,0)    -1
    (642636,0)    1
    (649478,0)    -1
    (872966,0)    -1
    (1001873,0)    -1

iter 320, delta 0

  1134890x1 GraphBLAS double vector, sparse by col, ints: 32/32/32
  delta_vec, 14 entries, memory: 416 bytes

    (544,0)    -1
    (570,0)    -1
    (582,0)    -1
    (587,0)    -1
    (599,0)    -1
    (627,0)    -1
    (29734,0)    1
    (31494,0)    1
    (33458,0)    1
    (33540,0)    1
    (33839,0)    1
    (642636,0)    -1
    (872966,0)    1
    (1001873,0)    1

iter 321, delta 0

  1134890x1 GraphBLAS double vector, sparse by col, ints: 32/32/32
  delta_vec, 14 entries, memory: 416 bytes

    (544,0)    1
    (570,0)    1
    (587,0)    1
    (599,0)    1
    (627,0)    1
    (29734,0)    -1
    (31494,0)    -1
    (33458,0)    -1
    (33540,0)    -1
    (33839,0)    -1
    (642636,0)    1
    (711615,0)    1
    (872966,0)    -1
    (1001873,0)    -1

iter 322, delta 0

  1134890x1 GraphBLAS double vector, sparse by col, ints: 32/32/32
  delta_vec, 14 entries, memory: 416 bytes

    (544,0)    -1
    (570,0)    -1
    (587,0)    -1
    (599,0)    -1
    (627,0)    -1
    (29734,0)    1
    (31494,0)    1
    (33458,0)    1
    (33540,0)    1
    (33838,0)    1
    (642636,0)    -1
    (711615,0)    -1
    (872966,0)    1
    (1001873,0)    1

iter 323, delta 0

  1134890x1 GraphBLAS double vector, sparse by col, ints: 32/32/32
  delta_vec, 14 entries, memory: 416 bytes

    (544,0)    1
    (570,0)    1
    (587,0)    1
    (599,0)    1
    (627,0)    1
    (29734,0)    -1
    (31494,0)    -1
    (33458,0)    -1
    (33540,0)    -1
    (33838,0)    -1
    (642636,0)    1
    (711614,0)    1
    (872966,0)    -1
    (1001873,0)    -1

iter 324, delta 0

  1134890x1 GraphBLAS double vector, sparse by col, ints: 32/32/32
  delta_vec, 14 entries, memory: 416 bytes

    (544,0)    -1
    (570,0)    -1
    (587,0)    -1
    (599,0)    -1
    (627,0)    -1
    (29734,0)    1
    (31494,0)    1
    (33458,0)    1
    (33540,0)    1
    (642636,0)    -1
    (649478,0)    1
    (711614,0)    -1
    (872966,0)    1
    (1001873,0)    1

iter 325, delta 0

  1134890x1 GraphBLAS double vector, sparse by col, ints: 32/32/32
  delta_vec, 14 entries, memory: 416 bytes

    (544,0)    1
    (570,0)    1
    (582,0)    1
    (587,0)    1
    (599,0)    1
    (627,0)    1
    (29734,0)    -1
    (31494,0)    -1
    (33458,0)    -1
    (33540,0)    -1
    (642636,0)    1
    (649478,0)    -1
    (872966,0)    -1
    (1001873,0)    -1

iter 326, delta 0

  1134890x1 GraphBLAS double vector, sparse by col, ints: 32/32/32
  delta_vec, 14 entries, memory: 416 bytes

    (544,0)    -1
    (570,0)    -1
    (582,0)    -1
    (587,0)    -1
    (599,0)    -1
    (627,0)    -1
    (29734,0)    1
    (31494,0)    1
    (33458,0)    1
    (33540,0)    1
    (33839,0)    1
    (642636,0)    -1
    (872966,0)    1
    (1001873,0)    1

iter 327, delta 0

  1134890x1 GraphBLAS double vector, sparse by col, ints: 32/32/32
  delta_vec, 14 entries, memory: 416 bytes

    (544,0)    1
    (570,0)    1
    (587,0)    1
    (599,0)    1
    (627,0)    1
    (29734,0)    -1
    (31494,0)    -1
    (33458,0)    -1
    (33540,0)    -1
    (33839,0)    -1
    (642636,0)    1
    (711615,0)    1
    (872966,0)    -1
    (1001873,0)    -1

iter 328, delta 0

  1134890x1 GraphBLAS double vector, sparse by col, ints: 32/32/32
  delta_vec, 14 entries, memory: 416 bytes

    (544,0)    -1
    (570,0)    -1
    (587,0)    -1
    (599,0)    -1
    (627,0)    -1
    (29734,0)    1
    (31494,0)    1
    (33458,0)    1
    (33540,0)    1
    (33838,0)    1
    (642636,0)    -1
    (711615,0)    -1
    (872966,0)    1
    (1001873,0)    1

iter 329, delta 0

  1134890x1 GraphBLAS double vector, sparse by col, ints: 32/32/32
  delta_vec, 14 entries, memory: 416 bytes

    (544,0)    1
    (570,0)    1
    (587,0)    1
    (599,0)    1
    (627,0)    1
    (29734,0)    -1
    (31494,0)    -1
    (33458,0)    -1
    (33540,0)    -1
    (33838,0)    -1
    (642636,0)    1
    (711614,0)    1
    (872966,0)    -1
    (1001873,0)    -1

iter 330, delta 0

  1134890x1 GraphBLAS double vector, sparse by col, ints: 32/32/32
  delta_vec, 14 entries, memory: 416 bytes

    (544,0)    -1
    (570,0)    -1
    (587,0)    -1
    (599,0)    -1
    (627,0)    -1
    (29734,0)    1
    (31494,0)    1
    (33458,0)    1
    (33540,0)    1
    (642636,0)    -1
    (649478,0)    1
    (711614,0)    -1
    (872966,0)    1
    (1001873,0)    1

iter 331, delta 0

  1134890x1 GraphBLAS double vector, sparse by col, ints: 32/32/32
  delta_vec, 14 entries, memory: 416 bytes

    (544,0)    1
    (570,0)    1
    (582,0)    1
    (587,0)    1
    (599,0)    1
    (627,0)    1
    (29734,0)    -1
    (31494,0)    -1
    (33458,0)    -1
    (33540,0)    -1
    (642636,0)    1
    (649478,0)    -1
    (872966,0)    -1
    (1001873,0)    -1

iter 332, delta 0

  1134890x1 GraphBLAS double vector, sparse by col, ints: 32/32/32
  delta_vec, 14 entries, memory: 416 bytes

    (544,0)    -1
    (570,0)    -1
    (582,0)    -1
    (587,0)    -1
    (599,0)    -1
    (627,0)    -1
    (29734,0)    1
    (31494,0)    1
    (33458,0)    1
    (33540,0)    1
    (33839,0)    1
    (642636,0)    -1
    (872966,0)    1
    (1001873,0)    1

iter 333, delta 0

  1134890x1 GraphBLAS double vector, sparse by col, ints: 32/32/32
  delta_vec, 14 entries, memory: 416 bytes

    (544,0)    1
    (570,0)    1
    (587,0)    1
    (599,0)    1
    (627,0)    1
    (29734,0)    -1
    (31494,0)    -1
    (33458,0)    -1
    (33540,0)    -1
    (33839,0)    -1
    (642636,0)    1
    (711615,0)    1
    (872966,0)    -1
    (1001873,0)    -1

iter 334, delta 0

  1134890x1 GraphBLAS double vector, sparse by col, ints: 32/32/32
  delta_vec, 14 entries, memory: 416 bytes

    (544,0)    -1
    (570,0)    -1
    (587,0)    -1
    (599,0)    -1
    (627,0)    -1
    (29734,0)    1
    (31494,0)    1
    (33458,0)    1
    (33540,0)    1
    (33838,0)    1
    (642636,0)    -1
    (711615,0)    -1
    (872966,0)    1
    (1001873,0)    1

iter 335, delta 0

  1134890x1 GraphBLAS double vector, sparse by col, ints: 32/32/32
  delta_vec, 14 entries, memory: 416 bytes

    (544,0)    1
    (570,0)    1
    (587,0)    1
    (599,0)    1
    (627,0)    1
    (29734,0)    -1
    (31494,0)    -1
    (33458,0)    -1
    (33540,0)    -1
    (33838,0)    -1
    (642636,0)    1
    (711614,0)    1
    (872966,0)    -1
    (1001873,0)    -1

iter 336, delta 0

  1134890x1 GraphBLAS double vector, sparse by col, ints: 32/32/32
  delta_vec, 14 entries, memory: 416 bytes

    (544,0)    -1
    (570,0)    -1
    (587,0)    -1
    (599,0)    -1
    (627,0)    -1
    (29734,0)    1
    (31494,0)    1
    (33458,0)    1
    (33540,0)    1
    (642636,0)    -1
    (649478,0)    1
    (711614,0)    -1
    (872966,0)    1
    (1001873,0)    1

iter 337, delta 0

  1134890x1 GraphBLAS double vector, sparse by col, ints: 32/32/32
  delta_vec, 14 entries, memory: 416 bytes

    (544,0)    1
    (570,0)    1
    (582,0)    1
    (587,0)    1
    (599,0)    1
    (627,0)    1
    (29734,0)    -1
    (31494,0)    -1
    (33458,0)    -1
    (33540,0)    -1
    (642636,0)    1
    (649478,0)    -1
    (872966,0)    -1
    (1001873,0)    -1

iter 338, delta 0

  1134890x1 GraphBLAS double vector, sparse by col, ints: 32/32/32
  delta_vec, 14 entries, memory: 416 bytes

    (544,0)    -1
    (570,0)    -1
    (582,0)    -1
    (587,0)    -1
    (599,0)    -1
    (627,0)    -1
    (29734,0)    1
    (31494,0)    1
    (33458,0)    1
    (33540,0)    1
    (33839,0)    1
    (642636,0)    -1
    (872966,0)    1
    (1001873,0)    1

iter 339, delta 0

  1134890x1 GraphBLAS double vector, sparse by col, ints: 32/32/32
  delta_vec, 14 entries, memory: 416 bytes

    (544,0)    1
    (570,0)    1
    (587,0)    1
    (599,0)    1
    (627,0)    1
    (29734,0)    -1
    (31494,0)    -1
    (33458,0)    -1
    (33540,0)    -1
    (33839,0)    -1
    (642636,0)    1
    (711615,0)    1
    (872966,0)    -1
    (1001873,0)    -1

iter 340, delta 0

  1134890x1 GraphBLAS double vector, sparse by col, ints: 32/32/32
  delta_vec, 14 entries, memory: 416 bytes

    (544,0)    -1
    (570,0)    -1
    (587,0)    -1
    (599,0)    -1
    (627,0)    -1
    (29734,0)    1
    (31494,0)    1
    (33458,0)    1
    (33540,0)    1
    (33838,0)    1
    (642636,0)    -1
    (711615,0)    -1
    (872966,0)    1
    (1001873,0)    1

iter 341, delta 0

  1134890x1 GraphBLAS double vector, sparse by col, ints: 32/32/32
  delta_vec, 14 entries, memory: 416 bytes

    (544,0)    1
    (570,0)    1
    (587,0)    1
    (599,0)    1
    (627,0)    1
    (29734,0)    -1
    (31494,0)    -1
    (33458,0)    -1
    (33540,0)    -1
    (33838,0)    -1
    (642636,0)    1
    (711614,0)    1
    (872966,0)    -1
    (1001873,0)    -1

iter 342, delta 0

  1134890x1 GraphBLAS double vector, sparse by col, ints: 32/32/32
  delta_vec, 14 entries, memory: 416 bytes

    (544,0)    -1
    (570,0)    -1
    (587,0)    -1
    (599,0)    -1
    (627,0)    -1
    (29734,0)    1
    (31494,0)    1
    (33458,0)    1
    (33540,0)    1
    (642636,0)    -1
    (649478,0)    1
    (711614,0)    -1
    (872966,0)    1
    (1001873,0)    1

iter 343, delta 0

  1134890x1 GraphBLAS double vector, sparse by col, ints: 32/32/32
  delta_vec, 14 entries, memory: 416 bytes

    (544,0)    1
    (570,0)    1
    (582,0)    1
    (587,0)    1
    (599,0)    1
    (627,0)    1
    (29734,0)    -1
    (31494,0)    -1
    (33458,0)    -1
    (33540,0)    -1
    (642636,0)    1
    (649478,0)    -1
    (872966,0)    -1
    (1001873,0)    -1

iter 344, delta 0

  1134890x1 GraphBLAS double vector, sparse by col, ints: 32/32/32
  delta_vec, 14 entries, memory: 416 bytes

    (544,0)    -1
    (570,0)    -1
    (582,0)    -1
    (587,0)    -1
    (599,0)    -1
    (627,0)    -1
    (29734,0)    1
    (31494,0)    1
    (33458,0)    1
    (33540,0)    1
    (33839,0)    1
    (642636,0)    -1
    (872966,0)    1
    (1001873,0)    1

iter 345, delta 0

  1134890x1 GraphBLAS double vector, sparse by col, ints: 32/32/32
  delta_vec, 14 entries, memory: 416 bytes

    (544,0)    1
    (570,0)    1
    (587,0)    1
    (599,0)    1
    (627,0)    1
    (29734,0)    -1
    (31494,0)    -1
    (33458,0)    -1
    (33540,0)    -1
    (33839,0)    -1
    (642636,0)    1
    (711615,0)    1
    (872966,0)    -1
    (1001873,0)    -1

iter 346, delta 0

  1134890x1 GraphBLAS double vector, sparse by col, ints: 32/32/32
  delta_vec, 14 entries, memory: 416 bytes

    (544,0)    -1
    (570,0)    -1
    (587,0)    -1
    (599,0)    -1
    (627,0)    -1
    (29734,0)    1
    (31494,0)    1
    (33458,0)    1
    (33540,0)    1
    (33838,0)    1
    (642636,0)    -1
    (711615,0)    -1
    (872966,0)    1
    (1001873,0)    1

iter 347, delta 0

  1134890x1 GraphBLAS double vector, sparse by col, ints: 32/32/32
  delta_vec, 14 entries, memory: 416 bytes

    (544,0)    1
    (570,0)    1
    (587,0)    1
    (599,0)    1
    (627,0)    1
    (29734,0)    -1
    (31494,0)    -1
    (33458,0)    -1
    (33540,0)    -1
    (33838,0)    -1
    (642636,0)    1
    (711614,0)    1
    (872966,0)    -1
    (1001873,0)    -1

iter 348, delta 0

  1134890x1 GraphBLAS double vector, sparse by col, ints: 32/32/32
  delta_vec, 14 entries, memory: 416 bytes

    (544,0)    -1
    (570,0)    -1
    (587,0)    -1
    (599,0)    -1
    (627,0)    -1
    (29734,0)    1
    (31494,0)    1
    (33458,0)    1
    (33540,0)    1
    (642636,0)    -1
    (649478,0)    1
    (711614,0)    -1
    (872966,0)    1
    (1001873,0)    1

iter 349, delta 0

  1134890x1 GraphBLAS double vector, sparse by col, ints: 32/32/32
  delta_vec, 14 entries, memory: 416 bytes

    (544,0)    1
    (570,0)    1
    (582,0)    1
    (587,0)    1
    (599,0)    1
    (627,0)    1
    (29734,0)    -1
    (31494,0)    -1
    (33458,0)    -1
    (33540,0)    -1
    (642636,0)    1
    (649478,0)    -1
    (872966,0)    -1
    (1001873,0)    -1

iter 350, delta 0

  1134890x1 GraphBLAS double vector, sparse by col, ints: 32/32/32
  delta_vec, 14 entries, memory: 416 bytes

    (544,0)    -1
    (570,0)    -1
    (582,0)    -1
    (587,0)    -1
    (599,0)    -1
    (627,0)    -1
    (29734,0)    1
    (31494,0)    1
    (33458,0)    1
    (33540,0)    1
    (33839,0)    1
    (642636,0)    -1
    (872966,0)    1
    (1001873,0)    1

iter 351, delta 0

  1134890x1 GraphBLAS double vector, sparse by col, ints: 32/32/32
  delta_vec, 14 entries, memory: 416 bytes

    (544,0)    1
    (570,0)    1
    (587,0)    1
    (599,0)    1
    (627,0)    1
    (29734,0)    -1
    (31494,0)    -1
    (33458,0)    -1
    (33540,0)    -1
    (33839,0)    -1
    (642636,0)    1
    (711615,0)    1
    (872966,0)    -1
    (1001873,0)    -1

iter 352, delta 0

  1134890x1 GraphBLAS double vector, sparse by col, ints: 32/32/32
  delta_vec, 14 entries, memory: 416 bytes

    (544,0)    -1
    (570,0)    -1
    (587,0)    -1
    (599,0)    -1
    (627,0)    -1
    (29734,0)    1
    (31494,0)    1
    (33458,0)    1
    (33540,0)    1
    (33838,0)    1
    (642636,0)    -1
    (711615,0)    -1
    (872966,0)    1
    (1001873,0)    1

iter 353, delta 0

  1134890x1 GraphBLAS double vector, sparse by col, ints: 32/32/32
  delta_vec, 14 entries, memory: 416 bytes

    (544,0)    1
    (570,0)    1
    (587,0)    1
    (599,0)    1
    (627,0)    1
    (29734,0)    -1
    (31494,0)    -1
    (33458,0)    -1
    (33540,0)    -1
    (33838,0)    -1
    (642636,0)    1
    (711614,0)    1
    (872966,0)    -1
    (1001873,0)    -1

iter 354, delta 0

  1134890x1 GraphBLAS double vector, sparse by col, ints: 32/32/32
  delta_vec, 14 entries, memory: 416 bytes

    (544,0)    -1
    (570,0)    -1
    (587,0)    -1
    (599,0)    -1
    (627,0)    -1
    (29734,0)    1
    (31494,0)    1
    (33458,0)    1
    (33540,0)    1
    (642636,0)    -1
    (649478,0)    1
    (711614,0)    -1
    (872966,0)    1
    (1001873,0)    1

iter 355, delta 0

  1134890x1 GraphBLAS double vector, sparse by col, ints: 32/32/32
  delta_vec, 14 entries, memory: 416 bytes

    (544,0)    1
    (570,0)    1
    (582,0)    1
    (587,0)    1
    (599,0)    1
    (627,0)    1
    (29734,0)    -1
    (31494,0)    -1
    (33458,0)    -1
    (33540,0)    -1
    (642636,0)    1
    (649478,0)    -1
    (872966,0)    -1
    (1001873,0)    -1

iter 356, delta 0

  1134890x1 GraphBLAS double vector, sparse by col, ints: 32/32/32
  delta_vec, 14 entries, memory: 416 bytes

    (544,0)    -1
    (570,0)    -1
    (582,0)    -1
    (587,0)    -1
    (599,0)    -1
    (627,0)    -1
    (29734,0)    1
    (31494,0)    1
    (33458,0)    1
    (33540,0)    1
    (33839,0)    1
    (642636,0)    -1
    (872966,0)    1
    (1001873,0)    1

iter 357, delta 0

  1134890x1 GraphBLAS double vector, sparse by col, ints: 32/32/32
  delta_vec, 14 entries, memory: 416 bytes

    (544,0)    1
    (570,0)    1
    (587,0)    1
    (599,0)    1
    (627,0)    1
    (29734,0)    -1
    (31494,0)    -1
    (33458,0)    -1
    (33540,0)    -1
    (33839,0)    -1
    (642636,0)    1
    (711615,0)    1
    (872966,0)    -1
    (1001873,0)    -1

iter 358, delta 0

  1134890x1 GraphBLAS double vector, sparse by col, ints: 32/32/32
  delta_vec, 14 entries, memory: 416 bytes

    (544,0)    -1
    (570,0)    -1
    (587,0)    -1
    (599,0)    -1
    (627,0)    -1
    (29734,0)    1
    (31494,0)    1
    (33458,0)    1
    (33540,0)    1
    (33838,0)    1
    (642636,0)    -1
    (711615,0)    -1
    (872966,0)    1
    (1001873,0)    1

iter 359, delta 0

  1134890x1 GraphBLAS double vector, sparse by col, ints: 32/32/32
  delta_vec, 14 entries, memory: 416 bytes

    (544,0)    1
    (570,0)    1
    (587,0)    1
    (599,0)    1
    (627,0)    1
    (29734,0)    -1
    (31494,0)    -1
    (33458,0)    -1
    (33540,0)    -1
    (33838,0)    -1
    (642636,0)    1
    (711614,0)    1
    (872966,0)    -1
    (1001873,0)    -1

iter 360, delta 0

  1134890x1 GraphBLAS double vector, sparse by col, ints: 32/32/32
  delta_vec, 14 entries, memory: 416 bytes

    (544,0)    -1
    (570,0)    -1
    (587,0)    -1
    (599,0)    -1
    (627,0)    -1
    (29734,0)    1
    (31494,0)    1
    (33458,0)    1
    (33540,0)    1
    (642636,0)    -1
    (649478,0)    1
    (711614,0)    -1
    (872966,0)    1
    (1001873,0)    1

iter 361, delta 0

  1134890x1 GraphBLAS double vector, sparse by col, ints: 32/32/32
  delta_vec, 14 entries, memory: 416 bytes

    (544,0)    1
    (570,0)    1
    (582,0)    1
    (587,0)    1
    (599,0)    1
    (627,0)    1
    (29734,0)    -1
    (31494,0)    -1
    (33458,0)    -1
    (33540,0)    -1
    (642636,0)    1
    (649478,0)    -1
    (872966,0)    -1
    (1001873,0)    -1

iter 362, delta 0

  1134890x1 GraphBLAS double vector, sparse by col, ints: 32/32/32
  delta_vec, 14 entries, memory: 416 bytes

    (544,0)    -1
    (570,0)    -1
    (582,0)    -1
    (587,0)    -1
    (599,0)    -1
    (627,0)    -1
    (29734,0)    1
    (31494,0)    1
    (33458,0)    1
    (33540,0)    1
    (33839,0)    1
    (642636,0)    -1
    (872966,0)    1
    (1001873,0)    1

iter 363, delta 0

  1134890x1 GraphBLAS double vector, sparse by col, ints: 32/32/32
  delta_vec, 14 entries, memory: 416 bytes

    (544,0)    1
    (570,0)    1
    (587,0)    1
    (599,0)    1
    (627,0)    1
    (29734,0)    -1
    (31494,0)    -1
    (33458,0)    -1
    (33540,0)    -1
    (33839,0)    -1
    (642636,0)    1
    (711615,0)    1
    (872966,0)    -1
    (1001873,0)    -1

iter 364, delta 0

  1134890x1 GraphBLAS double vector, sparse by col, ints: 32/32/32
  delta_vec, 14 entries, memory: 416 bytes

    (544,0)    -1
    (570,0)    -1
    (587,0)    -1
    (599,0)    -1
    (627,0)    -1
    (29734,0)    1
    (31494,0)    1
    (33458,0)    1
    (33540,0)    1
    (33838,0)    1
    (642636,0)    -1
    (711615,0)    -1
    (872966,0)    1
    (1001873,0)    1

iter 365, delta 0

  1134890x1 GraphBLAS double vector, sparse by col, ints: 32/32/32
  delta_vec, 14 entries, memory: 416 bytes

    (544,0)    1
    (570,0)    1
    (587,0)    1
    (599,0)    1
    (627,0)    1
    (29734,0)    -1
    (31494,0)    -1
    (33458,0)    -1
    (33540,0)    -1
    (33838,0)    -1
    (642636,0)    1
    (711614,0)    1
    (872966,0)    -1
    (1001873,0)    -1

iter 366, delta 0

  1134890x1 GraphBLAS double vector, sparse by col, ints: 32/32/32
  delta_vec, 14 entries, memory: 416 bytes

    (544,0)    -1
    (570,0)    -1
    (587,0)    -1
    (599,0)    -1
    (627,0)    -1
    (29734,0)    1
    (31494,0)    1
    (33458,0)    1
    (33540,0)    1
    (642636,0)    -1
    (649478,0)    1
    (711614,0)    -1
    (872966,0)    1
    (1001873,0)    1

iter 367, delta 0

  1134890x1 GraphBLAS double vector, sparse by col, ints: 32/32/32
  delta_vec, 14 entries, memory: 416 bytes

    (544,0)    1
    (570,0)    1
    (582,0)    1
    (587,0)    1
    (599,0)    1
    (627,0)    1
    (29734,0)    -1
    (31494,0)    -1
    (33458,0)    -1
    (33540,0)    -1
    (642636,0)    1
    (649478,0)    -1
    (872966,0)    -1
    (1001873,0)    -1

iter 368, delta 0

  1134890x1 GraphBLAS double vector, sparse by col, ints: 32/32/32
  delta_vec, 14 entries, memory: 416 bytes

    (544,0)    -1
    (570,0)    -1
    (582,0)    -1
    (587,0)    -1
    (599,0)    -1
    (627,0)    -1
    (29734,0)    1
    (31494,0)    1
    (33458,0)    1
    (33540,0)    1
    (33839,0)    1
    (642636,0)    -1
    (872966,0)    1
    (1001873,0)    1

iter 369, delta 0

  1134890x1 GraphBLAS double vector, sparse by col, ints: 32/32/32
  delta_vec, 14 entries, memory: 416 bytes

    (544,0)    1
    (570,0)    1
    (587,0)    1
    (599,0)    1
    (627,0)    1
    (29734,0)    -1
    (31494,0)    -1
    (33458,0)    -1
    (33540,0)    -1
    (33839,0)    -1
    (642636,0)    1
    (711615,0)    1
    (872966,0)    -1
    (1001873,0)    -1

iter 370, delta 0

  1134890x1 GraphBLAS double vector, sparse by col, ints: 32/32/32
  delta_vec, 14 entries, memory: 416 bytes

    (544,0)    -1
    (570,0)    -1
    (587,0)    -1
    (599,0)    -1
    (627,0)    -1
    (29734,0)    1
    (31494,0)    1
    (33458,0)    1
    (33540,0)    1
    (33838,0)    1
    (642636,0)    -1
    (711615,0)    -1
    (872966,0)    1
    (1001873,0)    1

iter 371, delta 0

  1134890x1 GraphBLAS double vector, sparse by col, ints: 32/32/32
  delta_vec, 14 entries, memory: 416 bytes

    (544,0)    1
    (570,0)    1
    (587,0)    1
    (599,0)    1
    (627,0)    1
    (29734,0)    -1
    (31494,0)    -1
    (33458,0)    -1
    (33540,0)    -1
    (33838,0)    -1
    (642636,0)    1
    (711614,0)    1
    (872966,0)    -1
    (1001873,0)    -1

iter 372, delta 0

  1134890x1 GraphBLAS double vector, sparse by col, ints: 32/32/32
  delta_vec, 14 entries, memory: 416 bytes

    (544,0)    -1
    (570,0)    -1
    (587,0)    -1
    (599,0)    -1
    (627,0)    -1
    (29734,0)    1
    (31494,0)    1
    (33458,0)    1
    (33540,0)    1
    (642636,0)    -1
    (649478,0)    1
    (711614,0)    -1
    (872966,0)    1
    (1001873,0)    1

iter 373, delta 0

  1134890x1 GraphBLAS double vector, sparse by col, ints: 32/32/32
  delta_vec, 14 entries, memory: 416 bytes

    (544,0)    1
    (570,0)    1
    (582,0)    1
    (587,0)    1
    (599,0)    1
    (627,0)    1
    (29734,0)    -1
    (31494,0)    -1
    (33458,0)    -1
    (33540,0)    -1
    (642636,0)    1
    (649478,0)    -1
    (872966,0)    -1
    (1001873,0)    -1

iter 374, delta 0

  1134890x1 GraphBLAS double vector, sparse by col, ints: 32/32/32
  delta_vec, 14 entries, memory: 416 bytes

    (544,0)    -1
    (570,0)    -1
    (582,0)    -1
    (587,0)    -1
    (599,0)    -1
    (627,0)    -1
    (29734,0)    1
    (31494,0)    1
    (33458,0)    1
    (33540,0)    1
    (33839,0)    1
    (642636,0)    -1
    (872966,0)    1
    (1001873,0)    1

iter 375, delta 0

  1134890x1 GraphBLAS double vector, sparse by col, ints: 32/32/32
  delta_vec, 14 entries, memory: 416 bytes

    (544,0)    1
    (570,0)    1
    (587,0)    1
    (599,0)    1
    (627,0)    1
    (29734,0)    -1
    (31494,0)    -1
    (33458,0)    -1
    (33540,0)    -1
    (33839,0)    -1
    (642636,0)    1
    (711615,0)    1
    (872966,0)    -1
    (1001873,0)    -1

iter 376, delta 0

  1134890x1 GraphBLAS double vector, sparse by col, ints: 32/32/32
  delta_vec, 14 entries, memory: 416 bytes

    (544,0)    -1
    (570,0)    -1
    (587,0)    -1
    (599,0)    -1
    (627,0)    -1
    (29734,0)    1
    (31494,0)    1
    (33458,0)    1
    (33540,0)    1
    (33838,0)    1
    (642636,0)    -1
    (711615,0)    -1
    (872966,0)    1
    (1001873,0)    1

iter 377, delta 0

  1134890x1 GraphBLAS double vector, sparse by col, ints: 32/32/32
  delta_vec, 14 entries, memory: 416 bytes

    (544,0)    1
    (570,0)    1
    (587,0)    1
    (599,0)    1
    (627,0)    1
    (29734,0)    -1
    (31494,0)    -1
    (33458,0)    -1
    (33540,0)    -1
    (33838,0)    -1
    (642636,0)    1
    (711614,0)    1
    (872966,0)    -1
    (1001873,0)    -1

iter 378, delta 0

  1134890x1 GraphBLAS double vector, sparse by col, ints: 32/32/32
  delta_vec, 14 entries, memory: 416 bytes

    (544,0)    -1
    (570,0)    -1
    (587,0)    -1
    (599,0)    -1
    (627,0)    -1
    (29734,0)    1
    (31494,0)    1
    (33458,0)    1
    (33540,0)    1
    (642636,0)    -1
    (649478,0)    1
    (711614,0)    -1
    (872966,0)    1
    (1001873,0)    1

iter 379, delta 0

  1134890x1 GraphBLAS double vector, sparse by col, ints: 32/32/32
  delta_vec, 14 entries, memory: 416 bytes

    (544,0)    1
    (570,0)    1
    (582,0)    1
    (587,0)    1
    (599,0)    1
    (627,0)    1
    (29734,0)    -1
    (31494,0)    -1
    (33458,0)    -1
    (33540,0)    -1
    (642636,0)    1
    (649478,0)    -1
    (872966,0)    -1
    (1001873,0)    -1

iter 380, delta 0

  1134890x1 GraphBLAS double vector, sparse by col, ints: 32/32/32
  delta_vec, 14 entries, memory: 416 bytes

    (544,0)    -1
    (570,0)    -1
    (582,0)    -1
    (587,0)    -1
    (599,0)    -1
    (627,0)    -1
    (29734,0)    1
    (31494,0)    1
    (33458,0)    1
    (33540,0)    1
    (33839,0)    1
    (642636,0)    -1
    (872966,0)    1
    (1001873,0)    1

iter 381, delta 0

  1134890x1 GraphBLAS double vector, sparse by col, ints: 32/32/32
  delta_vec, 14 entries, memory: 416 bytes

    (544,0)    1
    (570,0)    1
    (587,0)    1
    (599,0)    1
    (627,0)    1
    (29734,0)    -1
    (31494,0)    -1
    (33458,0)    -1
    (33540,0)    -1
    (33839,0)    -1
    (642636,0)    1
    (711615,0)    1
    (872966,0)    -1
    (1001873,0)    -1

iter 382, delta 0

  1134890x1 GraphBLAS double vector, sparse by col, ints: 32/32/32
  delta_vec, 14 entries, memory: 416 bytes

    (544,0)    -1
    (570,0)    -1
    (587,0)    -1
    (599,0)    -1
    (627,0)    -1
    (29734,0)    1
    (31494,0)    1
    (33458,0)    1
    (33540,0)    1
    (33838,0)    1
    (642636,0)    -1
    (711615,0)    -1
    (872966,0)    1
    (1001873,0)    1

iter 383, delta 0

  1134890x1 GraphBLAS double vector, sparse by col, ints: 32/32/32
  delta_vec, 14 entries, memory: 416 bytes

    (544,0)    1
    (570,0)    1
    (587,0)    1
    (599,0)    1
    (627,0)    1
    (29734,0)    -1
    (31494,0)    -1
    (33458,0)    -1
    (33540,0)    -1
    (33838,0)    -1
    (642636,0)    1
    (711614,0)    1
    (872966,0)    -1
    (1001873,0)    -1

iter 384, delta 0

  1134890x1 GraphBLAS double vector, sparse by col, ints: 32/32/32
  delta_vec, 14 entries, memory: 416 bytes

    (544,0)    -1
    (570,0)    -1
    (587,0)    -1
    (599,0)    -1
    (627,0)    -1
    (29734,0)    1
    (31494,0)    1
    (33458,0)    1
    (33540,0)    1
    (642636,0)    -1
    (649478,0)    1
    (711614,0)    -1
    (872966,0)    1
    (1001873,0)    1

iter 385, delta 0

  1134890x1 GraphBLAS double vector, sparse by col, ints: 32/32/32
  delta_vec, 14 entries, memory: 416 bytes

    (544,0)    1
    (570,0)    1
    (582,0)    1
    (587,0)    1
    (599,0)    1
    (627,0)    1
    (29734,0)    -1
    (31494,0)    -1
    (33458,0)    -1
    (33540,0)    -1
    (642636,0)    1
    (649478,0)    -1
    (872966,0)    -1
    (1001873,0)    -1

iter 386, delta 0

  1134890x1 GraphBLAS double vector, sparse by col, ints: 32/32/32
  delta_vec, 14 entries, memory: 416 bytes

    (544,0)    -1
    (570,0)    -1
    (582,0)    -1
    (587,0)    -1
    (599,0)    -1
    (627,0)    -1
    (29734,0)    1
    (31494,0)    1
    (33458,0)    1
    (33540,0)    1
    (33839,0)    1
    (642636,0)    -1
    (872966,0)    1
    (1001873,0)    1

iter 387, delta 0

  1134890x1 GraphBLAS double vector, sparse by col, ints: 32/32/32
  delta_vec, 14 entries, memory: 416 bytes

    (544,0)    1
    (570,0)    1
    (587,0)    1
    (599,0)    1
    (627,0)    1
    (29734,0)    -1
    (31494,0)    -1
    (33458,0)    -1
    (33540,0)    -1
    (33839,0)    -1
    (642636,0)    1
    (711615,0)    1
    (872966,0)    -1
    (1001873,0)    -1

iter 388, delta 0

  1134890x1 GraphBLAS double vector, sparse by col, ints: 32/32/32
  delta_vec, 14 entries, memory: 416 bytes

    (544,0)    -1
    (570,0)    -1
    (587,0)    -1
    (599,0)    -1
    (627,0)    -1
    (29734,0)    1
    (31494,0)    1
    (33458,0)    1
    (33540,0)    1
    (33838,0)    1
    (642636,0)    -1
    (711615,0)    -1
    (872966,0)    1
    (1001873,0)    1

iter 389, delta 0

  1134890x1 GraphBLAS double vector, sparse by col, ints: 32/32/32
  delta_vec, 14 entries, memory: 416 bytes

    (544,0)    1
    (570,0)    1
    (587,0)    1
    (599,0)    1
    (627,0)    1
    (29734,0)    -1
    (31494,0)    -1
    (33458,0)    -1
    (33540,0)    -1
    (33838,0)    -1
    (642636,0)    1
    (711614,0)    1
    (872966,0)    -1
    (1001873,0)    -1

iter 390, delta 0

  1134890x1 GraphBLAS double vector, sparse by col, ints: 32/32/32
  delta_vec, 14 entries, memory: 416 bytes

    (544,0)    -1
    (570,0)    -1
    (587,0)    -1
    (599,0)    -1
    (627,0)    -1
    (29734,0)    1
    (31494,0)    1
    (33458,0)    1
    (33540,0)    1
    (642636,0)    -1
    (649478,0)    1
    (711614,0)    -1
    (872966,0)    1
    (1001873,0)    1

iter 391, delta 0

  1134890x1 GraphBLAS double vector, sparse by col, ints: 32/32/32
  delta_vec, 14 entries, memory: 416 bytes

    (544,0)    1
    (570,0)    1
    (582,0)    1
    (587,0)    1
    (599,0)    1
    (627,0)    1
    (29734,0)    -1
    (31494,0)    -1
    (33458,0)    -1
    (33540,0)    -1
    (642636,0)    1
    (649478,0)    -1
    (872966,0)    -1
    (1001873,0)    -1

iter 392, delta 0

  1134890x1 GraphBLAS double vector, sparse by col, ints: 32/32/32
  delta_vec, 14 entries, memory: 416 bytes

    (544,0)    -1
    (570,0)    -1
    (582,0)    -1
    (587,0)    -1
    (599,0)    -1
    (627,0)    -1
    (29734,0)    1
    (31494,0)    1
    (33458,0)    1
    (33540,0)    1
    (33839,0)    1
    (642636,0)    -1
    (872966,0)    1
    (1001873,0)    1

iter 393, delta 0

  1134890x1 GraphBLAS double vector, sparse by col, ints: 32/32/32
  delta_vec, 14 entries, memory: 416 bytes

    (544,0)    1
    (570,0)    1
    (587,0)    1
    (599,0)    1
    (627,0)    1
    (29734,0)    -1
    (31494,0)    -1
    (33458,0)    -1
    (33540,0)    -1
    (33839,0)    -1
    (642636,0)    1
    (711615,0)    1
    (872966,0)    -1
    (1001873,0)    -1

iter 394, delta 0

  1134890x1 GraphBLAS double vector, sparse by col, ints: 32/32/32
  delta_vec, 14 entries, memory: 416 bytes

    (544,0)    -1
    (570,0)    -1
    (587,0)    -1
    (599,0)    -1
    (627,0)    -1
    (29734,0)    1
    (31494,0)    1
    (33458,0)    1
    (33540,0)    1
    (33838,0)    1
    (642636,0)    -1
    (711615,0)    -1
    (872966,0)    1
    (1001873,0)    1

iter 395, delta 0

  1134890x1 GraphBLAS double vector, sparse by col, ints: 32/32/32
  delta_vec, 14 entries, memory: 416 bytes

    (544,0)    1
    (570,0)    1
    (587,0)    1
    (599,0)    1
    (627,0)    1
    (29734,0)    -1
    (31494,0)    -1
    (33458,0)    -1
    (33540,0)    -1
    (33838,0)    -1
    (642636,0)    1
    (711614,0)    1
    (872966,0)    -1
    (1001873,0)    -1

iter 396, delta 0

  1134890x1 GraphBLAS double vector, sparse by col, ints: 32/32/32
  delta_vec, 14 entries, memory: 416 bytes

    (544,0)    -1
    (570,0)    -1
    (587,0)    -1
    (599,0)    -1
    (627,0)    -1
    (29734,0)    1
    (31494,0)    1
    (33458,0)    1
    (33540,0)    1
    (642636,0)    -1
    (649478,0)    1
    (711614,0)    -1
    (872966,0)    1
    (1001873,0)    1

iter 397, delta 0

  1134890x1 GraphBLAS double vector, sparse by col, ints: 32/32/32
  delta_vec, 14 entries, memory: 416 bytes

    (544,0)    1
    (570,0)    1
    (582,0)    1
    (587,0)    1
    (599,0)    1
    (627,0)    1
    (29734,0)    -1
    (31494,0)    -1
    (33458,0)    -1
    (33540,0)    -1
    (642636,0)    1
    (649478,0)    -1
    (872966,0)    -1
    (1001873,0)    -1

iter 398, delta 0

  1134890x1 GraphBLAS double vector, sparse by col, ints: 32/32/32
  delta_vec, 14 entries, memory: 416 bytes

    (544,0)    -1
    (570,0)    -1
    (582,0)    -1
    (587,0)    -1
    (599,0)    -1
    (627,0)    -1
    (29734,0)    1
    (31494,0)    1
    (33458,0)    1
    (33540,0)    1
    (33839,0)    1
    (642636,0)    -1
    (872966,0)    1
    (1001873,0)    1

iter 399, delta 0

  1134890x1 GraphBLAS double vector, sparse by col, ints: 32/32/32
  delta_vec, 14 entries, memory: 416 bytes

    (544,0)    1
    (570,0)    1
    (587,0)    1
    (599,0)    1
    (627,0)    1
    (29734,0)    -1
    (31494,0)    -1
    (33458,0)    -1
    (33540,0)    -1
    (33839,0)    -1
    (642636,0)    1
    (711615,0)    1
    (872966,0)    -1
    (1001873,0)    -1

iter 400, delta 0

  1134890x1 GraphBLAS double vector, sparse by col, ints: 32/32/32
  delta_vec, 14 entries, memory: 416 bytes

    (544,0)    -1
    (570,0)    -1
    (587,0)    -1
    (599,0)    -1
    (627,0)    -1
    (29734,0)    1
    (31494,0)    1
    (33458,0)    1
    (33540,0)    1
    (33838,0)    1
    (642636,0)    -1
    (711615,0)    -1
    (872966,0)    1
    (1001873,0)    1

iter 401, delta 0

  1134890x1 GraphBLAS double vector, sparse by col, ints: 32/32/32
  delta_vec, 14 entries, memory: 416 bytes

    (544,0)    1
    (570,0)    1
    (587,0)    1
    (599,0)    1
    (627,0)    1
    (29734,0)    -1
    (31494,0)    -1
    (33458,0)    -1
    (33540,0)    -1
    (33838,0)    -1
    (642636,0)    1
    (711614,0)    1
    (872966,0)    -1
    (1001873,0)    -1

iter 402, delta 0

  1134890x1 GraphBLAS double vector, sparse by col, ints: 32/32/32
  delta_vec, 14 entries, memory: 416 bytes

    (544,0)    -1
    (570,0)    -1
    (587,0)    -1
    (599,0)    -1
    (627,0)    -1
    (29734,0)    1
    (31494,0)    1
    (33458,0)    1
    (33540,0)    1
    (642636,0)    -1
    (649478,0)    1
    (711614,0)    -1
    (872966,0)    1
    (1001873,0)    1

iter 403, delta 0

  1134890x1 GraphBLAS double vector, sparse by col, ints: 32/32/32
  delta_vec, 14 entries, memory: 416 bytes

    (544,0)    1
    (570,0)    1
    (582,0)    1
    (587,0)    1
    (599,0)    1
    (627,0)    1
    (29734,0)    -1
    (31494,0)    -1
    (33458,0)    -1
    (33540,0)    -1
    (642636,0)    1
    (649478,0)    -1
    (872966,0)    -1
    (1001873,0)    -1

iter 404, delta 0

  1134890x1 GraphBLAS double vector, sparse by col, ints: 32/32/32
  delta_vec, 14 entries, memory: 416 bytes

    (544,0)    -1
    (570,0)    -1
    (582,0)    -1
    (587,0)    -1
    (599,0)    -1
    (627,0)    -1
    (29734,0)    1
    (31494,0)    1
    (33458,0)    1
    (33540,0)    1
    (33839,0)    1
    (642636,0)    -1
    (872966,0)    1
    (1001873,0)    1

iter 405, delta 0

  1134890x1 GraphBLAS double vector, sparse by col, ints: 32/32/32
  delta_vec, 14 entries, memory: 416 bytes

    (544,0)    1
    (570,0)    1
    (587,0)    1
    (599,0)    1
    (627,0)    1
    (29734,0)    -1
    (31494,0)    -1
    (33458,0)    -1
    (33540,0)    -1
    (33839,0)    -1
    (642636,0)    1
    (711615,0)    1
    (872966,0)    -1
    (1001873,0)    -1

iter 406, delta 0

  1134890x1 GraphBLAS double vector, sparse by col, ints: 32/32/32
  delta_vec, 14 entries, memory: 416 bytes

    (544,0)    -1
    (570,0)    -1
    (587,0)    -1
    (599,0)    -1
    (627,0)    -1
    (29734,0)    1
    (31494,0)    1
    (33458,0)    1
    (33540,0)    1
    (33838,0)    1
    (642636,0)    -1
    (711615,0)    -1
    (872966,0)    1
    (1001873,0)    1

iter 407, delta 0

  1134890x1 GraphBLAS double vector, sparse by col, ints: 32/32/32
  delta_vec, 14 entries, memory: 416 bytes

    (544,0)    1
    (570,0)    1
    (587,0)    1
    (599,0)    1
    (627,0)    1
    (29734,0)    -1
    (31494,0)    -1
    (33458,0)    -1
    (33540,0)    -1
    (33838,0)    -1
    (642636,0)    1
    (711614,0)    1
    (872966,0)    -1
    (1001873,0)    -1

iter 408, delta 0

  1134890x1 GraphBLAS double vector, sparse by col, ints: 32/32/32
  delta_vec, 14 entries, memory: 416 bytes

    (544,0)    -1
    (570,0)    -1
    (587,0)    -1
    (599,0)    -1
    (627,0)    -1
    (29734,0)    1
    (31494,0)    1
    (33458,0)    1
    (33540,0)    1
    (642636,0)    -1
    (649478,0)    1
    (711614,0)    -1
    (872966,0)    1
    (1001873,0)    1

iter 409, delta 0

  1134890x1 GraphBLAS double vector, sparse by col, ints: 32/32/32
  delta_vec, 14 entries, memory: 416 bytes

    (544,0)    1
    (570,0)    1
    (582,0)    1
    (587,0)    1
    (599,0)    1
    (627,0)    1
    (29734,0)    -1
    (31494,0)    -1
    (33458,0)    -1
    (33540,0)    -1
    (642636,0)    1
    (649478,0)    -1
    (872966,0)    -1
    (1001873,0)    -1

iter 410, delta 0

  1134890x1 GraphBLAS double vector, sparse by col, ints: 32/32/32
  delta_vec, 14 entries, memory: 416 bytes

    (544,0)    -1
    (570,0)    -1
    (582,0)    -1
    (587,0)    -1
    (599,0)    -1
    (627,0)    -1
    (29734,0)    1
    (31494,0)    1
    (33458,0)    1
    (33540,0)    1
    (33839,0)    1
    (642636,0)    -1
    (872966,0)    1
    (1001873,0)    1

iter 411, delta 0

  1134890x1 GraphBLAS double vector, sparse by col, ints: 32/32/32
  delta_vec, 14 entries, memory: 416 bytes

    (544,0)    1
    (570,0)    1
    (587,0)    1
    (599,0)    1
    (627,0)    1
    (29734,0)    -1
    (31494,0)    -1
    (33458,0)    -1
    (33540,0)    -1
    (33839,0)    -1
    (642636,0)    1
    (711615,0)    1
    (872966,0)    -1
    (1001873,0)    -1

iter 412, delta 0

  1134890x1 GraphBLAS double vector, sparse by col, ints: 32/32/32
  delta_vec, 14 entries, memory: 416 bytes

    (544,0)    -1
    (570,0)    -1
    (587,0)    -1
    (599,0)    -1
    (627,0)    -1
    (29734,0)    1
    (31494,0)    1
    (33458,0)    1
    (33540,0)    1
    (33838,0)    1
    (642636,0)    -1
    (711615,0)    -1
    (872966,0)    1
    (1001873,0)    1

iter 413, delta 0

  1134890x1 GraphBLAS double vector, sparse by col, ints: 32/32/32
  delta_vec, 14 entries, memory: 416 bytes

    (544,0)    1
    (570,0)    1
    (587,0)    1
    (599,0)    1
    (627,0)    1
    (29734,0)    -1
    (31494,0)    -1
    (33458,0)    -1
    (33540,0)    -1
    (33838,0)    -1
    (642636,0)    1
    (711614,0)    1
    (872966,0)    -1
    (1001873,0)    -1

iter 414, delta 0

  1134890x1 GraphBLAS double vector, sparse by col, ints: 32/32/32
  delta_vec, 14 entries, memory: 416 bytes

    (544,0)    -1
    (570,0)    -1
    (587,0)    -1
    (599,0)    -1
    (627,0)    -1
    (29734,0)    1
    (31494,0)    1
    (33458,0)    1
    (33540,0)    1
    (642636,0)    -1
    (649478,0)    1
    (711614,0)    -1
    (872966,0)    1
    (1001873,0)    1

iter 415, delta 0

  1134890x1 GraphBLAS double vector, sparse by col, ints: 32/32/32
  delta_vec, 14 entries, memory: 416 bytes

    (544,0)    1
    (570,0)    1
    (582,0)    1
    (587,0)    1
    (599,0)    1
    (627,0)    1
    (29734,0)    -1
    (31494,0)    -1
    (33458,0)    -1
    (33540,0)    -1
    (642636,0)    1
    (649478,0)    -1
    (872966,0)    -1
    (1001873,0)    -1

iter 416, delta 0

  1134890x1 GraphBLAS double vector, sparse by col, ints: 32/32/32
  delta_vec, 14 entries, memory: 416 bytes

    (544,0)    -1
    (570,0)    -1
    (582,0)    -1
    (587,0)    -1
    (599,0)    -1
    (627,0)    -1
    (29734,0)    1
    (31494,0)    1
    (33458,0)    1
    (33540,0)    1
    (33839,0)    1
    (642636,0)    -1
    (872966,0)    1
    (1001873,0)    1

iter 417, delta 0

  1134890x1 GraphBLAS double vector, sparse by col, ints: 32/32/32
  delta_vec, 14 entries, memory: 416 bytes

    (544,0)    1
    (570,0)    1
    (587,0)    1
    (599,0)    1
    (627,0)    1
    (29734,0)    -1
    (31494,0)    -1
    (33458,0)    -1
    (33540,0)    -1
    (33839,0)    -1
    (642636,0)    1
    (711615,0)    1
    (872966,0)    -1
    (1001873,0)    -1

iter 418, delta 0

  1134890x1 GraphBLAS double vector, sparse by col, ints: 32/32/32
  delta_vec, 14 entries, memory: 416 bytes

    (544,0)    -1
    (570,0)    -1
    (587,0)    -1
    (599,0)    -1
    (627,0)    -1
    (29734,0)    1
    (31494,0)    1
    (33458,0)    1
    (33540,0)    1
    (33838,0)    1
    (642636,0)    -1
    (711615,0)    -1
    (872966,0)    1
    (1001873,0)    1

iter 419, delta 0

  1134890x1 GraphBLAS double vector, sparse by col, ints: 32/32/32
  delta_vec, 14 entries, memory: 416 bytes

    (544,0)    1
    (570,0)    1
    (587,0)    1
    (599,0)    1
    (627,0)    1
    (29734,0)    -1
    (31494,0)    -1
    (33458,0)    -1
    (33540,0)    -1
    (33838,0)    -1
    (642636,0)    1
    (711614,0)    1
    (872966,0)    -1
    (1001873,0)    -1

iter 420, delta 0

  1134890x1 GraphBLAS double vector, sparse by col, ints: 32/32/32
  delta_vec, 14 entries, memory: 416 bytes

    (544,0)    -1
    (570,0)    -1
    (587,0)    -1
    (599,0)    -1
    (627,0)    -1
    (29734,0)    1
    (31494,0)    1
    (33458,0)    1
    (33540,0)    1
    (642636,0)    -1
    (649478,0)    1
    (711614,0)    -1
    (872966,0)    1
    (1001873,0)    1

iter 421, delta 0

  1134890x1 GraphBLAS double vector, sparse by col, ints: 32/32/32
  delta_vec, 14 entries, memory: 416 bytes

    (544,0)    1
    (570,0)    1
    (582,0)    1
    (587,0)    1
    (599,0)    1
    (627,0)    1
    (29734,0)    -1
    (31494,0)    -1
    (33458,0)    -1
    (33540,0)    -1
    (642636,0)    1
    (649478,0)    -1
    (872966,0)    -1
    (1001873,0)    -1

iter 422, delta 0

  1134890x1 GraphBLAS double vector, sparse by col, ints: 32/32/32
  delta_vec, 14 entries, memory: 416 bytes

    (544,0)    -1
    (570,0)    -1
    (582,0)    -1
    (587,0)    -1
    (599,0)    -1
    (627,0)    -1
    (29734,0)    1
    (31494,0)    1
    (33458,0)    1
    (33540,0)    1
    (33839,0)    1
    (642636,0)    -1
    (872966,0)    1
    (1001873,0)    1

iter 423, delta 0

  1134890x1 GraphBLAS double vector, sparse by col, ints: 32/32/32
  delta_vec, 14 entries, memory: 416 bytes

    (544,0)    1
    (570,0)    1
    (587,0)    1
    (599,0)    1
    (627,0)    1
    (29734,0)    -1
    (31494,0)    -1
    (33458,0)    -1
    (33540,0)    -1
    (33839,0)    -1
    (642636,0)    1
    (711615,0)    1
    (872966,0)    -1
    (1001873,0)    -1

iter 424, delta 0

  1134890x1 GraphBLAS double vector, sparse by col, ints: 32/32/32
  delta_vec, 14 entries, memory: 416 bytes

    (544,0)    -1
    (570,0)    -1
    (587,0)    -1
    (599,0)    -1
    (627,0)    -1
    (29734,0)    1
    (31494,0)    1
    (33458,0)    1
    (33540,0)    1
    (33838,0)    1
    (642636,0)    -1
    (711615,0)    -1
    (872966,0)    1
    (1001873,0)    1

iter 425, delta 0

  1134890x1 GraphBLAS double vector, sparse by col, ints: 32/32/32
  delta_vec, 14 entries, memory: 416 bytes

    (544,0)    1
    (570,0)    1
    (587,0)    1
    (599,0)    1
    (627,0)    1
    (29734,0)    -1
    (31494,0)    -1
    (33458,0)    -1
    (33540,0)    -1
    (33838,0)    -1
    (642636,0)    1
    (711614,0)    1
    (872966,0)    -1
    (1001873,0)    -1

iter 426, delta 0

  1134890x1 GraphBLAS double vector, sparse by col, ints: 32/32/32
  delta_vec, 14 entries, memory: 416 bytes

    (544,0)    -1
    (570,0)    -1
    (587,0)    -1
    (599,0)    -1
    (627,0)    -1
    (29734,0)    1
    (31494,0)    1
    (33458,0)    1
    (33540,0)    1
    (642636,0)    -1
    (649478,0)    1
    (711614,0)    -1
    (872966,0)    1
    (1001873,0)    1

iter 427, delta 0

  1134890x1 GraphBLAS double vector, sparse by col, ints: 32/32/32
  delta_vec, 14 entries, memory: 416 bytes

    (544,0)    1
    (570,0)    1
    (582,0)    1
    (587,0)    1
    (599,0)    1
    (627,0)    1
    (29734,0)    -1
    (31494,0)    -1
    (33458,0)    -1
    (33540,0)    -1
    (642636,0)    1
    (649478,0)    -1
    (872966,0)    -1
    (1001873,0)    -1

iter 428, delta 0

  1134890x1 GraphBLAS double vector, sparse by col, ints: 32/32/32
  delta_vec, 14 entries, memory: 416 bytes

    (544,0)    -1
    (570,0)    -1
    (582,0)    -1
    (587,0)    -1
    (599,0)    -1
    (627,0)    -1
    (29734,0)    1
    (31494,0)    1
    (33458,0)    1
    (33540,0)    1
    (33839,0)    1
    (642636,0)    -1
    (872966,0)    1
    (1001873,0)    1

iter 429, delta 0

  1134890x1 GraphBLAS double vector, sparse by col, ints: 32/32/32
  delta_vec, 14 entries, memory: 416 bytes

    (544,0)    1
    (570,0)    1
    (587,0)    1
    (599,0)    1
    (627,0)    1
    (29734,0)    -1
    (31494,0)    -1
    (33458,0)    -1
    (33540,0)    -1
    (33839,0)    -1
    (642636,0)    1
    (711615,0)    1
    (872966,0)    -1
    (1001873,0)    -1

iter 430, delta 0

  1134890x1 GraphBLAS double vector, sparse by col, ints: 32/32/32
  delta_vec, 14 entries, memory: 416 bytes

    (544,0)    -1
    (570,0)    -1
    (587,0)    -1
    (599,0)    -1
    (627,0)    -1
    (29734,0)    1
    (31494,0)    1
    (33458,0)    1
    (33540,0)    1
    (33838,0)    1
    (642636,0)    -1
    (711615,0)    -1
    (872966,0)    1
    (1001873,0)    1

iter 431, delta 0

  1134890x1 GraphBLAS double vector, sparse by col, ints: 32/32/32
  delta_vec, 14 entries, memory: 416 bytes

    (544,0)    1
    (570,0)    1
    (587,0)    1
    (599,0)    1
    (627,0)    1
    (29734,0)    -1
    (31494,0)    -1
    (33458,0)    -1
    (33540,0)    -1
    (33838,0)    -1
    (642636,0)    1
    (711614,0)    1
    (872966,0)    -1
    (1001873,0)    -1

iter 432, delta 0

  1134890x1 GraphBLAS double vector, sparse by col, ints: 32/32/32
  delta_vec, 14 entries, memory: 416 bytes

    (544,0)    -1
    (570,0)    -1
    (587,0)    -1
    (599,0)    -1
    (627,0)    -1
    (29734,0)    1
    (31494,0)    1
    (33458,0)    1
    (33540,0)    1
    (642636,0)    -1
    (649478,0)    1
    (711614,0)    -1
    (872966,0)    1
    (1001873,0)    1

iter 433, delta 0

  1134890x1 GraphBLAS double vector, sparse by col, ints: 32/32/32
  delta_vec, 14 entries, memory: 416 bytes

    (544,0)    1
    (570,0)    1
    (582,0)    1
    (587,0)    1
    (599,0)    1
    (627,0)    1
    (29734,0)    -1
    (31494,0)    -1
    (33458,0)    -1
    (33540,0)    -1
    (642636,0)    1
    (649478,0)    -1
    (872966,0)    -1
    (1001873,0)    -1

iter 434, delta 0

  1134890x1 GraphBLAS double vector, sparse by col, ints: 32/32/32
  delta_vec, 14 entries, memory: 416 bytes

    (544,0)    -1
    (570,0)    -1
    (582,0)    -1
    (587,0)    -1
    (599,0)    -1
    (627,0)    -1
    (29734,0)    1
    (31494,0)    1
    (33458,0)    1
    (33540,0)    1
    (33839,0)    1
    (642636,0)    -1
    (872966,0)    1
    (1001873,0)    1

iter 435, delta 0

  1134890x1 GraphBLAS double vector, sparse by col, ints: 32/32/32
  delta_vec, 14 entries, memory: 416 bytes

    (544,0)    1
    (570,0)    1
    (587,0)    1
    (599,0)    1
    (627,0)    1
    (29734,0)    -1
    (31494,0)    -1
    (33458,0)    -1
    (33540,0)    -1
    (33839,0)    -1
    (642636,0)    1
    (711615,0)    1
    (872966,0)    -1
    (1001873,0)    -1

iter 436, delta 0

  1134890x1 GraphBLAS double vector, sparse by col, ints: 32/32/32
  delta_vec, 14 entries, memory: 416 bytes

    (544,0)    -1
    (570,0)    -1
    (587,0)    -1
    (599,0)    -1
    (627,0)    -1
    (29734,0)    1
    (31494,0)    1
    (33458,0)    1
    (33540,0)    1
    (33838,0)    1
    (642636,0)    -1
    (711615,0)    -1
    (872966,0)    1
    (1001873,0)    1

iter 437, delta 0

  1134890x1 GraphBLAS double vector, sparse by col, ints: 32/32/32
  delta_vec, 14 entries, memory: 416 bytes

    (544,0)    1
    (570,0)    1
    (587,0)    1
    (599,0)    1
    (627,0)    1
    (29734,0)    -1
    (31494,0)    -1
    (33458,0)    -1
    (33540,0)    -1
    (33838,0)    -1
    (642636,0)    1
    (711614,0)    1
    (872966,0)    -1
    (1001873,0)    -1

iter 438, delta 0

  1134890x1 GraphBLAS double vector, sparse by col, ints: 32/32/32
  delta_vec, 14 entries, memory: 416 bytes

    (544,0)    -1
    (570,0)    -1
    (587,0)    -1
    (599,0)    -1
    (627,0)    -1
    (29734,0)    1
    (31494,0)    1
    (33458,0)    1
    (33540,0)    1
    (642636,0)    -1
    (649478,0)    1
    (711614,0)    -1
    (872966,0)    1
    (1001873,0)    1

iter 439, delta 0

  1134890x1 GraphBLAS double vector, sparse by col, ints: 32/32/32
  delta_vec, 14 entries, memory: 416 bytes

    (544,0)    1
    (570,0)    1
    (582,0)    1
    (587,0)    1
    (599,0)    1
    (627,0)    1
    (29734,0)    -1
    (31494,0)    -1
    (33458,0)    -1
    (33540,0)    -1
    (642636,0)    1
    (649478,0)    -1
    (872966,0)    -1
    (1001873,0)    -1

iter 440, delta 0

  1134890x1 GraphBLAS double vector, sparse by col, ints: 32/32/32
  delta_vec, 14 entries, memory: 416 bytes

    (544,0)    -1
    (570,0)    -1
    (582,0)    -1
    (587,0)    -1
    (599,0)    -1
    (627,0)    -1
    (29734,0)    1
    (31494,0)    1
    (33458,0)    1
    (33540,0)    1
    (33839,0)    1
    (642636,0)    -1
    (872966,0)    1
    (1001873,0)    1

iter 441, delta 0

  1134890x1 GraphBLAS double vector, sparse by col, ints: 32/32/32
  delta_vec, 14 entries, memory: 416 bytes

    (544,0)    1
    (570,0)    1
    (587,0)    1
    (599,0)    1
    (627,0)    1
    (29734,0)    -1
    (31494,0)    -1
    (33458,0)    -1
    (33540,0)    -1
    (33839,0)    -1
    (642636,0)    1
    (711615,0)    1
    (872966,0)    -1
    (1001873,0)    -1

iter 442, delta 0

  1134890x1 GraphBLAS double vector, sparse by col, ints: 32/32/32
  delta_vec, 14 entries, memory: 416 bytes

    (544,0)    -1
    (570,0)    -1
    (587,0)    -1
    (599,0)    -1
    (627,0)    -1
    (29734,0)    1
    (31494,0)    1
    (33458,0)    1
    (33540,0)    1
    (33838,0)    1
    (642636,0)    -1
    (711615,0)    -1
    (872966,0)    1
    (1001873,0)    1

iter 443, delta 0

  1134890x1 GraphBLAS double vector, sparse by col, ints: 32/32/32
  delta_vec, 14 entries, memory: 416 bytes

    (544,0)    1
    (570,0)    1
    (587,0)    1
    (599,0)    1
    (627,0)    1
    (29734,0)    -1
    (31494,0)    -1
    (33458,0)    -1
    (33540,0)    -1
    (33838,0)    -1
    (642636,0)    1
    (711614,0)    1
    (872966,0)    -1
    (1001873,0)    -1

iter 444, delta 0

  1134890x1 GraphBLAS double vector, sparse by col, ints: 32/32/32
  delta_vec, 14 entries, memory: 416 bytes

    (544,0)    -1
    (570,0)    -1
    (587,0)    -1
    (599,0)    -1
    (627,0)    -1
    (29734,0)    1
    (31494,0)    1
    (33458,0)    1
    (33540,0)    1
    (642636,0)    -1
    (649478,0)    1
    (711614,0)    -1
    (872966,0)    1
    (1001873,0)    1

iter 445, delta 0

  1134890x1 GraphBLAS double vector, sparse by col, ints: 32/32/32
  delta_vec, 14 entries, memory: 416 bytes

    (544,0)    1
    (570,0)    1
    (582,0)    1
    (587,0)    1
    (599,0)    1
    (627,0)    1
    (29734,0)    -1
    (31494,0)    -1
    (33458,0)    -1
    (33540,0)    -1
    (642636,0)    1
    (649478,0)    -1
    (872966,0)    -1
    (1001873,0)    -1

iter 446, delta 0

  1134890x1 GraphBLAS double vector, sparse by col, ints: 32/32/32
  delta_vec, 14 entries, memory: 416 bytes

    (544,0)    -1
    (570,0)    -1
    (582,0)    -1
    (587,0)    -1
    (599,0)    -1
    (627,0)    -1
    (29734,0)    1
    (31494,0)    1
    (33458,0)    1
    (33540,0)    1
    (33839,0)    1
    (642636,0)    -1
    (872966,0)    1
    (1001873,0)    1

iter 447, delta 0

  1134890x1 GraphBLAS double vector, sparse by col, ints: 32/32/32
  delta_vec, 14 entries, memory: 416 bytes

    (544,0)    1
    (570,0)    1
    (587,0)    1
    (599,0)    1
    (627,0)    1
    (29734,0)    -1
    (31494,0)    -1
    (33458,0)    -1
    (33540,0)    -1
    (33839,0)    -1
    (642636,0)    1
    (711615,0)    1
    (872966,0)    -1
    (1001873,0)    -1

iter 448, delta 0

  1134890x1 GraphBLAS double vector, sparse by col, ints: 32/32/32
  delta_vec, 14 entries, memory: 416 bytes

    (544,0)    -1
    (570,0)    -1
    (587,0)    -1
    (599,0)    -1
    (627,0)    -1
    (29734,0)    1
    (31494,0)    1
    (33458,0)    1
    (33540,0)    1
    (33838,0)    1
    (642636,0)    -1
    (711615,0)    -1
    (872966,0)    1
    (1001873,0)    1

iter 449, delta 0

  1134890x1 GraphBLAS double vector, sparse by col, ints: 32/32/32
  delta_vec, 14 entries, memory: 416 bytes

    (544,0)    1
    (570,0)    1
    (587,0)    1
    (599,0)    1
    (627,0)    1
    (29734,0)    -1
    (31494,0)    -1
    (33458,0)    -1
    (33540,0)    -1
    (33838,0)    -1
    (642636,0)    1
    (711614,0)    1
    (872966,0)    -1
    (1001873,0)    -1

iter 450, delta 0

  1134890x1 GraphBLAS double vector, sparse by col, ints: 32/32/32
  delta_vec, 14 entries, memory: 416 bytes

    (544,0)    -1
    (570,0)    -1
    (587,0)    -1
    (599,0)    -1
    (627,0)    -1
    (29734,0)    1
    (31494,0)    1
    (33458,0)    1
    (33540,0)    1
    (642636,0)    -1
    (649478,0)    1
    (711614,0)    -1
    (872966,0)    1
    (1001873,0)    1

iter 451, delta 0

  1134890x1 GraphBLAS double vector, sparse by col, ints: 32/32/32
  delta_vec, 14 entries, memory: 416 bytes

    (544,0)    1
    (570,0)    1
    (582,0)    1
    (587,0)    1
    (599,0)    1
    (627,0)    1
    (29734,0)    -1
    (31494,0)    -1
    (33458,0)    -1
    (33540,0)    -1
    (642636,0)    1
    (649478,0)    -1
    (872966,0)    -1
    (1001873,0)    -1

iter 452, delta 0

  1134890x1 GraphBLAS double vector, sparse by col, ints: 32/32/32
  delta_vec, 14 entries, memory: 416 bytes

    (544,0)    -1
    (570,0)    -1
    (582,0)    -1
    (587,0)    -1
    (599,0)    -1
    (627,0)    -1
    (29734,0)    1
    (31494,0)    1
    (33458,0)    1
    (33540,0)    1
    (33839,0)    1
    (642636,0)    -1
    (872966,0)    1
    (1001873,0)    1

iter 453, delta 0

  1134890x1 GraphBLAS double vector, sparse by col, ints: 32/32/32
  delta_vec, 14 entries, memory: 416 bytes

    (544,0)    1
    (570,0)    1
    (587,0)    1
    (599,0)    1
    (627,0)    1
    (29734,0)    -1
    (31494,0)    -1
    (33458,0)    -1
    (33540,0)    -1
    (33839,0)    -1
    (642636,0)    1
    (711615,0)    1
    (872966,0)    -1
    (1001873,0)    -1

iter 454, delta 0

  1134890x1 GraphBLAS double vector, sparse by col, ints: 32/32/32
  delta_vec, 14 entries, memory: 416 bytes

    (544,0)    -1
    (570,0)    -1
    (587,0)    -1
    (599,0)    -1
    (627,0)    -1
    (29734,0)    1
    (31494,0)    1
    (33458,0)    1
    (33540,0)    1
    (33838,0)    1
    (642636,0)    -1
    (711615,0)    -1
    (872966,0)    1
    (1001873,0)    1

iter 455, delta 0

  1134890x1 GraphBLAS double vector, sparse by col, ints: 32/32/32
  delta_vec, 14 entries, memory: 416 bytes

    (544,0)    1
    (570,0)    1
    (587,0)    1
    (599,0)    1
    (627,0)    1
    (29734,0)    -1
    (31494,0)    -1
    (33458,0)    -1
    (33540,0)    -1
    (33838,0)    -1
    (642636,0)    1
    (711614,0)    1
    (872966,0)    -1
    (1001873,0)    -1

iter 456, delta 0

  1134890x1 GraphBLAS double vector, sparse by col, ints: 32/32/32
  delta_vec, 14 entries, memory: 416 bytes

    (544,0)    -1
    (570,0)    -1
    (587,0)    -1
    (599,0)    -1
    (627,0)    -1
    (29734,0)    1
    (31494,0)    1
    (33458,0)    1
    (33540,0)    1
    (642636,0)    -1
    (649478,0)    1
    (711614,0)    -1
    (872966,0)    1
    (1001873,0)    1

iter 457, delta 0

  1134890x1 GraphBLAS double vector, sparse by col, ints: 32/32/32
  delta_vec, 14 entries, memory: 416 bytes

    (544,0)    1
    (570,0)    1
    (582,0)    1
    (587,0)    1
    (599,0)    1
    (627,0)    1
    (29734,0)    -1
    (31494,0)    -1
    (33458,0)    -1
    (33540,0)    -1
    (642636,0)    1
    (649478,0)    -1
    (872966,0)    -1
    (1001873,0)    -1

iter 458, delta 0

  1134890x1 GraphBLAS double vector, sparse by col, ints: 32/32/32
  delta_vec, 14 entries, memory: 416 bytes

    (544,0)    -1
    (570,0)    -1
    (582,0)    -1
    (587,0)    -1
    (599,0)    -1
    (627,0)    -1
    (29734,0)    1
    (31494,0)    1
    (33458,0)    1
    (33540,0)    1
    (33839,0)    1
    (642636,0)    -1
    (872966,0)    1
    (1001873,0)    1

iter 459, delta 0

  1134890x1 GraphBLAS double vector, sparse by col, ints: 32/32/32
  delta_vec, 14 entries, memory: 416 bytes

    (544,0)    1
    (570,0)    1
    (587,0)    1
    (599,0)    1
    (627,0)    1
    (29734,0)    -1
    (31494,0)    -1
    (33458,0)    -1
    (33540,0)    -1
    (33839,0)    -1
    (642636,0)    1
    (711615,0)    1
    (872966,0)    -1
    (1001873,0)    -1

iter 460, delta 0

  1134890x1 GraphBLAS double vector, sparse by col, ints: 32/32/32
  delta_vec, 14 entries, memory: 416 bytes

    (544,0)    -1
    (570,0)    -1
    (587,0)    -1
    (599,0)    -1
    (627,0)    -1
    (29734,0)    1
    (31494,0)    1
    (33458,0)    1
    (33540,0)    1
    (33838,0)    1
    (642636,0)    -1
    (711615,0)    -1
    (872966,0)    1
    (1001873,0)    1

iter 461, delta 0

  1134890x1 GraphBLAS double vector, sparse by col, ints: 32/32/32
  delta_vec, 14 entries, memory: 416 bytes

    (544,0)    1
    (570,0)    1
    (587,0)    1
    (599,0)    1
    (627,0)    1
    (29734,0)    -1
    (31494,0)    -1
    (33458,0)    -1
    (33540,0)    -1
    (33838,0)    -1
    (642636,0)    1
    (711614,0)    1
    (872966,0)    -1
    (1001873,0)    -1

iter 462, delta 0

  1134890x1 GraphBLAS double vector, sparse by col, ints: 32/32/32
  delta_vec, 14 entries, memory: 416 bytes

    (544,0)    -1
    (570,0)    -1
    (587,0)    -1
    (599,0)    -1
    (627,0)    -1
    (29734,0)    1
    (31494,0)    1
    (33458,0)    1
    (33540,0)    1
    (642636,0)    -1
    (649478,0)    1
    (711614,0)    -1
    (872966,0)    1
    (1001873,0)    1

iter 463, delta 0

  1134890x1 GraphBLAS double vector, sparse by col, ints: 32/32/32
  delta_vec, 14 entries, memory: 416 bytes

    (544,0)    1
    (570,0)    1
    (582,0)    1
    (587,0)    1
    (599,0)    1
    (627,0)    1
    (29734,0)    -1
    (31494,0)    -1
    (33458,0)    -1
    (33540,0)    -1
    (642636,0)    1
    (649478,0)    -1
    (872966,0)    -1
    (1001873,0)    -1

iter 464, delta 0

  1134890x1 GraphBLAS double vector, sparse by col, ints: 32/32/32
  delta_vec, 14 entries, memory: 416 bytes

    (544,0)    -1
    (570,0)    -1
    (582,0)    -1
    (587,0)    -1
    (599,0)    -1
    (627,0)    -1
    (29734,0)    1
    (31494,0)    1
    (33458,0)    1
    (33540,0)    1
    (33839,0)    1
    (642636,0)    -1
    (872966,0)    1
    (1001873,0)    1

iter 465, delta 0

  1134890x1 GraphBLAS double vector, sparse by col, ints: 32/32/32
  delta_vec, 14 entries, memory: 416 bytes

    (544,0)    1
    (570,0)    1
    (587,0)    1
    (599,0)    1
    (627,0)    1
    (29734,0)    -1
    (31494,0)    -1
    (33458,0)    -1
    (33540,0)    -1
    (33839,0)    -1
    (642636,0)    1
    (711615,0)    1
    (872966,0)    -1
    (1001873,0)    -1

iter 466, delta 0

  1134890x1 GraphBLAS double vector, sparse by col, ints: 32/32/32
  delta_vec, 14 entries, memory: 416 bytes

    (544,0)    -1
    (570,0)    -1
    (587,0)    -1
    (599,0)    -1
    (627,0)    -1
    (29734,0)    1
    (31494,0)    1
    (33458,0)    1
    (33540,0)    1
    (33838,0)    1
    (642636,0)    -1
    (711615,0)    -1
    (872966,0)    1
    (1001873,0)    1

iter 467, delta 0

  1134890x1 GraphBLAS double vector, sparse by col, ints: 32/32/32
  delta_vec, 14 entries, memory: 416 bytes

    (544,0)    1
    (570,0)    1
    (587,0)    1
    (599,0)    1
    (627,0)    1
    (29734,0)    -1
    (31494,0)    -1
    (33458,0)    -1
    (33540,0)    -1
    (33838,0)    -1
    (642636,0)    1
    (711614,0)    1
    (872966,0)    -1
    (1001873,0)    -1

iter 468, delta 0

  1134890x1 GraphBLAS double vector, sparse by col, ints: 32/32/32
  delta_vec, 14 entries, memory: 416 bytes

    (544,0)    -1
    (570,0)    -1
    (587,0)    -1
    (599,0)    -1
    (627,0)    -1
    (29734,0)    1
    (31494,0)    1
    (33458,0)    1
    (33540,0)    1
    (642636,0)    -1
    (649478,0)    1
    (711614,0)    -1
    (872966,0)    1
    (1001873,0)    1

iter 469, delta 0

  1134890x1 GraphBLAS double vector, sparse by col, ints: 32/32/32
  delta_vec, 14 entries, memory: 416 bytes

    (544,0)    1
    (570,0)    1
    (582,0)    1
    (587,0)    1
    (599,0)    1
    (627,0)    1
    (29734,0)    -1
    (31494,0)    -1
    (33458,0)    -1
    (33540,0)    -1
    (642636,0)    1
    (649478,0)    -1
    (872966,0)    -1
    (1001873,0)    -1

iter 470, delta 0

  1134890x1 GraphBLAS double vector, sparse by col, ints: 32/32/32
  delta_vec, 14 entries, memory: 416 bytes

    (544,0)    -1
    (570,0)    -1
    (582,0)    -1
    (587,0)    -1
    (599,0)    -1
    (627,0)    -1
    (29734,0)    1
    (31494,0)    1
    (33458,0)    1
    (33540,0)    1
    (33839,0)    1
    (642636,0)    -1
    (872966,0)    1
    (1001873,0)    1

iter 471, delta 0

  1134890x1 GraphBLAS double vector, sparse by col, ints: 32/32/32
  delta_vec, 14 entries, memory: 416 bytes

    (544,0)    1
    (570,0)    1
    (587,0)    1
    (599,0)    1
    (627,0)    1
    (29734,0)    -1
    (31494,0)    -1
    (33458,0)    -1
    (33540,0)    -1
    (33839,0)    -1
    (642636,0)    1
    (711615,0)    1
    (872966,0)    -1
    (1001873,0)    -1

iter 472, delta 0

  1134890x1 GraphBLAS double vector, sparse by col, ints: 32/32/32
  delta_vec, 14 entries, memory: 416 bytes

    (544,0)    -1
    (570,0)    -1
    (587,0)    -1
    (599,0)    -1
    (627,0)    -1
    (29734,0)    1
    (31494,0)    1
    (33458,0)    1
    (33540,0)    1
    (33838,0)    1
    (642636,0)    -1
    (711615,0)    -1
    (872966,0)    1
    (1001873,0)    1

iter 473, delta 0

  1134890x1 GraphBLAS double vector, sparse by col, ints: 32/32/32
  delta_vec, 14 entries, memory: 416 bytes

    (544,0)    1
    (570,0)    1
    (587,0)    1
    (599,0)    1
    (627,0)    1
    (29734,0)    -1
    (31494,0)    -1
    (33458,0)    -1
    (33540,0)    -1
    (33838,0)    -1
    (642636,0)    1
    (711614,0)    1
    (872966,0)    -1
    (1001873,0)    -1

iter 474, delta 0

  1134890x1 GraphBLAS double vector, sparse by col, ints: 32/32/32
  delta_vec, 14 entries, memory: 416 bytes

    (544,0)    -1
    (570,0)    -1
    (587,0)    -1
    (599,0)    -1
    (627,0)    -1
    (29734,0)    1
    (31494,0)    1
    (33458,0)    1
    (33540,0)    1
    (642636,0)    -1
    (649478,0)    1
    (711614,0)    -1
    (872966,0)    1
    (1001873,0)    1

iter 475, delta 0

  1134890x1 GraphBLAS double vector, sparse by col, ints: 32/32/32
  delta_vec, 14 entries, memory: 416 bytes

    (544,0)    1
    (570,0)    1
    (582,0)    1
    (587,0)    1
    (599,0)    1
    (627,0)    1
    (29734,0)    -1
    (31494,0)    -1
    (33458,0)    -1
    (33540,0)    -1
    (642636,0)    1
    (649478,0)    -1
    (872966,0)    -1
    (1001873,0)    -1

iter 476, delta 0

  1134890x1 GraphBLAS double vector, sparse by col, ints: 32/32/32
  delta_vec, 14 entries, memory: 416 bytes

    (544,0)    -1
    (570,0)    -1
    (582,0)    -1
    (587,0)    -1
    (599,0)    -1
    (627,0)    -1
    (29734,0)    1
    (31494,0)    1
    (33458,0)    1
    (33540,0)    1
    (33839,0)    1
    (642636,0)    -1
    (872966,0)    1
    (1001873,0)    1

iter 477, delta 0

  1134890x1 GraphBLAS double vector, sparse by col, ints: 32/32/32
  delta_vec, 14 entries, memory: 416 bytes

    (544,0)    1
    (570,0)    1
    (587,0)    1
    (599,0)    1
    (627,0)    1
    (29734,0)    -1
    (31494,0)    -1
    (33458,0)    -1
    (33540,0)    -1
    (33839,0)    -1
    (642636,0)    1
    (711615,0)    1
    (872966,0)    -1
    (1001873,0)    -1

iter 478, delta 0

  1134890x1 GraphBLAS double vector, sparse by col, ints: 32/32/32
  delta_vec, 14 entries, memory: 416 bytes

    (544,0)    -1
    (570,0)    -1
    (587,0)    -1
    (599,0)    -1
    (627,0)    -1
    (29734,0)    1
    (31494,0)    1
    (33458,0)    1
    (33540,0)    1
    (33838,0)    1
    (642636,0)    -1
    (711615,0)    -1
    (872966,0)    1
    (1001873,0)    1

iter 479, delta 0

  1134890x1 GraphBLAS double vector, sparse by col, ints: 32/32/32
  delta_vec, 14 entries, memory: 416 bytes

    (544,0)    1
    (570,0)    1
    (587,0)    1
    (599,0)    1
    (627,0)    1
    (29734,0)    -1
    (31494,0)    -1
    (33458,0)    -1
    (33540,0)    -1
    (33838,0)    -1
    (642636,0)    1
    (711614,0)    1
    (872966,0)    -1
    (1001873,0)    -1

iter 480, delta 0

  1134890x1 GraphBLAS double vector, sparse by col, ints: 32/32/32
  delta_vec, 14 entries, memory: 416 bytes

    (544,0)    -1
    (570,0)    -1
    (587,0)    -1
    (599,0)    -1
    (627,0)    -1
    (29734,0)    1
    (31494,0)    1
    (33458,0)    1
    (33540,0)    1
    (642636,0)    -1
    (649478,0)    1
    (711614,0)    -1
    (872966,0)    1
    (1001873,0)    1

iter 481, delta 0

  1134890x1 GraphBLAS double vector, sparse by col, ints: 32/32/32
  delta_vec, 14 entries, memory: 416 bytes

    (544,0)    1
    (570,0)    1
    (582,0)    1
    (587,0)    1
    (599,0)    1
    (627,0)    1
    (29734,0)    -1
    (31494,0)    -1
    (33458,0)    -1
    (33540,0)    -1
    (642636,0)    1
    (649478,0)    -1
    (872966,0)    -1
    (1001873,0)    -1

iter 482, delta 0

  1134890x1 GraphBLAS double vector, sparse by col, ints: 32/32/32
  delta_vec, 14 entries, memory: 416 bytes

    (544,0)    -1
    (570,0)    -1
    (582,0)    -1
    (587,0)    -1
    (599,0)    -1
    (627,0)    -1
    (29734,0)    1
    (31494,0)    1
    (33458,0)    1
    (33540,0)    1
    (33839,0)    1
    (642636,0)    -1
    (872966,0)    1
    (1001873,0)    1

iter 483, delta 0

  1134890x1 GraphBLAS double vector, sparse by col, ints: 32/32/32
  delta_vec, 14 entries, memory: 416 bytes

    (544,0)    1
    (570,0)    1
    (587,0)    1
    (599,0)    1
    (627,0)    1
    (29734,0)    -1
    (31494,0)    -1
    (33458,0)    -1
    (33540,0)    -1
    (33839,0)    -1
    (642636,0)    1
    (711615,0)    1
    (872966,0)    -1
    (1001873,0)    -1

iter 484, delta 0

  1134890x1 GraphBLAS double vector, sparse by col, ints: 32/32/32
  delta_vec, 14 entries, memory: 416 bytes

    (544,0)    -1
    (570,0)    -1
    (587,0)    -1
    (599,0)    -1
    (627,0)    -1
    (29734,0)    1
    (31494,0)    1
    (33458,0)    1
    (33540,0)    1
    (33838,0)    1
    (642636,0)    -1
    (711615,0)    -1
    (872966,0)    1
    (1001873,0)    1

iter 485, delta 0

  1134890x1 GraphBLAS double vector, sparse by col, ints: 32/32/32
  delta_vec, 14 entries, memory: 416 bytes

    (544,0)    1
    (570,0)    1
    (587,0)    1
    (599,0)    1
    (627,0)    1
    (29734,0)    -1
    (31494,0)    -1
    (33458,0)    -1
    (33540,0)    -1
    (33838,0)    -1
    (642636,0)    1
    (711614,0)    1
    (872966,0)    -1
    (1001873,0)    -1

iter 486, delta 0

  1134890x1 GraphBLAS double vector, sparse by col, ints: 32/32/32
  delta_vec, 14 entries, memory: 416 bytes

    (544,0)    -1
    (570,0)    -1
    (587,0)    -1
    (599,0)    -1
    (627,0)    -1
    (29734,0)    1
    (31494,0)    1
    (33458,0)    1
    (33540,0)    1
    (642636,0)    -1
    (649478,0)    1
    (711614,0)    -1
    (872966,0)    1
    (1001873,0)    1

iter 487, delta 0

  1134890x1 GraphBLAS double vector, sparse by col, ints: 32/32/32
  delta_vec, 14 entries, memory: 416 bytes

    (544,0)    1
    (570,0)    1
    (582,0)    1
    (587,0)    1
    (599,0)    1
    (627,0)    1
    (29734,0)    -1
    (31494,0)    -1
    (33458,0)    -1
    (33540,0)    -1
    (642636,0)    1
    (649478,0)    -1
    (872966,0)    -1
    (1001873,0)    -1

iter 488, delta 0

  1134890x1 GraphBLAS double vector, sparse by col, ints: 32/32/32
  delta_vec, 14 entries, memory: 416 bytes

    (544,0)    -1
    (570,0)    -1
    (582,0)    -1
    (587,0)    -1
    (599,0)    -1
    (627,0)    -1
    (29734,0)    1
    (31494,0)    1
    (33458,0)    1
    (33540,0)    1
    (33839,0)    1
    (642636,0)    -1
    (872966,0)    1
    (1001873,0)    1

iter 489, delta 0

  1134890x1 GraphBLAS double vector, sparse by col, ints: 32/32/32
  delta_vec, 14 entries, memory: 416 bytes

    (544,0)    1
    (570,0)    1
    (587,0)    1
    (599,0)    1
    (627,0)    1
    (29734,0)    -1
    (31494,0)    -1
    (33458,0)    -1
    (33540,0)    -1
    (33839,0)    -1
    (642636,0)    1
    (711615,0)    1
    (872966,0)    -1
    (1001873,0)    -1

iter 490, delta 0

  1134890x1 GraphBLAS double vector, sparse by col, ints: 32/32/32
  delta_vec, 14 entries, memory: 416 bytes

    (544,0)    -1
    (570,0)    -1
    (587,0)    -1
    (599,0)    -1
    (627,0)    -1
    (29734,0)    1
    (31494,0)    1
    (33458,0)    1
    (33540,0)    1
    (33838,0)    1
    (642636,0)    -1
    (711615,0)    -1
    (872966,0)    1
    (1001873,0)    1

iter 491, delta 0

  1134890x1 GraphBLAS double vector, sparse by col, ints: 32/32/32
  delta_vec, 14 entries, memory: 416 bytes

    (544,0)    1
    (570,0)    1
    (587,0)    1
    (599,0)    1
    (627,0)    1
    (29734,0)    -1
    (31494,0)    -1
    (33458,0)    -1
    (33540,0)    -1
    (33838,0)    -1
    (642636,0)    1
    (711614,0)    1
    (872966,0)    -1
    (1001873,0)    -1

iter 492, delta 0

  1134890x1 GraphBLAS double vector, sparse by col, ints: 32/32/32
  delta_vec, 14 entries, memory: 416 bytes

    (544,0)    -1
    (570,0)    -1
    (587,0)    -1
    (599,0)    -1
    (627,0)    -1
    (29734,0)    1
    (31494,0)    1
    (33458,0)    1
    (33540,0)    1
    (642636,0)    -1
    (649478,0)    1
    (711614,0)    -1
    (872966,0)    1
    (1001873,0)    1

iter 493, delta 0

  1134890x1 GraphBLAS double vector, sparse by col, ints: 32/32/32
  delta_vec, 14 entries, memory: 416 bytes

    (544,0)    1
    (570,0)    1
    (582,0)    1
    (587,0)    1
    (599,0)    1
    (627,0)    1
    (29734,0)    -1
    (31494,0)    -1
    (33458,0)    -1
    (33540,0)    -1
    (642636,0)    1
    (649478,0)    -1
    (872966,0)    -1
    (1001873,0)    -1

iter 494, delta 0

  1134890x1 GraphBLAS double vector, sparse by col, ints: 32/32/32
  delta_vec, 14 entries, memory: 416 bytes

    (544,0)    -1
    (570,0)    -1
    (582,0)    -1
    (587,0)    -1
    (599,0)    -1
    (627,0)    -1
    (29734,0)    1
    (31494,0)    1
    (33458,0)    1
    (33540,0)    1
    (33839,0)    1
    (642636,0)    -1
    (872966,0)    1
    (1001873,0)    1

iter 495, delta 0

  1134890x1 GraphBLAS double vector, sparse by col, ints: 32/32/32
  delta_vec, 14 entries, memory: 416 bytes

    (544,0)    1
    (570,0)    1
    (587,0)    1
    (599,0)    1
    (627,0)    1
    (29734,0)    -1
    (31494,0)    -1
    (33458,0)    -1
    (33540,0)    -1
    (33839,0)    -1
    (642636,0)    1
    (711615,0)    1
    (872966,0)    -1
    (1001873,0)    -1

iter 496, delta 0

  1134890x1 GraphBLAS double vector, sparse by col, ints: 32/32/32
  delta_vec, 14 entries, memory: 416 bytes

    (544,0)    -1
    (570,0)    -1
    (587,0)    -1
    (599,0)    -1
    (627,0)    -1
    (29734,0)    1
    (31494,0)    1
    (33458,0)    1
    (33540,0)    1
    (33838,0)    1
    (642636,0)    -1
    (711615,0)    -1
    (872966,0)    1
    (1001873,0)    1

iter 497, delta 0

  1134890x1 GraphBLAS double vector, sparse by col, ints: 32/32/32
  delta_vec, 14 entries, memory: 416 bytes

    (544,0)    1
    (570,0)    1
    (587,0)    1
    (599,0)    1
    (627,0)    1
    (29734,0)    -1
    (31494,0)    -1
    (33458,0)    -1
    (33540,0)    -1
    (33838,0)    -1
    (642636,0)    1
    (711614,0)    1
    (872966,0)    -1
    (1001873,0)    -1

iter 498, delta 0

  1134890x1 GraphBLAS double vector, sparse by col, ints: 32/32/32
  delta_vec, 14 entries, memory: 416 bytes

    (544,0)    -1
    (570,0)    -1
    (587,0)    -1
    (599,0)    -1
    (627,0)    -1
    (29734,0)    1
    (31494,0)    1
    (33458,0)    1
    (33540,0)    1
    (642636,0)    -1
    (649478,0)    1
    (711614,0)    -1
    (872966,0)    1
    (1001873,0)    1

iter 499, delta 0

  1134890x1 GraphBLAS double vector, sparse by col, ints: 32/32/32
  delta_vec, 14 entries, memory: 416 bytes

    (544,0)    1
    (570,0)    1
    (582,0)    1
    (587,0)    1
    (599,0)    1
    (627,0)    1
    (29734,0)    -1
    (31494,0)    -1
    (33458,0)    -1
    (33540,0)    -1
    (642636,0)    1
    (649478,0)    -1
    (872966,0)    -1
    (1001873,0)    -1

iter 500, delta 0

  1134890x1 GraphBLAS double vector, sparse by col, ints: 32/32/32
  delta_vec, 14 entries, memory: 416 bytes

    (544,0)    -1
    (570,0)    -1
    (582,0)    -1
    (587,0)    -1
    (599,0)    -1
    (627,0)    -1
    (29734,0)    1
    (31494,0)    1
    (33458,0)    1
    (33540,0)    1
    (33839,0)    1
    (642636,0)    -1
    (872966,0)    1
    (1001873,0)    1

iter 501, delta 0

  1134890x1 GraphBLAS double vector, sparse by col, ints: 32/32/32
  delta_vec, 14 entries, memory: 416 bytes

    (544,0)    1
    (570,0)    1
    (587,0)    1
    (599,0)    1
    (627,0)    1
    (29734,0)    -1
    (31494,0)    -1
    (33458,0)    -1
    (33540,0)    -1
    (33839,0)    -1
    (642636,0)    1
    (711615,0)    1
    (872966,0)    -1
    (1001873,0)    -1

iter 502, delta 0

  1134890x1 GraphBLAS double vector, sparse by col, ints: 32/32/32
  delta_vec, 14 entries, memory: 416 bytes

    (544,0)    -1
    (570,0)    -1
    (587,0)    -1
    (599,0)    -1
    (627,0)    -1
    (29734,0)    1
    (31494,0)    1
    (33458,0)    1
    (33540,0)    1
    (33838,0)    1
    (642636,0)    -1
    (711615,0)    -1
    (872966,0)    1
    (1001873,0)    1

iter 503, delta 0

  1134890x1 GraphBLAS double vector, sparse by col, ints: 32/32/32
  delta_vec, 14 entries, memory: 416 bytes

    (544,0)    1
    (570,0)    1
    (587,0)    1
    (599,0)    1
    (627,0)    1
    (29734,0)    -1
    (31494,0)    -1
    (33458,0)    -1
    (33540,0)    -1
    (33838,0)    -1
    (642636,0)    1
    (711614,0)    1
    (872966,0)    -1
    (1001873,0)    -1

iter 504, delta 0

  1134890x1 GraphBLAS double vector, sparse by col, ints: 32/32/32
  delta_vec, 14 entries, memory: 416 bytes

    (544,0)    -1
    (570,0)    -1
    (587,0)    -1
    (599,0)    -1
    (627,0)    -1
    (29734,0)    1
    (31494,0)    1
    (33458,0)    1
    (33540,0)    1
    (642636,0)    -1
    (649478,0)    1
    (711614,0)    -1
    (872966,0)    1
    (1001873,0)    1

iter 505, delta 0

  1134890x1 GraphBLAS double vector, sparse by col, ints: 32/32/32
  delta_vec, 14 entries, memory: 416 bytes

    (544,0)    1
    (570,0)    1
    (582,0)    1
    (587,0)    1
    (599,0)    1
    (627,0)    1
    (29734,0)    -1
    (31494,0)    -1
    (33458,0)    -1
    (33540,0)    -1
    (642636,0)    1
    (649478,0)    -1
    (872966,0)    -1
    (1001873,0)    -1

iter 506, delta 0

  1134890x1 GraphBLAS double vector, sparse by col, ints: 32/32/32
  delta_vec, 14 entries, memory: 416 bytes

    (544,0)    -1
    (570,0)    -1
    (582,0)    -1
    (587,0)    -1
    (599,0)    -1
    (627,0)    -1
    (29734,0)    1
    (31494,0)    1
    (33458,0)    1
    (33540,0)    1
    (33839,0)    1
    (642636,0)    -1
    (872966,0)    1
    (1001873,0)    1

iter 507, delta 0

  1134890x1 GraphBLAS double vector, sparse by col, ints: 32/32/32
  delta_vec, 14 entries, memory: 416 bytes

    (544,0)    1
    (570,0)    1
    (587,0)    1
    (599,0)    1
    (627,0)    1
    (29734,0)    -1
    (31494,0)    -1
    (33458,0)    -1
    (33540,0)    -1
    (33839,0)    -1
    (642636,0)    1
    (711615,0)    1
    (872966,0)    -1
    (1001873,0)    -1

iter 508, delta 0

  1134890x1 GraphBLAS double vector, sparse by col, ints: 32/32/32
  delta_vec, 14 entries, memory: 416 bytes

    (544,0)    -1
    (570,0)    -1
    (587,0)    -1
    (599,0)    -1
    (627,0)    -1
    (29734,0)    1
    (31494,0)    1
    (33458,0)    1
    (33540,0)    1
    (33838,0)    1
    (642636,0)    -1
    (711615,0)    -1
    (872966,0)    1
    (1001873,0)    1

iter 509, delta 0

  1134890x1 GraphBLAS double vector, sparse by col, ints: 32/32/32
  delta_vec, 14 entries, memory: 416 bytes

    (544,0)    1
    (570,0)    1
    (587,0)    1
    (599,0)    1
    (627,0)    1
    (29734,0)    -1
    (31494,0)    -1
    (33458,0)    -1
    (33540,0)    -1
    (33838,0)    -1
    (642636,0)    1
    (711614,0)    1
    (872966,0)    -1
    (1001873,0)    -1

iter 510, delta 0

  1134890x1 GraphBLAS double vector, sparse by col, ints: 32/32/32
  delta_vec, 14 entries, memory: 416 bytes

    (544,0)    -1
    (570,0)    -1
    (587,0)    -1
    (599,0)    -1
    (627,0)    -1
    (29734,0)    1
    (31494,0)    1
    (33458,0)    1
    (33540,0)    1
    (642636,0)    -1
    (649478,0)    1
    (711614,0)    -1
    (872966,0)    1
    (1001873,0)    1

iter 511, delta 0

  1134890x1 GraphBLAS double vector, sparse by col, ints: 32/32/32
  delta_vec, 14 entries, memory: 416 bytes

    (544,0)    1
    (570,0)    1
    (582,0)    1
    (587,0)    1
    (599,0)    1
    (627,0)    1
    (29734,0)    -1
    (31494,0)    -1
    (33458,0)    -1
    (33540,0)    -1
    (642636,0)    1
    (649478,0)    -1
    (872966,0)    -1
    (1001873,0)    -1

iter 512, delta 0

  1134890x1 GraphBLAS double vector, sparse by col, ints: 32/32/32
  delta_vec, 14 entries, memory: 416 bytes

    (544,0)    -1
    (570,0)    -1
    (582,0)    -1
    (587,0)    -1
    (599,0)    -1
    (627,0)    -1
    (29734,0)    1
    (31494,0)    1
    (33458,0)    1
    (33540,0)    1
    (33839,0)    1
    (642636,0)    -1
    (872966,0)    1
    (1001873,0)    1

iter 513, delta 0

  1134890x1 GraphBLAS double vector, sparse by col, ints: 32/32/32
  delta_vec, 14 entries, memory: 416 bytes

    (544,0)    1
    (570,0)    1
    (587,0)    1
    (599,0)    1
    (627,0)    1
    (29734,0)    -1
    (31494,0)    -1
    (33458,0)    -1
    (33540,0)    -1
    (33839,0)    -1
    (642636,0)    1
    (711615,0)    1
    (872966,0)    -1
    (1001873,0)    -1

iter 514, delta 0

  1134890x1 GraphBLAS double vector, sparse by col, ints: 32/32/32
  delta_vec, 14 entries, memory: 416 bytes

    (544,0)    -1
    (570,0)    -1
    (587,0)    -1
    (599,0)    -1
    (627,0)    -1
    (29734,0)    1
    (31494,0)    1
    (33458,0)    1
    (33540,0)    1
    (33838,0)    1
    (642636,0)    -1
    (711615,0)    -1
    (872966,0)    1
    (1001873,0)    1

iter 515, delta 0

  1134890x1 GraphBLAS double vector, sparse by col, ints: 32/32/32
  delta_vec, 14 entries, memory: 416 bytes

    (544,0)    1
    (570,0)    1
    (587,0)    1
    (599,0)    1
    (627,0)    1
    (29734,0)    -1
    (31494,0)    -1
    (33458,0)    -1
    (33540,0)    -1
    (33838,0)    -1
    (642636,0)    1
    (711614,0)    1
    (872966,0)    -1
    (1001873,0)    -1

iter 516, delta 0

  1134890x1 GraphBLAS double vector, sparse by col, ints: 32/32/32
  delta_vec, 14 entries, memory: 416 bytes

    (544,0)    -1
    (570,0)    -1
    (587,0)    -1
    (599,0)    -1
    (627,0)    -1
    (29734,0)    1
    (31494,0)    1
    (33458,0)    1
    (33540,0)    1
    (642636,0)    -1
    (649478,0)    1
    (711614,0)    -1
    (872966,0)    1
    (1001873,0)    1

iter 517, delta 0

  1134890x1 GraphBLAS double vector, sparse by col, ints: 32/32/32
  delta_vec, 14 entries, memory: 416 bytes

    (544,0)    1
    (570,0)    1
    (582,0)    1
    (587,0)    1
    (599,0)    1
    (627,0)    1
    (29734,0)    -1
    (31494,0)    -1
    (33458,0)    -1
    (33540,0)    -1
    (642636,0)    1
    (649478,0)    -1
    (872966,0)    -1
    (1001873,0)    -1

iter 518, delta 0

  1134890x1 GraphBLAS double vector, sparse by col, ints: 32/32/32
  delta_vec, 14 entries, memory: 416 bytes

    (544,0)    -1
    (570,0)    -1
    (582,0)    -1
    (587,0)    -1
    (599,0)    -1
    (627,0)    -1
    (29734,0)    1
    (31494,0)    1
    (33458,0)    1
    (33540,0)    1
    (33839,0)    1
    (642636,0)    -1
    (872966,0)    1
    (1001873,0)    1

iter 519, delta 0

  1134890x1 GraphBLAS double vector, sparse by col, ints: 32/32/32
  delta_vec, 14 entries, memory: 416 bytes

    (544,0)    1
    (570,0)    1
    (587,0)    1
    (599,0)    1
    (627,0)    1
    (29734,0)    -1
    (31494,0)    -1
    (33458,0)    -1
    (33540,0)    -1
    (33839,0)    -1
    (642636,0)    1
    (711615,0)    1
    (872966,0)    -1
    (1001873,0)    -1

iter 520, delta 0

  1134890x1 GraphBLAS double vector, sparse by col, ints: 32/32/32
  delta_vec, 14 entries, memory: 416 bytes

    (544,0)    -1
    (570,0)    -1
    (587,0)    -1
    (599,0)    -1
    (627,0)    -1
    (29734,0)    1
    (31494,0)    1
    (33458,0)    1
    (33540,0)    1
    (33838,0)    1
    (642636,0)    -1
    (711615,0)    -1
    (872966,0)    1
    (1001873,0)    1

iter 521, delta 0

  1134890x1 GraphBLAS double vector, sparse by col, ints: 32/32/32
  delta_vec, 14 entries, memory: 416 bytes

    (544,0)    1
    (570,0)    1
    (587,0)    1
    (599,0)    1
    (627,0)    1
    (29734,0)    -1
    (31494,0)    -1
    (33458,0)    -1
    (33540,0)    -1
    (33838,0)    -1
    (642636,0)    1
    (711614,0)    1
    (872966,0)    -1
    (1001873,0)    -1

iter 522, delta 0

  1134890x1 GraphBLAS double vector, sparse by col, ints: 32/32/32
  delta_vec, 14 entries, memory: 416 bytes

    (544,0)    -1
    (570,0)    -1
    (587,0)    -1
    (599,0)    -1
    (627,0)    -1
    (29734,0)    1
    (31494,0)    1
    (33458,0)    1
    (33540,0)    1
    (642636,0)    -1
    (649478,0)    1
    (711614,0)    -1
    (872966,0)    1
    (1001873,0)    1

iter 523, delta 0

  1134890x1 GraphBLAS double vector, sparse by col, ints: 32/32/32
  delta_vec, 14 entries, memory: 416 bytes

    (544,0)    1
    (570,0)    1
    (582,0)    1
    (587,0)    1
    (599,0)    1
    (627,0)    1
    (29734,0)    -1
    (31494,0)    -1
    (33458,0)    -1
    (33540,0)    -1
    (642636,0)    1
    (649478,0)    -1
    (872966,0)    -1
    (1001873,0)    -1

iter 524, delta 0

  1134890x1 GraphBLAS double vector, sparse by col, ints: 32/32/32
  delta_vec, 14 entries, memory: 416 bytes

    (544,0)    -1
    (570,0)    -1
    (582,0)    -1
    (587,0)    -1
    (599,0)    -1
    (627,0)    -1
    (29734,0)    1
    (31494,0)    1
    (33458,0)    1
    (33540,0)    1
    (33839,0)    1
    (642636,0)    -1
    (872966,0)    1
    (1001873,0)    1

iter 525, delta 0

  1134890x1 GraphBLAS double vector, sparse by col, ints: 32/32/32
  delta_vec, 14 entries, memory: 416 bytes

    (544,0)    1
    (570,0)    1
    (587,0)    1
    (599,0)    1
    (627,0)    1
    (29734,0)    -1
    (31494,0)    -1
    (33458,0)    -1
    (33540,0)    -1
    (33839,0)    -1
    (642636,0)    1
    (711615,0)    1
    (872966,0)    -1
    (1001873,0)    -1

iter 526, delta 0

  1134890x1 GraphBLAS double vector, sparse by col, ints: 32/32/32
  delta_vec, 14 entries, memory: 416 bytes

    (544,0)    -1
    (570,0)    -1
    (587,0)    -1
    (599,0)    -1
    (627,0)    -1
    (29734,0)    1
    (31494,0)    1
    (33458,0)    1
    (33540,0)    1
    (33838,0)    1
    (642636,0)    -1
    (711615,0)    -1
    (872966,0)    1
    (1001873,0)    1

iter 527, delta 0

  1134890x1 GraphBLAS double vector, sparse by col, ints: 32/32/32
  delta_vec, 14 entries, memory: 416 bytes

    (544,0)    1
    (570,0)    1
    (587,0)    1
    (599,0)    1
    (627,0)    1
    (29734,0)    -1
    (31494,0)    -1
    (33458,0)    -1
    (33540,0)    -1
    (33838,0)    -1
    (642636,0)    1
    (711614,0)    1
    (872966,0)    -1
    (1001873,0)    -1

iter 528, delta 0

  1134890x1 GraphBLAS double vector, sparse by col, ints: 32/32/32
  delta_vec, 14 entries, memory: 416 bytes

    (544,0)    -1
    (570,0)    -1
    (587,0)    -1
    (599,0)    -1
    (627,0)    -1
    (29734,0)    1
    (31494,0)    1
    (33458,0)    1
    (33540,0)    1
    (642636,0)    -1
    (649478,0)    1
    (711614,0)    -1
    (872966,0)    1
    (1001873,0)    1

iter 529, delta 0

  1134890x1 GraphBLAS double vector, sparse by col, ints: 32/32/32
  delta_vec, 14 entries, memory: 416 bytes

    (544,0)    1
    (570,0)    1
    (582,0)    1
    (587,0)    1
    (599,0)    1
    (627,0)    1
    (29734,0)    -1
    (31494,0)    -1
    (33458,0)    -1
    (33540,0)    -1
    (642636,0)    1
    (649478,0)    -1
    (872966,0)    -1
    (1001873,0)    -1

iter 530, delta 0

  1134890x1 GraphBLAS double vector, sparse by col, ints: 32/32/32
  delta_vec, 14 entries, memory: 416 bytes

    (544,0)    -1
    (570,0)    -1
    (582,0)    -1
    (587,0)    -1
    (599,0)    -1
    (627,0)    -1
    (29734,0)    1
    (31494,0)    1
    (33458,0)    1
    (33540,0)    1
    (33839,0)    1
    (642636,0)    -1
    (872966,0)    1
    (1001873,0)    1

iter 531, delta 0

  1134890x1 GraphBLAS double vector, sparse by col, ints: 32/32/32
  delta_vec, 14 entries, memory: 416 bytes

    (544,0)    1
    (570,0)    1
    (587,0)    1
    (599,0)    1
    (627,0)    1
    (29734,0)    -1
    (31494,0)    -1
    (33458,0)    -1
    (33540,0)    -1
    (33839,0)    -1
    (642636,0)    1
    (711615,0)    1
    (872966,0)    -1
    (1001873,0)    -1

iter 532, delta 0

  1134890x1 GraphBLAS double vector, sparse by col, ints: 32/32/32
  delta_vec, 14 entries, memory: 416 bytes

    (544,0)    -1
    (570,0)    -1
    (587,0)    -1
    (599,0)    -1
    (627,0)    -1
    (29734,0)    1
    (31494,0)    1
    (33458,0)    1
    (33540,0)    1
    (33838,0)    1
    (642636,0)    -1
    (711615,0)    -1
    (872966,0)    1
    (1001873,0)    1

iter 533, delta 0

  1134890x1 GraphBLAS double vector, sparse by col, ints: 32/32/32
  delta_vec, 14 entries, memory: 416 bytes

    (544,0)    1
    (570,0)    1
    (587,0)    1
    (599,0)    1
    (627,0)    1
    (29734,0)    -1
    (31494,0)    -1
    (33458,0)    -1
    (33540,0)    -1
    (33838,0)    -1
    (642636,0)    1
    (711614,0)    1
    (872966,0)    -1
    (1001873,0)    -1

iter 534, delta 0

  1134890x1 GraphBLAS double vector, sparse by col, ints: 32/32/32
  delta_vec, 14 entries, memory: 416 bytes

    (544,0)    -1
    (570,0)    -1
    (587,0)    -1
    (599,0)    -1
    (627,0)    -1
    (29734,0)    1
    (31494,0)    1
    (33458,0)    1
    (33540,0)    1
    (642636,0)    -1
    (649478,0)    1
    (711614,0)    -1
    (872966,0)    1
    (1001873,0)    1

iter 535, delta 0

  1134890x1 GraphBLAS double vector, sparse by col, ints: 32/32/32
  delta_vec, 14 entries, memory: 416 bytes

    (544,0)    1
    (570,0)    1
    (582,0)    1
    (587,0)    1
    (599,0)    1
    (627,0)    1
    (29734,0)    -1
    (31494,0)    -1
    (33458,0)    -1
    (33540,0)    -1
    (642636,0)    1
    (649478,0)    -1
    (872966,0)    -1
    (1001873,0)    -1

iter 536, delta 0

  1134890x1 GraphBLAS double vector, sparse by col, ints: 32/32/32
  delta_vec, 14 entries, memory: 416 bytes

    (544,0)    -1
    (570,0)    -1
    (582,0)    -1
    (587,0)    -1
    (599,0)    -1
    (627,0)    -1
    (29734,0)    1
    (31494,0)    1
    (33458,0)    1
    (33540,0)    1
    (33839,0)    1
    (642636,0)    -1
    (872966,0)    1
    (1001873,0)    1

iter 537, delta 0

  1134890x1 GraphBLAS double vector, sparse by col, ints: 32/32/32
  delta_vec, 14 entries, memory: 416 bytes

    (544,0)    1
    (570,0)    1
    (587,0)    1
    (599,0)    1
    (627,0)    1
    (29734,0)    -1
    (31494,0)    -1
    (33458,0)    -1
    (33540,0)    -1
    (33839,0)    -1
    (642636,0)    1
    (711615,0)    1
    (872966,0)    -1
    (1001873,0)    -1

iter 538, delta 0

  1134890x1 GraphBLAS double vector, sparse by col, ints: 32/32/32
  delta_vec, 14 entries, memory: 416 bytes

    (544,0)    -1
    (570,0)    -1
    (587,0)    -1
    (599,0)    -1
    (627,0)    -1
    (29734,0)    1
    (31494,0)    1
    (33458,0)    1
    (33540,0)    1
    (33838,0)    1
    (642636,0)    -1
    (711615,0)    -1
    (872966,0)    1
    (1001873,0)    1

iter 539, delta 0

  1134890x1 GraphBLAS double vector, sparse by col, ints: 32/32/32
  delta_vec, 14 entries, memory: 416 bytes

    (544,0)    1
    (570,0)    1
    (587,0)    1
    (599,0)    1
    (627,0)    1
    (29734,0)    -1
    (31494,0)    -1
    (33458,0)    -1
    (33540,0)    -1
    (33838,0)    -1
    (642636,0)    1
    (711614,0)    1
    (872966,0)    -1
    (1001873,0)    -1

iter 540, delta 0

  1134890x1 GraphBLAS double vector, sparse by col, ints: 32/32/32
  delta_vec, 14 entries, memory: 416 bytes

    (544,0)    -1
    (570,0)    -1
    (587,0)    -1
    (599,0)    -1
    (627,0)    -1
    (29734,0)    1
    (31494,0)    1
    (33458,0)    1
    (33540,0)    1
    (642636,0)    -1
    (649478,0)    1
    (711614,0)    -1
    (872966,0)    1
    (1001873,0)    1

iter 541, delta 0

  1134890x1 GraphBLAS double vector, sparse by col, ints: 32/32/32
  delta_vec, 14 entries, memory: 416 bytes

    (544,0)    1
    (570,0)    1
    (582,0)    1
    (587,0)    1
    (599,0)    1
    (627,0)    1
    (29734,0)    -1
    (31494,0)    -1
    (33458,0)    -1
    (33540,0)    -1
    (642636,0)    1
    (649478,0)    -1
    (872966,0)    -1
    (1001873,0)    -1

iter 542, delta 0

  1134890x1 GraphBLAS double vector, sparse by col, ints: 32/32/32
  delta_vec, 14 entries, memory: 416 bytes

    (544,0)    -1
    (570,0)    -1
    (582,0)    -1
    (587,0)    -1
    (599,0)    -1
    (627,0)    -1
    (29734,0)    1
    (31494,0)    1
    (33458,0)    1
    (33540,0)    1
    (33839,0)    1
    (642636,0)    -1
    (872966,0)    1
    (1001873,0)    1

iter 543, delta 0

  1134890x1 GraphBLAS double vector, sparse by col, ints: 32/32/32
  delta_vec, 14 entries, memory: 416 bytes

    (544,0)    1
    (570,0)    1
    (587,0)    1
    (599,0)    1
    (627,0)    1
    (29734,0)    -1
    (31494,0)    -1
    (33458,0)    -1
    (33540,0)    -1
    (33839,0)    -1
    (642636,0)    1
    (711615,0)    1
    (872966,0)    -1
    (1001873,0)    -1

iter 544, delta 0

  1134890x1 GraphBLAS double vector, sparse by col, ints: 32/32/32
  delta_vec, 14 entries, memory: 416 bytes

    (544,0)    -1
    (570,0)    -1
    (587,0)    -1
    (599,0)    -1
    (627,0)    -1
    (29734,0)    1
    (31494,0)    1
    (33458,0)    1
    (33540,0)    1
    (33838,0)    1
    (642636,0)    -1
    (711615,0)    -1
    (872966,0)    1
    (1001873,0)    1

iter 545, delta 0

  1134890x1 GraphBLAS double vector, sparse by col, ints: 32/32/32
  delta_vec, 14 entries, memory: 416 bytes

    (544,0)    1
    (570,0)    1
    (587,0)    1
    (599,0)    1
    (627,0)    1
    (29734,0)    -1
    (31494,0)    -1
    (33458,0)    -1
    (33540,0)    -1
    (33838,0)    -1
    (642636,0)    1
    (711614,0)    1
    (872966,0)    -1
    (1001873,0)    -1

iter 546, delta 0

  1134890x1 GraphBLAS double vector, sparse by col, ints: 32/32/32
  delta_vec, 14 entries, memory: 416 bytes

    (544,0)    -1
    (570,0)    -1
    (587,0)    -1
    (599,0)    -1
    (627,0)    -1
    (29734,0)    1
    (31494,0)    1
    (33458,0)    1
    (33540,0)    1
    (642636,0)    -1
    (649478,0)    1
    (711614,0)    -1
    (872966,0)    1
    (1001873,0)    1

iter 547, delta 0

  1134890x1 GraphBLAS double vector, sparse by col, ints: 32/32/32
  delta_vec, 14 entries, memory: 416 bytes

    (544,0)    1
    (570,0)    1
    (582,0)    1
    (587,0)    1
    (599,0)    1
    (627,0)    1
    (29734,0)    -1
    (31494,0)    -1
    (33458,0)    -1
    (33540,0)    -1
    (642636,0)    1
    (649478,0)    -1
    (872966,0)    -1
    (1001873,0)    -1

iter 548, delta 0

  1134890x1 GraphBLAS double vector, sparse by col, ints: 32/32/32
  delta_vec, 14 entries, memory: 416 bytes

    (544,0)    -1
    (570,0)    -1
    (582,0)    -1
    (587,0)    -1
    (599,0)    -1
    (627,0)    -1
    (29734,0)    1
    (31494,0)    1
    (33458,0)    1
    (33540,0)    1
    (33839,0)    1
    (642636,0)    -1
    (872966,0)    1
    (1001873,0)    1

iter 549, delta 0

  1134890x1 GraphBLAS double vector, sparse by col, ints: 32/32/32
  delta_vec, 14 entries, memory: 416 bytes

    (544,0)    1
    (570,0)    1
    (587,0)    1
    (599,0)    1
    (627,0)    1
    (29734,0)    -1
    (31494,0)    -1
    (33458,0)    -1
    (33540,0)    -1
    (33839,0)    -1
    (642636,0)    1
    (711615,0)    1
    (872966,0)    -1
    (1001873,0)    -1

iter 550, delta 0

  1134890x1 GraphBLAS double vector, sparse by col, ints: 32/32/32
  delta_vec, 14 entries, memory: 416 bytes

    (544,0)    -1
    (570,0)    -1
    (587,0)    -1
    (599,0)    -1
    (627,0)    -1
    (29734,0)    1
    (31494,0)    1
    (33458,0)    1
    (33540,0)    1
    (33838,0)    1
    (642636,0)    -1
    (711615,0)    -1
    (872966,0)    1
    (1001873,0)    1

iter 551, delta 0

  1134890x1 GraphBLAS double vector, sparse by col, ints: 32/32/32
  delta_vec, 14 entries, memory: 416 bytes

    (544,0)    1
    (570,0)    1
    (587,0)    1
    (599,0)    1
    (627,0)    1
    (29734,0)    -1
    (31494,0)    -1
    (33458,0)    -1
    (33540,0)    -1
    (33838,0)    -1
    (642636,0)    1
    (711614,0)    1
    (872966,0)    -1
    (1001873,0)    -1

iter 552, delta 0

  1134890x1 GraphBLAS double vector, sparse by col, ints: 32/32/32
  delta_vec, 14 entries, memory: 416 bytes

    (544,0)    -1
    (570,0)    -1
    (587,0)    -1
    (599,0)    -1
    (627,0)    -1
    (29734,0)    1
    (31494,0)    1
    (33458,0)    1
    (33540,0)    1
    (642636,0)    -1
    (649478,0)    1
    (711614,0)    -1
    (872966,0)    1
    (1001873,0)    1

iter 553, delta 0

  1134890x1 GraphBLAS double vector, sparse by col, ints: 32/32/32
  delta_vec, 14 entries, memory: 416 bytes

    (544,0)    1
    (570,0)    1
    (582,0)    1
    (587,0)    1
    (599,0)    1
    (627,0)    1
    (29734,0)    -1
    (31494,0)    -1
    (33458,0)    -1
    (33540,0)    -1
    (642636,0)    1
    (649478,0)    -1
    (872966,0)    -1
    (1001873,0)    -1

iter 554, delta 0

  1134890x1 GraphBLAS double vector, sparse by col, ints: 32/32/32
  delta_vec, 14 entries, memory: 416 bytes

    (544,0)    -1
    (570,0)    -1
    (582,0)    -1
    (587,0)    -1
    (599,0)    -1
    (627,0)    -1
    (29734,0)    1
    (31494,0)    1
    (33458,0)    1
    (33540,0)    1
    (33839,0)    1
    (642636,0)    -1
    (872966,0)    1
    (1001873,0)    1

iter 555, delta 0

  1134890x1 GraphBLAS double vector, sparse by col, ints: 32/32/32
  delta_vec, 14 entries, memory: 416 bytes

    (544,0)    1
    (570,0)    1
    (587,0)    1
    (599,0)    1
    (627,0)    1
    (29734,0)    -1
    (31494,0)    -1
    (33458,0)    -1
    (33540,0)    -1
    (33839,0)    -1
    (642636,0)    1
    (711615,0)    1
    (872966,0)    -1
    (1001873,0)    -1

iter 556, delta 0

  1134890x1 GraphBLAS double vector, sparse by col, ints: 32/32/32
  delta_vec, 14 entries, memory: 416 bytes

    (544,0)    -1
    (570,0)    -1
    (587,0)    -1
    (599,0)    -1
    (627,0)    -1
    (29734,0)    1
    (31494,0)    1
    (33458,0)    1
    (33540,0)    1
    (33838,0)    1
    (642636,0)    -1
    (711615,0)    -1
    (872966,0)    1
    (1001873,0)    1

iter 557, delta 0

  1134890x1 GraphBLAS double vector, sparse by col, ints: 32/32/32
  delta_vec, 14 entries, memory: 416 bytes

    (544,0)    1
    (570,0)    1
    (587,0)    1
    (599,0)    1
    (627,0)    1
    (29734,0)    -1
    (31494,0)    -1
    (33458,0)    -1
    (33540,0)    -1
    (33838,0)    -1
    (642636,0)    1
    (711614,0)    1
    (872966,0)    -1
    (1001873,0)    -1

iter 558, delta 0

  1134890x1 GraphBLAS double vector, sparse by col, ints: 32/32/32
  delta_vec, 14 entries, memory: 416 bytes

    (544,0)    -1
    (570,0)    -1
    (587,0)    -1
    (599,0)    -1
    (627,0)    -1
    (29734,0)    1
    (31494,0)    1
    (33458,0)    1
    (33540,0)    1
    (642636,0)    -1
    (649478,0)    1
    (711614,0)    -1
    (872966,0)    1
    (1001873,0)    1

iter 559, delta 0

  1134890x1 GraphBLAS double vector, sparse by col, ints: 32/32/32
  delta_vec, 14 entries, memory: 416 bytes

    (544,0)    1
    (570,0)    1
    (582,0)    1
    (587,0)    1
    (599,0)    1
    (627,0)    1
    (29734,0)    -1
    (31494,0)    -1
    (33458,0)    -1
    (33540,0)    -1
    (642636,0)    1
    (649478,0)    -1
    (872966,0)    -1
    (1001873,0)    -1

iter 560, delta 0

  1134890x1 GraphBLAS double vector, sparse by col, ints: 32/32/32
  delta_vec, 14 entries, memory: 416 bytes

    (544,0)    -1
    (570,0)    -1
    (582,0)    -1
    (587,0)    -1
    (599,0)    -1
    (627,0)    -1
    (29734,0)    1
    (31494,0)    1
    (33458,0)    1
    (33540,0)    1
    (33839,0)    1
    (642636,0)    -1
    (872966,0)    1
    (1001873,0)    1

iter 561, delta 0

  1134890x1 GraphBLAS double vector, sparse by col, ints: 32/32/32
  delta_vec, 14 entries, memory: 416 bytes

    (544,0)    1
    (570,0)    1
    (587,0)    1
    (599,0)    1
    (627,0)    1
    (29734,0)    -1
    (31494,0)    -1
    (33458,0)    -1
    (33540,0)    -1
    (33839,0)    -1
    (642636,0)    1
    (711615,0)    1
    (872966,0)    -1
    (1001873,0)    -1

iter 562, delta 0

  1134890x1 GraphBLAS double vector, sparse by col, ints: 32/32/32
  delta_vec, 14 entries, memory: 416 bytes

    (544,0)    -1
    (570,0)    -1
    (587,0)    -1
    (599,0)    -1
    (627,0)    -1
    (29734,0)    1
    (31494,0)    1
    (33458,0)    1
    (33540,0)    1
    (33838,0)    1
    (642636,0)    -1
    (711615,0)    -1
    (872966,0)    1
    (1001873,0)    1

iter 563, delta 0

  1134890x1 GraphBLAS double vector, sparse by col, ints: 32/32/32
  delta_vec, 14 entries, memory: 416 bytes

    (544,0)    1
    (570,0)    1
    (587,0)    1
    (599,0)    1
    (627,0)    1
    (29734,0)    -1
    (31494,0)    -1
    (33458,0)    -1
    (33540,0)    -1
    (33838,0)    -1
    (642636,0)    1
    (711614,0)    1
    (872966,0)    -1
    (1001873,0)    -1

iter 564, delta 0

  1134890x1 GraphBLAS double vector, sparse by col, ints: 32/32/32
  delta_vec, 14 entries, memory: 416 bytes

    (544,0)    -1
    (570,0)    -1
    (587,0)    -1
    (599,0)    -1
    (627,0)    -1
    (29734,0)    1
    (31494,0)    1
    (33458,0)    1
    (33540,0)    1
    (642636,0)    -1
    (649478,0)    1
    (711614,0)    -1
    (872966,0)    1
    (1001873,0)    1

iter 565, delta 0

  1134890x1 GraphBLAS double vector, sparse by col, ints: 32/32/32
  delta_vec, 14 entries, memory: 416 bytes

    (544,0)    1
    (570,0)    1
    (582,0)    1
    (587,0)    1
    (599,0)    1
    (627,0)    1
    (29734,0)    -1
    (31494,0)    -1
    (33458,0)    -1
    (33540,0)    -1
    (642636,0)    1
    (649478,0)    -1
    (872966,0)    -1
    (1001873,0)    -1

iter 566, delta 0

  1134890x1 GraphBLAS double vector, sparse by col, ints: 32/32/32
  delta_vec, 14 entries, memory: 416 bytes

    (544,0)    -1
    (570,0)    -1
    (582,0)    -1
    (587,0)    -1
    (599,0)    -1
    (627,0)    -1
    (29734,0)    1
    (31494,0)    1
    (33458,0)    1
    (33540,0)    1
    (33839,0)    1
    (642636,0)    -1
    (872966,0)    1
    (1001873,0)    1

iter 567, delta 0

  1134890x1 GraphBLAS double vector, sparse by col, ints: 32/32/32
  delta_vec, 14 entries, memory: 416 bytes

    (544,0)    1
    (570,0)    1
    (587,0)    1
    (599,0)    1
    (627,0)    1
    (29734,0)    -1
    (31494,0)    -1
    (33458,0)    -1
    (33540,0)    -1
    (33839,0)    -1
    (642636,0)    1
    (711615,0)    1
    (872966,0)    -1
    (1001873,0)    -1

iter 568, delta 0

  1134890x1 GraphBLAS double vector, sparse by col, ints: 32/32/32
  delta_vec, 14 entries, memory: 416 bytes

    (544,0)    -1
    (570,0)    -1
    (587,0)    -1
    (599,0)    -1
    (627,0)    -1
    (29734,0)    1
    (31494,0)    1
    (33458,0)    1
    (33540,0)    1
    (33838,0)    1
    (642636,0)    -1
    (711615,0)    -1
    (872966,0)    1
    (1001873,0)    1

iter 569, delta 0

  1134890x1 GraphBLAS double vector, sparse by col, ints: 32/32/32
  delta_vec, 14 entries, memory: 416 bytes

    (544,0)    1
    (570,0)    1
    (587,0)    1
    (599,0)    1
    (627,0)    1
    (29734,0)    -1
    (31494,0)    -1
    (33458,0)    -1
    (33540,0)    -1
    (33838,0)    -1
    (642636,0)    1
    (711614,0)    1
    (872966,0)    -1
    (1001873,0)    -1

iter 570, delta 0

  1134890x1 GraphBLAS double vector, sparse by col, ints: 32/32/32
  delta_vec, 14 entries, memory: 416 bytes

    (544,0)    -1
    (570,0)    -1
    (587,0)    -1
    (599,0)    -1
    (627,0)    -1
    (29734,0)    1
    (31494,0)    1
    (33458,0)    1
    (33540,0)    1
    (642636,0)    -1
    (649478,0)    1
    (711614,0)    -1
    (872966,0)    1
    (1001873,0)    1

iter 571, delta 0

  1134890x1 GraphBLAS double vector, sparse by col, ints: 32/32/32
  delta_vec, 14 entries, memory: 416 bytes

    (544,0)    1
    (570,0)    1
    (582,0)    1
    (587,0)    1
    (599,0)    1
    (627,0)    1
    (29734,0)    -1
    (31494,0)    -1
    (33458,0)    -1
    (33540,0)    -1
    (642636,0)    1
    (649478,0)    -1
    (872966,0)    -1
    (1001873,0)    -1

iter 572, delta 0

  1134890x1 GraphBLAS double vector, sparse by col, ints: 32/32/32
  delta_vec, 14 entries, memory: 416 bytes

    (544,0)    -1
    (570,0)    -1
    (582,0)    -1
    (587,0)    -1
    (599,0)    -1
    (627,0)    -1
    (29734,0)    1
    (31494,0)    1
    (33458,0)    1
    (33540,0)    1
    (33839,0)    1
    (642636,0)    -1
    (872966,0)    1
    (1001873,0)    1

iter 573, delta 0

  1134890x1 GraphBLAS double vector, sparse by col, ints: 32/32/32
  delta_vec, 14 entries, memory: 416 bytes

    (544,0)    1
    (570,0)    1
    (587,0)    1
    (599,0)    1
    (627,0)    1
    (29734,0)    -1
    (31494,0)    -1
    (33458,0)    -1
    (33540,0)    -1
    (33839,0)    -1
    (642636,0)    1
    (711615,0)    1
    (872966,0)    -1
    (1001873,0)    -1

iter 574, delta 0

  1134890x1 GraphBLAS double vector, sparse by col, ints: 32/32/32
  delta_vec, 14 entries, memory: 416 bytes

    (544,0)    -1
    (570,0)    -1
    (587,0)    -1
    (599,0)    -1
    (627,0)    -1
    (29734,0)    1
    (31494,0)    1
    (33458,0)    1
    (33540,0)    1
    (33838,0)    1
    (642636,0)    -1
    (711615,0)    -1
    (872966,0)    1
    (1001873,0)    1

iter 575, delta 0

  1134890x1 GraphBLAS double vector, sparse by col, ints: 32/32/32
  delta_vec, 14 entries, memory: 416 bytes

    (544,0)    1
    (570,0)    1
    (587,0)    1
    (599,0)    1
    (627,0)    1
    (29734,0)    -1
    (31494,0)    -1
    (33458,0)    -1
    (33540,0)    -1
    (33838,0)    -1
    (642636,0)    1
    (711614,0)    1
    (872966,0)    -1
    (1001873,0)    -1

iter 576, delta 0

  1134890x1 GraphBLAS double vector, sparse by col, ints: 32/32/32
  delta_vec, 14 entries, memory: 416 bytes

    (544,0)    -1
    (570,0)    -1
    (587,0)    -1
    (599,0)    -1
    (627,0)    -1
    (29734,0)    1
    (31494,0)    1
    (33458,0)    1
    (33540,0)    1
    (642636,0)    -1
    (649478,0)    1
    (711614,0)    -1
    (872966,0)    1
    (1001873,0)    1

iter 577, delta 0

  1134890x1 GraphBLAS double vector, sparse by col, ints: 32/32/32
  delta_vec, 14 entries, memory: 416 bytes

    (544,0)    1
    (570,0)    1
    (582,0)    1
    (587,0)    1
    (599,0)    1
    (627,0)    1
    (29734,0)    -1
    (31494,0)    -1
    (33458,0)    -1
    (33540,0)    -1
    (642636,0)    1
    (649478,0)    -1
    (872966,0)    -1
    (1001873,0)    -1

iter 578, delta 0

  1134890x1 GraphBLAS double vector, sparse by col, ints: 32/32/32
  delta_vec, 14 entries, memory: 416 bytes

    (544,0)    -1
    (570,0)    -1
    (582,0)    -1
    (587,0)    -1
    (599,0)    -1
    (627,0)    -1
    (29734,0)    1
    (31494,0)    1
    (33458,0)    1
    (33540,0)    1
    (33839,0)    1
    (642636,0)    -1
    (872966,0)    1
    (1001873,0)    1

iter 579, delta 0

  1134890x1 GraphBLAS double vector, sparse by col, ints: 32/32/32
  delta_vec, 14 entries, memory: 416 bytes

    (544,0)    1
    (570,0)    1
    (587,0)    1
    (599,0)    1
    (627,0)    1
    (29734,0)    -1
    (31494,0)    -1
    (33458,0)    -1
    (33540,0)    -1
    (33839,0)    -1
    (642636,0)    1
    (711615,0)    1
    (872966,0)    -1
    (1001873,0)    -1

iter 580, delta 0

  1134890x1 GraphBLAS double vector, sparse by col, ints: 32/32/32
  delta_vec, 14 entries, memory: 416 bytes

    (544,0)    -1
    (570,0)    -1
    (587,0)    -1
    (599,0)    -1
    (627,0)    -1
    (29734,0)    1
    (31494,0)    1
    (33458,0)    1
    (33540,0)    1
    (33838,0)    1
    (642636,0)    -1
    (711615,0)    -1
    (872966,0)    1
    (1001873,0)    1

iter 581, delta 0

  1134890x1 GraphBLAS double vector, sparse by col, ints: 32/32/32
  delta_vec, 14 entries, memory: 416 bytes

    (544,0)    1
    (570,0)    1
    (587,0)    1
    (599,0)    1
    (627,0)    1
    (29734,0)    -1
    (31494,0)    -1
    (33458,0)    -1
    (33540,0)    -1
    (33838,0)    -1
    (642636,0)    1
    (711614,0)    1
    (872966,0)    -1
    (1001873,0)    -1

iter 582, delta 0

  1134890x1 GraphBLAS double vector, sparse by col, ints: 32/32/32
  delta_vec, 14 entries, memory: 416 bytes

    (544,0)    -1
    (570,0)    -1
    (587,0)    -1
    (599,0)    -1
    (627,0)    -1
    (29734,0)    1
    (31494,0)    1
    (33458,0)    1
    (33540,0)    1
    (642636,0)    -1
    (649478,0)    1
    (711614,0)    -1
    (872966,0)    1
    (1001873,0)    1

iter 583, delta 0

  1134890x1 GraphBLAS double vector, sparse by col, ints: 32/32/32
  delta_vec, 14 entries, memory: 416 bytes

    (544,0)    1
    (570,0)    1
    (582,0)    1
    (587,0)    1
    (599,0)    1
    (627,0)    1
    (29734,0)    -1
    (31494,0)    -1
    (33458,0)    -1
    (33540,0)    -1
    (642636,0)    1
    (649478,0)    -1
    (872966,0)    -1
    (1001873,0)    -1

iter 584, delta 0

  1134890x1 GraphBLAS double vector, sparse by col, ints: 32/32/32
  delta_vec, 14 entries, memory: 416 bytes

    (544,0)    -1
    (570,0)    -1
    (582,0)    -1
    (587,0)    -1
    (599,0)    -1
    (627,0)    -1
    (29734,0)    1
    (31494,0)    1
    (33458,0)    1
    (33540,0)    1
    (33839,0)    1
    (642636,0)    -1
    (872966,0)    1
    (1001873,0)    1

iter 585, delta 0

  1134890x1 GraphBLAS double vector, sparse by col, ints: 32/32/32
  delta_vec, 14 entries, memory: 416 bytes

    (544,0)    1
    (570,0)    1
    (587,0)    1
    (599,0)    1
    (627,0)    1
    (29734,0)    -1
    (31494,0)    -1
    (33458,0)    -1
    (33540,0)    -1
    (33839,0)    -1
    (642636,0)    1
    (711615,0)    1
    (872966,0)    -1
    (1001873,0)    -1

iter 586, delta 0

  1134890x1 GraphBLAS double vector, sparse by col, ints: 32/32/32
  delta_vec, 14 entries, memory: 416 bytes

    (544,0)    -1
    (570,0)    -1
    (587,0)    -1
    (599,0)    -1
    (627,0)    -1
    (29734,0)    1
    (31494,0)    1
    (33458,0)    1
    (33540,0)    1
    (33838,0)    1
    (642636,0)    -1
    (711615,0)    -1
    (872966,0)    1
    (1001873,0)    1

iter 587, delta 0

  1134890x1 GraphBLAS double vector, sparse by col, ints: 32/32/32
  delta_vec, 14 entries, memory: 416 bytes

    (544,0)    1
    (570,0)    1
    (587,0)    1
    (599,0)    1
    (627,0)    1
    (29734,0)    -1
    (31494,0)    -1
    (33458,0)    -1
    (33540,0)    -1
    (33838,0)    -1
    (642636,0)    1
    (711614,0)    1
    (872966,0)    -1
    (1001873,0)    -1

iter 588, delta 0

  1134890x1 GraphBLAS double vector, sparse by col, ints: 32/32/32
  delta_vec, 14 entries, memory: 416 bytes

    (544,0)    -1
    (570,0)    -1
    (587,0)    -1
    (599,0)    -1
    (627,0)    -1
    (29734,0)    1
    (31494,0)    1
    (33458,0)    1
    (33540,0)    1
    (642636,0)    -1
    (649478,0)    1
    (711614,0)    -1
    (872966,0)    1
    (1001873,0)    1

iter 589, delta 0

  1134890x1 GraphBLAS double vector, sparse by col, ints: 32/32/32
  delta_vec, 14 entries, memory: 416 bytes

    (544,0)    1
    (570,0)    1
    (582,0)    1
    (587,0)    1
    (599,0)    1
    (627,0)    1
    (29734,0)    -1
    (31494,0)    -1
    (33458,0)    -1
    (33540,0)    -1
    (642636,0)    1
    (649478,0)    -1
    (872966,0)    -1
    (1001873,0)    -1

iter 590, delta 0

  1134890x1 GraphBLAS double vector, sparse by col, ints: 32/32/32
  delta_vec, 14 entries, memory: 416 bytes

    (544,0)    -1
    (570,0)    -1
    (582,0)    -1
    (587,0)    -1
    (599,0)    -1
    (627,0)    -1
    (29734,0)    1
    (31494,0)    1
    (33458,0)    1
    (33540,0)    1
    (33839,0)    1
    (642636,0)    -1
    (872966,0)    1
    (1001873,0)    1

iter 591, delta 0

  1134890x1 GraphBLAS double vector, sparse by col, ints: 32/32/32
  delta_vec, 14 entries, memory: 416 bytes

    (544,0)    1
    (570,0)    1
    (587,0)    1
    (599,0)    1
    (627,0)    1
    (29734,0)    -1
    (31494,0)    -1
    (33458,0)    -1
    (33540,0)    -1
    (33839,0)    -1
    (642636,0)    1
    (711615,0)    1
    (872966,0)    -1
    (1001873,0)    -1

iter 592, delta 0

  1134890x1 GraphBLAS double vector, sparse by col, ints: 32/32/32
  delta_vec, 14 entries, memory: 416 bytes

    (544,0)    -1
    (570,0)    -1
    (587,0)    -1
    (599,0)    -1
    (627,0)    -1
    (29734,0)    1
    (31494,0)    1
    (33458,0)    1
    (33540,0)    1
    (33838,0)    1
    (642636,0)    -1
    (711615,0)    -1
    (872966,0)    1
    (1001873,0)    1

iter 593, delta 0

  1134890x1 GraphBLAS double vector, sparse by col, ints: 32/32/32
  delta_vec, 14 entries, memory: 416 bytes

    (544,0)    1
    (570,0)    1
    (587,0)    1
    (599,0)    1
    (627,0)    1
    (29734,0)    -1
    (31494,0)    -1
    (33458,0)    -1
    (33540,0)    -1
    (33838,0)    -1
    (642636,0)    1
    (711614,0)    1
    (872966,0)    -1
    (1001873,0)    -1

iter 594, delta 0

  1134890x1 GraphBLAS double vector, sparse by col, ints: 32/32/32
  delta_vec, 14 entries, memory: 416 bytes

    (544,0)    -1
    (570,0)    -1
    (587,0)    -1
    (599,0)    -1
    (627,0)    -1
    (29734,0)    1
    (31494,0)    1
    (33458,0)    1
    (33540,0)    1
    (642636,0)    -1
    (649478,0)    1
    (711614,0)    -1
    (872966,0)    1
    (1001873,0)    1

iter 595, delta 0

  1134890x1 GraphBLAS double vector, sparse by col, ints: 32/32/32
  delta_vec, 14 entries, memory: 416 bytes

    (544,0)    1
    (570,0)    1
    (582,0)    1
    (587,0)    1
    (599,0)    1
    (627,0)    1
    (29734,0)    -1
    (31494,0)    -1
    (33458,0)    -1
    (33540,0)    -1
    (642636,0)    1
    (649478,0)    -1
    (872966,0)    -1
    (1001873,0)    -1

iter 596, delta 0

  1134890x1 GraphBLAS double vector, sparse by col, ints: 32/32/32
  delta_vec, 14 entries, memory: 416 bytes

    (544,0)    -1
    (570,0)    -1
    (582,0)    -1
    (587,0)    -1
    (599,0)    -1
    (627,0)    -1
    (29734,0)    1
    (31494,0)    1
    (33458,0)    1
    (33540,0)    1
    (33839,0)    1
    (642636,0)    -1
    (872966,0)    1
    (1001873,0)    1

iter 597, delta 0

  1134890x1 GraphBLAS double vector, sparse by col, ints: 32/32/32
  delta_vec, 14 entries, memory: 416 bytes

    (544,0)    1
    (570,0)    1
    (587,0)    1
    (599,0)    1
    (627,0)    1
    (29734,0)    -1
    (31494,0)    -1
    (33458,0)    -1
    (33540,0)    -1
    (33839,0)    -1
    (642636,0)    1
    (711615,0)    1
    (872966,0)    -1
    (1001873,0)    -1

iter 598, delta 0

  1134890x1 GraphBLAS double vector, sparse by col, ints: 32/32/32
  delta_vec, 14 entries, memory: 416 bytes

    (544,0)    -1
    (570,0)    -1
    (587,0)    -1
    (599,0)    -1
    (627,0)    -1
    (29734,0)    1
    (31494,0)    1
    (33458,0)    1
    (33540,0)    1
    (33838,0)    1
    (642636,0)    -1
    (711615,0)    -1
    (872966,0)    1
    (1001873,0)    1

iter 599, delta 0

  1134890x1 GraphBLAS double vector, sparse by col, ints: 32/32/32
  delta_vec, 14 entries, memory: 416 bytes

    (544,0)    1
    (570,0)    1
    (587,0)    1
    (599,0)    1
    (627,0)    1
    (29734,0)    -1
    (31494,0)    -1
    (33458,0)    -1
    (33540,0)    -1
    (33838,0)    -1
    (642636,0)    1
    (711614,0)    1
    (872966,0)    -1
    (1001873,0)    -1

iter 600, delta 0

  1134890x1 GraphBLAS double vector, sparse by col, ints: 32/32/32
  delta_vec, 14 entries, memory: 416 bytes

    (544,0)    -1
    (570,0)    -1
    (587,0)    -1
    (599,0)    -1
    (627,0)    -1
    (29734,0)    1
    (31494,0)    1
    (33458,0)    1
    (33540,0)    1
    (642636,0)    -1
    (649478,0)    1
    (711614,0)    -1
    (872966,0)    1
    (1001873,0)    1

iter 601, delta 0

  1134890x1 GraphBLAS double vector, sparse by col, ints: 32/32/32
  delta_vec, 14 entries, memory: 416 bytes

    (544,0)    1
    (570,0)    1
    (582,0)    1
    (587,0)    1
    (599,0)    1
    (627,0)    1
    (29734,0)    -1
    (31494,0)    -1
    (33458,0)    -1
    (33540,0)    -1
    (642636,0)    1
    (649478,0)    -1
    (872966,0)    -1
    (1001873,0)    -1

iter 602, delta 0

  1134890x1 GraphBLAS double vector, sparse by col, ints: 32/32/32
  delta_vec, 14 entries, memory: 416 bytes

    (544,0)    -1
    (570,0)    -1
    (582,0)    -1
    (587,0)    -1
    (599,0)    -1
    (627,0)    -1
    (29734,0)    1
    (31494,0)    1
    (33458,0)    1
    (33540,0)    1
    (33839,0)    1
    (642636,0)    -1
    (872966,0)    1
    (1001873,0)    1

iter 603, delta 0

  1134890x1 GraphBLAS double vector, sparse by col, ints: 32/32/32
  delta_vec, 14 entries, memory: 416 bytes

    (544,0)    1
    (570,0)    1
    (587,0)    1
    (599,0)    1
    (627,0)    1
    (29734,0)    -1
    (31494,0)    -1
    (33458,0)    -1
    (33540,0)    -1
    (33839,0)    -1
    (642636,0)    1
    (711615,0)    1
    (872966,0)    -1
    (1001873,0)    -1

iter 604, delta 0

  1134890x1 GraphBLAS double vector, sparse by col, ints: 32/32/32
  delta_vec, 14 entries, memory: 416 bytes

    (544,0)    -1
    (570,0)    -1
    (587,0)    -1
    (599,0)    -1
    (627,0)    -1
    (29734,0)    1
    (31494,0)    1
    (33458,0)    1
    (33540,0)    1
    (33838,0)    1
    (642636,0)    -1
    (711615,0)    -1
    (872966,0)    1
    (1001873,0)    1

iter 605, delta 0

  1134890x1 GraphBLAS double vector, sparse by col, ints: 32/32/32
  delta_vec, 14 entries, memory: 416 bytes

    (544,0)    1
    (570,0)    1
    (587,0)    1
    (599,0)    1
    (627,0)    1
    (29734,0)    -1
    (31494,0)    -1
    (33458,0)    -1
    (33540,0)    -1
    (33838,0)    -1
    (642636,0)    1
    (711614,0)    1
    (872966,0)    -1
    (1001873,0)    -1

iter 606, delta 0

  1134890x1 GraphBLAS double vector, sparse by col, ints: 32/32/32
  delta_vec, 14 entries, memory: 416 bytes

    (544,0)    -1
    (570,0)    -1
    (587,0)    -1
    (599,0)    -1
    (627,0)    -1
    (29734,0)    1
    (31494,0)    1
    (33458,0)    1
    (33540,0)    1
    (642636,0)    -1
    (649478,0)    1
    (711614,0)    -1
    (872966,0)    1
    (1001873,0)    1

iter 607, delta 0

  1134890x1 GraphBLAS double vector, sparse by col, ints: 32/32/32
  delta_vec, 14 entries, memory: 416 bytes

    (544,0)    1
    (570,0)    1
    (582,0)    1
    (587,0)    1
    (599,0)    1
    (627,0)    1
    (29734,0)    -1
    (31494,0)    -1
    (33458,0)    -1
    (33540,0)    -1
    (642636,0)    1
    (649478,0)    -1
    (872966,0)    -1
    (1001873,0)    -1

iter 608, delta 0

  1134890x1 GraphBLAS double vector, sparse by col, ints: 32/32/32
  delta_vec, 14 entries, memory: 416 bytes

    (544,0)    -1
    (570,0)    -1
    (582,0)    -1
    (587,0)    -1
    (599,0)    -1
    (627,0)    -1
    (29734,0)    1
    (31494,0)    1
    (33458,0)    1
    (33540,0)    1
    (33839,0)    1
    (642636,0)    -1
    (872966,0)    1
    (1001873,0)    1

iter 609, delta 0

  1134890x1 GraphBLAS double vector, sparse by col, ints: 32/32/32
  delta_vec, 14 entries, memory: 416 bytes

    (544,0)    1
    (570,0)    1
    (587,0)    1
    (599,0)    1
    (627,0)    1
    (29734,0)    -1
    (31494,0)    -1
    (33458,0)    -1
    (33540,0)    -1
    (33839,0)    -1
    (642636,0)    1
    (711615,0)    1
    (872966,0)    -1
    (1001873,0)    -1

iter 610, delta 0

  1134890x1 GraphBLAS double vector, sparse by col, ints: 32/32/32
  delta_vec, 14 entries, memory: 416 bytes

    (544,0)    -1
    (570,0)    -1
    (587,0)    -1
    (599,0)    -1
    (627,0)    -1
    (29734,0)    1
    (31494,0)    1
    (33458,0)    1
    (33540,0)    1
    (33838,0)    1
    (642636,0)    -1
    (711615,0)    -1
    (872966,0)    1
    (1001873,0)    1

iter 611, delta 0

  1134890x1 GraphBLAS double vector, sparse by col, ints: 32/32/32
  delta_vec, 14 entries, memory: 416 bytes

    (544,0)    1
    (570,0)    1
    (587,0)    1
    (599,0)    1
    (627,0)    1
    (29734,0)    -1
    (31494,0)    -1
    (33458,0)    -1
    (33540,0)    -1
    (33838,0)    -1
    (642636,0)    1
    (711614,0)    1
    (872966,0)    -1
    (1001873,0)    -1

iter 612, delta 0

  1134890x1 GraphBLAS double vector, sparse by col, ints: 32/32/32
  delta_vec, 14 entries, memory: 416 bytes

    (544,0)    -1
    (570,0)    -1
    (587,0)    -1
    (599,0)    -1
    (627,0)    -1
    (29734,0)    1
    (31494,0)    1
    (33458,0)    1
    (33540,0)    1
    (642636,0)    -1
    (649478,0)    1
    (711614,0)    -1
    (872966,0)    1
    (1001873,0)    1

iter 613, delta 0

  1134890x1 GraphBLAS double vector, sparse by col, ints: 32/32/32
  delta_vec, 14 entries, memory: 416 bytes

    (544,0)    1
    (570,0)    1
    (582,0)    1
    (587,0)    1
    (599,0)    1
    (627,0)    1
    (29734,0)    -1
    (31494,0)    -1
    (33458,0)    -1
    (33540,0)    -1
    (642636,0)    1
    (649478,0)    -1
    (872966,0)    -1
    (1001873,0)    -1

iter 614, delta 0

  1134890x1 GraphBLAS double vector, sparse by col, ints: 32/32/32
  delta_vec, 14 entries, memory: 416 bytes

    (544,0)    -1
    (570,0)    -1
    (582,0)    -1
    (587,0)    -1
    (599,0)    -1
    (627,0)    -1
    (29734,0)    1
    (31494,0)    1
    (33458,0)    1
    (33540,0)    1
    (33839,0)    1
    (642636,0)    -1
    (872966,0)    1
    (1001873,0)    1

iter 615, delta 0

  1134890x1 GraphBLAS double vector, sparse by col, ints: 32/32/32
  delta_vec, 14 entries, memory: 416 bytes

    (544,0)    1
    (570,0)    1
    (587,0)    1
    (599,0)    1
    (627,0)    1
    (29734,0)    -1
    (31494,0)    -1
    (33458,0)    -1
    (33540,0)    -1
    (33839,0)    -1
    (642636,0)    1
    (711615,0)    1
    (872966,0)    -1
    (1001873,0)    -1

iter 616, delta 0

  1134890x1 GraphBLAS double vector, sparse by col, ints: 32/32/32
  delta_vec, 14 entries, memory: 416 bytes

    (544,0)    -1
    (570,0)    -1
    (587,0)    -1
    (599,0)    -1
    (627,0)    -1
    (29734,0)    1
    (31494,0)    1
    (33458,0)    1
    (33540,0)    1
    (33838,0)    1
    (642636,0)    -1
    (711615,0)    -1
    (872966,0)    1
    (1001873,0)    1

iter 617, delta 0

  1134890x1 GraphBLAS double vector, sparse by col, ints: 32/32/32
  delta_vec, 14 entries, memory: 416 bytes

    (544,0)    1
    (570,0)    1
    (587,0)    1
    (599,0)    1
    (627,0)    1
    (29734,0)    -1
    (31494,0)    -1
    (33458,0)    -1
    (33540,0)    -1
    (33838,0)    -1
    (642636,0)    1
    (711614,0)    1
    (872966,0)    -1
    (1001873,0)    -1

iter 618, delta 0

  1134890x1 GraphBLAS double vector, sparse by col, ints: 32/32/32
  delta_vec, 14 entries, memory: 416 bytes

    (544,0)    -1
    (570,0)    -1
    (587,0)    -1
    (599,0)    -1
    (627,0)    -1
    (29734,0)    1
    (31494,0)    1
    (33458,0)    1
    (33540,0)    1
    (642636,0)    -1
    (649478,0)    1
    (711614,0)    -1
    (872966,0)    1
    (1001873,0)    1

iter 619, delta 0

  1134890x1 GraphBLAS double vector, sparse by col, ints: 32/32/32
  delta_vec, 14 entries, memory: 416 bytes

    (544,0)    1
    (570,0)    1
    (582,0)    1
    (587,0)    1
    (599,0)    1
    (627,0)    1
    (29734,0)    -1
    (31494,0)    -1
    (33458,0)    -1
    (33540,0)    -1
    (642636,0)    1
    (649478,0)    -1
    (872966,0)    -1
    (1001873,0)    -1

iter 620, delta 0

  1134890x1 GraphBLAS double vector, sparse by col, ints: 32/32/32
  delta_vec, 14 entries, memory: 416 bytes

    (544,0)    -1
    (570,0)    -1
    (582,0)    -1
    (587,0)    -1
    (599,0)    -1
    (627,0)    -1
    (29734,0)    1
    (31494,0)    1
    (33458,0)    1
    (33540,0)    1
    (33839,0)    1
    (642636,0)    -1
    (872966,0)    1
    (1001873,0)    1

iter 621, delta 0

  1134890x1 GraphBLAS double vector, sparse by col, ints: 32/32/32
  delta_vec, 14 entries, memory: 416 bytes

    (544,0)    1
    (570,0)    1
    (587,0)    1
    (599,0)    1
    (627,0)    1
    (29734,0)    -1
    (31494,0)    -1
    (33458,0)    -1
    (33540,0)    -1
    (33839,0)    -1
    (642636,0)    1
    (711615,0)    1
    (872966,0)    -1
    (1001873,0)    -1

iter 622, delta 0

  1134890x1 GraphBLAS double vector, sparse by col, ints: 32/32/32
  delta_vec, 14 entries, memory: 416 bytes

    (544,0)    -1
    (570,0)    -1
    (587,0)    -1
    (599,0)    -1
    (627,0)    -1
    (29734,0)    1
    (31494,0)    1
    (33458,0)    1
    (33540,0)    1
    (33838,0)    1
    (642636,0)    -1
    (711615,0)    -1
    (872966,0)    1
    (1001873,0)    1

iter 623, delta 0

  1134890x1 GraphBLAS double vector, sparse by col, ints: 32/32/32
  delta_vec, 14 entries, memory: 416 bytes

    (544,0)    1
    (570,0)    1
    (587,0)    1
    (599,0)    1
    (627,0)    1
    (29734,0)    -1
    (31494,0)    -1
    (33458,0)    -1
    (33540,0)    -1
    (33838,0)    -1
    (642636,0)    1
    (711614,0)    1
    (872966,0)    -1
    (1001873,0)    -1

iter 624, delta 0

  1134890x1 GraphBLAS double vector, sparse by col, ints: 32/32/32
  delta_vec, 14 entries, memory: 416 bytes

    (544,0)    -1
    (570,0)    -1
    (587,0)    -1
    (599,0)    -1
    (627,0)    -1
    (29734,0)    1
    (31494,0)    1
    (33458,0)    1
    (33540,0)    1
    (642636,0)    -1
    (649478,0)    1
    (711614,0)    -1
    (872966,0)    1
    (1001873,0)    1

iter 625, delta 0

  1134890x1 GraphBLAS double vector, sparse by col, ints: 32/32/32
  delta_vec, 14 entries, memory: 416 bytes

    (544,0)    1
    (570,0)    1
    (582,0)    1
    (587,0)    1
    (599,0)    1
    (627,0)    1
    (29734,0)    -1
    (31494,0)    -1
    (33458,0)    -1
    (33540,0)    -1
    (642636,0)    1
    (649478,0)    -1
    (872966,0)    -1
    (1001873,0)    -1

iter 626, delta 0

  1134890x1 GraphBLAS double vector, sparse by col, ints: 32/32/32
  delta_vec, 14 entries, memory: 416 bytes

    (544,0)    -1
    (570,0)    -1
    (582,0)    -1
    (587,0)    -1
    (599,0)    -1
    (627,0)    -1
    (29734,0)    1
    (31494,0)    1
    (33458,0)    1
    (33540,0)    1
    (33839,0)    1
    (642636,0)    -1
    (872966,0)    1
    (1001873,0)    1

iter 627, delta 0

  1134890x1 GraphBLAS double vector, sparse by col, ints: 32/32/32
  delta_vec, 14 entries, memory: 416 bytes

    (544,0)    1
    (570,0)    1
    (587,0)    1
    (599,0)    1
    (627,0)    1
    (29734,0)    -1
    (31494,0)    -1
    (33458,0)    -1
    (33540,0)    -1
    (33839,0)    -1
    (642636,0)    1
    (711615,0)    1
    (872966,0)    -1
    (1001873,0)    -1

iter 628, delta 0

  1134890x1 GraphBLAS double vector, sparse by col, ints: 32/32/32
  delta_vec, 14 entries, memory: 416 bytes

    (544,0)    -1
    (570,0)    -1
    (587,0)    -1
    (599,0)    -1
    (627,0)    -1
    (29734,0)    1
    (31494,0)    1
    (33458,0)    1
    (33540,0)    1
    (33838,0)    1
    (642636,0)    -1
    (711615,0)    -1
    (872966,0)    1
    (1001873,0)    1

iter 629, delta 0

  1134890x1 GraphBLAS double vector, sparse by col, ints: 32/32/32
  delta_vec, 14 entries, memory: 416 bytes

    (544,0)    1
    (570,0)    1
    (587,0)    1
    (599,0)    1
    (627,0)    1
    (29734,0)    -1
    (31494,0)    -1
    (33458,0)    -1
    (33540,0)    -1
    (33838,0)    -1
    (642636,0)    1
    (711614,0)    1
    (872966,0)    -1
    (1001873,0)    -1

iter 630, delta 0

  1134890x1 GraphBLAS double vector, sparse by col, ints: 32/32/32
  delta_vec, 14 entries, memory: 416 bytes

    (544,0)    -1
    (570,0)    -1
    (587,0)    -1
    (599,0)    -1
    (627,0)    -1
    (29734,0)    1
    (31494,0)    1
    (33458,0)    1
    (33540,0)    1
    (642636,0)    -1
    (649478,0)    1
    (711614,0)    -1
    (872966,0)    1
    (1001873,0)    1

iter 631, delta 0

  1134890x1 GraphBLAS double vector, sparse by col, ints: 32/32/32
  delta_vec, 14 entries, memory: 416 bytes

    (544,0)    1
    (570,0)    1
    (582,0)    1
    (587,0)    1
    (599,0)    1
    (627,0)    1
    (29734,0)    -1
    (31494,0)    -1
    (33458,0)    -1
    (33540,0)    -1
    (642636,0)    1
    (649478,0)    -1
    (872966,0)    -1
    (1001873,0)    -1

iter 632, delta 0

  1134890x1 GraphBLAS double vector, sparse by col, ints: 32/32/32
  delta_vec, 14 entries, memory: 416 bytes

    (544,0)    -1
    (570,0)    -1
    (582,0)    -1
    (587,0)    -1
    (599,0)    -1
    (627,0)    -1
    (29734,0)    1
    (31494,0)    1
    (33458,0)    1
    (33540,0)    1
    (33839,0)    1
    (642636,0)    -1
    (872966,0)    1
    (1001873,0)    1

iter 633, delta 0

  1134890x1 GraphBLAS double vector, sparse by col, ints: 32/32/32
  delta_vec, 14 entries, memory: 416 bytes

    (544,0)    1
    (570,0)    1
    (587,0)    1
    (599,0)    1
    (627,0)    1
    (29734,0)    -1
    (31494,0)    -1
    (33458,0)    -1
    (33540,0)    -1
    (33839,0)    -1
    (642636,0)    1
    (711615,0)    1
    (872966,0)    -1
    (1001873,0)    -1

iter 634, delta 0

  1134890x1 GraphBLAS double vector, sparse by col, ints: 32/32/32
  delta_vec, 14 entries, memory: 416 bytes

    (544,0)    -1
    (570,0)    -1
    (587,0)    -1
    (599,0)    -1
    (627,0)    -1
    (29734,0)    1
    (31494,0)    1
    (33458,0)    1
    (33540,0)    1
    (33838,0)    1
    (642636,0)    -1
    (711615,0)    -1
    (872966,0)    1
    (1001873,0)    1

iter 635, delta 0

  1134890x1 GraphBLAS double vector, sparse by col, ints: 32/32/32
  delta_vec, 14 entries, memory: 416 bytes

    (544,0)    1
    (570,0)    1
    (587,0)    1
    (599,0)    1
    (627,0)    1
    (29734,0)    -1
    (31494,0)    -1
    (33458,0)    -1
    (33540,0)    -1
    (33838,0)    -1
    (642636,0)    1
    (711614,0)    1
    (872966,0)    -1
    (1001873,0)    -1

iter 636, delta 0

  1134890x1 GraphBLAS double vector, sparse by col, ints: 32/32/32
  delta_vec, 14 entries, memory: 416 bytes

    (544,0)    -1
    (570,0)    -1
    (587,0)    -1
    (599,0)    -1
    (627,0)    -1
    (29734,0)    1
    (31494,0)    1
    (33458,0)    1
    (33540,0)    1
    (642636,0)    -1
    (649478,0)    1
    (711614,0)    -1
    (872966,0)    1
    (1001873,0)    1

iter 637, delta 0

  1134890x1 GraphBLAS double vector, sparse by col, ints: 32/32/32
  delta_vec, 14 entries, memory: 416 bytes

    (544,0)    1
    (570,0)    1
    (582,0)    1
    (587,0)    1
    (599,0)    1
    (627,0)    1
    (29734,0)    -1
    (31494,0)    -1
    (33458,0)    -1
    (33540,0)    -1
    (642636,0)    1
    (649478,0)    -1
    (872966,0)    -1
    (1001873,0)    -1

iter 638, delta 0

  1134890x1 GraphBLAS double vector, sparse by col, ints: 32/32/32
  delta_vec, 14 entries, memory: 416 bytes

    (544,0)    -1
    (570,0)    -1
    (582,0)    -1
    (587,0)    -1
    (599,0)    -1
    (627,0)    -1
    (29734,0)    1
    (31494,0)    1
    (33458,0)    1
    (33540,0)    1
    (33839,0)    1
    (642636,0)    -1
    (872966,0)    1
    (1001873,0)    1

iter 639, delta 0

  1134890x1 GraphBLAS double vector, sparse by col, ints: 32/32/32
  delta_vec, 14 entries, memory: 416 bytes

    (544,0)    1
    (570,0)    1
    (587,0)    1
    (599,0)    1
    (627,0)    1
    (29734,0)    -1
    (31494,0)    -1
    (33458,0)    -1
    (33540,0)    -1
    (33839,0)    -1
    (642636,0)    1
    (711615,0)    1
    (872966,0)    -1
    (1001873,0)    -1

iter 640, delta 0

  1134890x1 GraphBLAS double vector, sparse by col, ints: 32/32/32
  delta_vec, 14 entries, memory: 416 bytes

    (544,0)    -1
    (570,0)    -1
    (587,0)    -1
    (599,0)    -1
    (627,0)    -1
    (29734,0)    1
    (31494,0)    1
    (33458,0)    1
    (33540,0)    1
    (33838,0)    1
    (642636,0)    -1
    (711615,0)    -1
    (872966,0)    1
    (1001873,0)    1

iter 641, delta 0

  1134890x1 GraphBLAS double vector, sparse by col, ints: 32/32/32
  delta_vec, 14 entries, memory: 416 bytes

    (544,0)    1
    (570,0)    1
    (587,0)    1
    (599,0)    1
    (627,0)    1
    (29734,0)    -1
    (31494,0)    -1
    (33458,0)    -1
    (33540,0)    -1
    (33838,0)    -1
    (642636,0)    1
    (711614,0)    1
    (872966,0)    -1
    (1001873,0)    -1

iter 642, delta 0

  1134890x1 GraphBLAS double vector, sparse by col, ints: 32/32/32
  delta_vec, 14 entries, memory: 416 bytes

    (544,0)    -1
    (570,0)    -1
    (587,0)    -1
    (599,0)    -1
    (627,0)    -1
    (29734,0)    1
    (31494,0)    1
    (33458,0)    1
    (33540,0)    1
    (642636,0)    -1
    (649478,0)    1
    (711614,0)    -1
    (872966,0)    1
    (1001873,0)    1

iter 643, delta 0

  1134890x1 GraphBLAS double vector, sparse by col, ints: 32/32/32
  delta_vec, 14 entries, memory: 416 bytes

    (544,0)    1
    (570,0)    1
    (582,0)    1
    (587,0)    1
    (599,0)    1
    (627,0)    1
    (29734,0)    -1
    (31494,0)    -1
    (33458,0)    -1
    (33540,0)    -1
    (642636,0)    1
    (649478,0)    -1
    (872966,0)    -1
    (1001873,0)    -1

iter 644, delta 0

  1134890x1 GraphBLAS double vector, sparse by col, ints: 32/32/32
  delta_vec, 14 entries, memory: 416 bytes

    (544,0)    -1
    (570,0)    -1
    (582,0)    -1
    (587,0)    -1
    (599,0)    -1
    (627,0)    -1
    (29734,0)    1
    (31494,0)    1
    (33458,0)    1
    (33540,0)    1
    (33839,0)    1
    (642636,0)    -1
    (872966,0)    1
    (1001873,0)    1

iter 645, delta 0

  1134890x1 GraphBLAS double vector, sparse by col, ints: 32/32/32
  delta_vec, 14 entries, memory: 416 bytes

    (544,0)    1
    (570,0)    1
    (587,0)    1
    (599,0)    1
    (627,0)    1
    (29734,0)    -1
    (31494,0)    -1
    (33458,0)    -1
    (33540,0)    -1
    (33839,0)    -1
    (642636,0)    1
    (711615,0)    1
    (872966,0)    -1
    (1001873,0)    -1

iter 646, delta 0

  1134890x1 GraphBLAS double vector, sparse by col, ints: 32/32/32
  delta_vec, 14 entries, memory: 416 bytes

    (544,0)    -1
    (570,0)    -1
    (587,0)    -1
    (599,0)    -1
    (627,0)    -1
    (29734,0)    1
    (31494,0)    1
    (33458,0)    1
    (33540,0)    1
    (33838,0)    1
    (642636,0)    -1
    (711615,0)    -1
    (872966,0)    1
    (1001873,0)    1

iter 647, delta 0

  1134890x1 GraphBLAS double vector, sparse by col, ints: 32/32/32
  delta_vec, 14 entries, memory: 416 bytes

    (544,0)    1
    (570,0)    1
    (587,0)    1
    (599,0)    1
    (627,0)    1
    (29734,0)    -1
    (31494,0)    -1
    (33458,0)    -1
    (33540,0)    -1
    (33838,0)    -1
    (642636,0)    1
    (711614,0)    1
    (872966,0)    -1
    (1001873,0)    -1

iter 648, delta 0

  1134890x1 GraphBLAS double vector, sparse by col, ints: 32/32/32
  delta_vec, 14 entries, memory: 416 bytes

    (544,0)    -1
    (570,0)    -1
    (587,0)    -1
    (599,0)    -1
    (627,0)    -1
    (29734,0)    1
    (31494,0)    1
    (33458,0)    1
    (33540,0)    1
    (642636,0)    -1
    (649478,0)    1
    (711614,0)    -1
    (872966,0)    1
    (1001873,0)    1

iter 649, delta 0

  1134890x1 GraphBLAS double vector, sparse by col, ints: 32/32/32
  delta_vec, 14 entries, memory: 416 bytes

    (544,0)    1
    (570,0)    1
    (582,0)    1
    (587,0)    1
    (599,0)    1
    (627,0)    1
    (29734,0)    -1
    (31494,0)    -1
    (33458,0)    -1
    (33540,0)    -1
    (642636,0)    1
    (649478,0)    -1
    (872966,0)    -1
    (1001873,0)    -1

iter 650, delta 0

  1134890x1 GraphBLAS double vector, sparse by col, ints: 32/32/32
  delta_vec, 14 entries, memory: 416 bytes

    (544,0)    -1
    (570,0)    -1
    (582,0)    -1
    (587,0)    -1
    (599,0)    -1
    (627,0)    -1
    (29734,0)    1
    (31494,0)    1
    (33458,0)    1
    (33540,0)    1
    (33839,0)    1
    (642636,0)    -1
    (872966,0)    1
    (1001873,0)    1

iter 651, delta 0

  1134890x1 GraphBLAS double vector, sparse by col, ints: 32/32/32
  delta_vec, 14 entries, memory: 416 bytes

    (544,0)    1
    (570,0)    1
    (587,0)    1
    (599,0)    1
    (627,0)    1
    (29734,0)    -1
    (31494,0)    -1
    (33458,0)    -1
    (33540,0)    -1
    (33839,0)    -1
    (642636,0)    1
    (711615,0)    1
    (872966,0)    -1
    (1001873,0)    -1

iter 652, delta 0

  1134890x1 GraphBLAS double vector, sparse by col, ints: 32/32/32
  delta_vec, 14 entries, memory: 416 bytes

    (544,0)    -1
    (570,0)    -1
    (587,0)    -1
    (599,0)    -1
    (627,0)    -1
    (29734,0)    1
    (31494,0)    1
    (33458,0)    1
    (33540,0)    1
    (33838,0)    1
    (642636,0)    -1
    (711615,0)    -1
    (872966,0)    1
    (1001873,0)    1

iter 653, delta 0

  1134890x1 GraphBLAS double vector, sparse by col, ints: 32/32/32
  delta_vec, 14 entries, memory: 416 bytes

    (544,0)    1
    (570,0)    1
    (587,0)    1
    (599,0)    1
    (627,0)    1
    (29734,0)    -1
    (31494,0)    -1
    (33458,0)    -1
    (33540,0)    -1
    (33838,0)    -1
    (642636,0)    1
    (711614,0)    1
    (872966,0)    -1
    (1001873,0)    -1

iter 654, delta 0

  1134890x1 GraphBLAS double vector, sparse by col, ints: 32/32/32
  delta_vec, 14 entries, memory: 416 bytes

    (544,0)    -1
    (570,0)    -1
    (587,0)    -1
    (599,0)    -1
    (627,0)    -1
    (29734,0)    1
    (31494,0)    1
    (33458,0)    1
    (33540,0)    1
    (642636,0)    -1
    (649478,0)    1
    (711614,0)    -1
    (872966,0)    1
    (1001873,0)    1

iter 655, delta 0

  1134890x1 GraphBLAS double vector, sparse by col, ints: 32/32/32
  delta_vec, 14 entries, memory: 416 bytes

    (544,0)    1
    (570,0)    1
    (582,0)    1
    (587,0)    1
    (599,0)    1
    (627,0)    1
    (29734,0)    -1
    (31494,0)    -1
    (33458,0)    -1
    (33540,0)    -1
    (642636,0)    1
    (649478,0)    -1
    (872966,0)    -1
    (1001873,0)    -1

iter 656, delta 0

  1134890x1 GraphBLAS double vector, sparse by col, ints: 32/32/32
  delta_vec, 14 entries, memory: 416 bytes

    (544,0)    -1
    (570,0)    -1
    (582,0)    -1
    (587,0)    -1
    (599,0)    -1
    (627,0)    -1
    (29734,0)    1
    (31494,0)    1
    (33458,0)    1
    (33540,0)    1
    (33839,0)    1
    (642636,0)    -1
    (872966,0)    1
    (1001873,0)    1

iter 657, delta 0

  1134890x1 GraphBLAS double vector, sparse by col, ints: 32/32/32
  delta_vec, 14 entries, memory: 416 bytes

    (544,0)    1
    (570,0)    1
    (587,0)    1
    (599,0)    1
    (627,0)    1
    (29734,0)    -1
    (31494,0)    -1
    (33458,0)    -1
    (33540,0)    -1
    (33839,0)    -1
    (642636,0)    1
    (711615,0)    1
    (872966,0)    -1
    (1001873,0)    -1

iter 658, delta 0

  1134890x1 GraphBLAS double vector, sparse by col, ints: 32/32/32
  delta_vec, 14 entries, memory: 416 bytes

    (544,0)    -1
    (570,0)    -1
    (587,0)    -1
    (599,0)    -1
    (627,0)    -1
    (29734,0)    1
    (31494,0)    1
    (33458,0)    1
    (33540,0)    1
    (33838,0)    1
    (642636,0)    -1
    (711615,0)    -1
    (872966,0)    1
    (1001873,0)    1

iter 659, delta 0

  1134890x1 GraphBLAS double vector, sparse by col, ints: 32/32/32
  delta_vec, 14 entries, memory: 416 bytes

    (544,0)    1
    (570,0)    1
    (587,0)    1
    (599,0)    1
    (627,0)    1
    (29734,0)    -1
    (31494,0)    -1
    (33458,0)    -1
    (33540,0)    -1
    (33838,0)    -1
    (642636,0)    1
    (711614,0)    1
    (872966,0)    -1
    (1001873,0)    -1

iter 660, delta 0

  1134890x1 GraphBLAS double vector, sparse by col, ints: 32/32/32
  delta_vec, 14 entries, memory: 416 bytes

    (544,0)    -1
    (570,0)    -1
    (587,0)    -1
    (599,0)    -1
    (627,0)    -1
    (29734,0)    1
    (31494,0)    1
    (33458,0)    1
    (33540,0)    1
    (642636,0)    -1
    (649478,0)    1
    (711614,0)    -1
    (872966,0)    1
    (1001873,0)    1

iter 661, delta 0

  1134890x1 GraphBLAS double vector, sparse by col, ints: 32/32/32
  delta_vec, 14 entries, memory: 416 bytes

    (544,0)    1
    (570,0)    1
    (582,0)    1
    (587,0)    1
    (599,0)    1
    (627,0)    1
    (29734,0)    -1
    (31494,0)    -1
    (33458,0)    -1
    (33540,0)    -1
    (642636,0)    1
    (649478,0)    -1
    (872966,0)    -1
    (1001873,0)    -1

iter 662, delta 0

  1134890x1 GraphBLAS double vector, sparse by col, ints: 32/32/32
  delta_vec, 14 entries, memory: 416 bytes

    (544,0)    -1
    (570,0)    -1
    (582,0)    -1
    (587,0)    -1
    (599,0)    -1
    (627,0)    -1
    (29734,0)    1
    (31494,0)    1
    (33458,0)    1
    (33540,0)    1
    (33839,0)    1
    (642636,0)    -1
    (872966,0)    1
    (1001873,0)    1

iter 663, delta 0

  1134890x1 GraphBLAS double vector, sparse by col, ints: 32/32/32
  delta_vec, 14 entries, memory: 416 bytes

    (544,0)    1
    (570,0)    1
    (587,0)    1
    (599,0)    1
    (627,0)    1
    (29734,0)    -1
    (31494,0)    -1
    (33458,0)    -1
    (33540,0)    -1
    (33839,0)    -1
    (642636,0)    1
    (711615,0)    1
    (872966,0)    -1
    (1001873,0)    -1

iter 664, delta 0

  1134890x1 GraphBLAS double vector, sparse by col, ints: 32/32/32
  delta_vec, 14 entries, memory: 416 bytes

    (544,0)    -1
    (570,0)    -1
    (587,0)    -1
    (599,0)    -1
    (627,0)    -1
    (29734,0)    1
    (31494,0)    1
    (33458,0)    1
    (33540,0)    1
    (33838,0)    1
    (642636,0)    -1
    (711615,0)    -1
    (872966,0)    1
    (1001873,0)    1

iter 665, delta 0

  1134890x1 GraphBLAS double vector, sparse by col, ints: 32/32/32
  delta_vec, 14 entries, memory: 416 bytes

    (544,0)    1
    (570,0)    1
    (587,0)    1
    (599,0)    1
    (627,0)    1
    (29734,0)    -1
    (31494,0)    -1
    (33458,0)    -1
    (33540,0)    -1
    (33838,0)    -1
    (642636,0)    1
    (711614,0)    1
    (872966,0)    -1
    (1001873,0)    -1

iter 666, delta 0

  1134890x1 GraphBLAS double vector, sparse by col, ints: 32/32/32
  delta_vec, 14 entries, memory: 416 bytes

    (544,0)    -1
    (570,0)    -1
    (587,0)    -1
    (599,0)    -1
    (627,0)    -1
    (29734,0)    1
    (31494,0)    1
    (33458,0)    1
    (33540,0)    1
    (642636,0)    -1
    (649478,0)    1
    (711614,0)    -1
    (872966,0)    1
    (1001873,0)    1

iter 667, delta 0

  1134890x1 GraphBLAS double vector, sparse by col, ints: 32/32/32
  delta_vec, 14 entries, memory: 416 bytes

    (544,0)    1
    (570,0)    1
    (582,0)    1
    (587,0)    1
    (599,0)    1
    (627,0)    1
    (29734,0)    -1
    (31494,0)    -1
    (33458,0)    -1
    (33540,0)    -1
    (642636,0)    1
    (649478,0)    -1
    (872966,0)    -1
    (1001873,0)    -1

iter 668, delta 0

  1134890x1 GraphBLAS double vector, sparse by col, ints: 32/32/32
  delta_vec, 14 entries, memory: 416 bytes

    (544,0)    -1
    (570,0)    -1
    (582,0)    -1
    (587,0)    -1
    (599,0)    -1
    (627,0)    -1
    (29734,0)    1
    (31494,0)    1
    (33458,0)    1
    (33540,0)    1
    (33839,0)    1
    (642636,0)    -1
    (872966,0)    1
    (1001873,0)    1

iter 669, delta 0

  1134890x1 GraphBLAS double vector, sparse by col, ints: 32/32/32
  delta_vec, 14 entries, memory: 416 bytes

    (544,0)    1
    (570,0)    1
    (587,0)    1
    (599,0)    1
    (627,0)    1
    (29734,0)    -1
    (31494,0)    -1
    (33458,0)    -1
    (33540,0)    -1
    (33839,0)    -1
    (642636,0)    1
    (711615,0)    1
    (872966,0)    -1
    (1001873,0)    -1

iter 670, delta 0

  1134890x1 GraphBLAS double vector, sparse by col, ints: 32/32/32
  delta_vec, 14 entries, memory: 416 bytes

    (544,0)    -1
    (570,0)    -1
    (587,0)    -1
    (599,0)    -1
    (627,0)    -1
    (29734,0)    1
    (31494,0)    1
    (33458,0)    1
    (33540,0)    1
    (33838,0)    1
    (642636,0)    -1
    (711615,0)    -1
    (872966,0)    1
    (1001873,0)    1

iter 671, delta 0

  1134890x1 GraphBLAS double vector, sparse by col, ints: 32/32/32
  delta_vec, 14 entries, memory: 416 bytes

    (544,0)    1
    (570,0)    1
    (587,0)    1
    (599,0)    1
    (627,0)    1
    (29734,0)    -1
    (31494,0)    -1
    (33458,0)    -1
    (33540,0)    -1
    (33838,0)    -1
    (642636,0)    1
    (711614,0)    1
    (872966,0)    -1
    (1001873,0)    -1

iter 672, delta 0

  1134890x1 GraphBLAS double vector, sparse by col, ints: 32/32/32
  delta_vec, 14 entries, memory: 416 bytes

    (544,0)    -1
    (570,0)    -1
    (587,0)    -1
    (599,0)    -1
    (627,0)    -1
    (29734,0)    1
    (31494,0)    1
    (33458,0)    1
    (33540,0)    1
    (642636,0)    -1
    (649478,0)    1
    (711614,0)    -1
    (872966,0)    1
    (1001873,0)    1

iter 673, delta 0

  1134890x1 GraphBLAS double vector, sparse by col, ints: 32/32/32
  delta_vec, 14 entries, memory: 416 bytes

    (544,0)    1
    (570,0)    1
    (582,0)    1
    (587,0)    1
    (599,0)    1
    (627,0)    1
    (29734,0)    -1
    (31494,0)    -1
    (33458,0)    -1
    (33540,0)    -1
    (642636,0)    1
    (649478,0)    -1
    (872966,0)    -1
    (1001873,0)    -1

iter 674, delta 0

  1134890x1 GraphBLAS double vector, sparse by col, ints: 32/32/32
  delta_vec, 14 entries, memory: 416 bytes

    (544,0)    -1
    (570,0)    -1
    (582,0)    -1
    (587,0)    -1
    (599,0)    -1
    (627,0)    -1
    (29734,0)    1
    (31494,0)    1
    (33458,0)    1
    (33540,0)    1
    (33839,0)    1
    (642636,0)    -1
    (872966,0)    1
    (1001873,0)    1

iter 675, delta 0

  1134890x1 GraphBLAS double vector, sparse by col, ints: 32/32/32
  delta_vec, 14 entries, memory: 416 bytes

    (544,0)    1
    (570,0)    1
    (587,0)    1
    (599,0)    1
    (627,0)    1
    (29734,0)    -1
    (31494,0)    -1
    (33458,0)    -1
    (33540,0)    -1
    (33839,0)    -1
    (642636,0)    1
    (711615,0)    1
    (872966,0)    -1
    (1001873,0)    -1

iter 676, delta 0

  1134890x1 GraphBLAS double vector, sparse by col, ints: 32/32/32
  delta_vec, 14 entries, memory: 416 bytes

    (544,0)    -1
    (570,0)    -1
    (587,0)    -1
    (599,0)    -1
    (627,0)    -1
    (29734,0)    1
    (31494,0)    1
    (33458,0)    1
    (33540,0)    1
    (33838,0)    1
    (642636,0)    -1
    (711615,0)    -1
    (872966,0)    1
    (1001873,0)    1

iter 677, delta 0

  1134890x1 GraphBLAS double vector, sparse by col, ints: 32/32/32
  delta_vec, 14 entries, memory: 416 bytes

    (544,0)    1
    (570,0)    1
    (587,0)    1
    (599,0)    1
    (627,0)    1
    (29734,0)    -1
    (31494,0)    -1
    (33458,0)    -1
    (33540,0)    -1
    (33838,0)    -1
    (642636,0)    1
    (711614,0)    1
    (872966,0)    -1
    (1001873,0)    -1

iter 678, delta 0

  1134890x1 GraphBLAS double vector, sparse by col, ints: 32/32/32
  delta_vec, 14 entries, memory: 416 bytes

    (544,0)    -1
    (570,0)    -1
    (587,0)    -1
    (599,0)    -1
    (627,0)    -1
    (29734,0)    1
    (31494,0)    1
    (33458,0)    1
    (33540,0)    1
    (642636,0)    -1
    (649478,0)    1
    (711614,0)    -1
    (872966,0)    1
    (1001873,0)    1

iter 679, delta 0

  1134890x1 GraphBLAS double vector, sparse by col, ints: 32/32/32
  delta_vec, 14 entries, memory: 416 bytes

    (544,0)    1
    (570,0)    1
    (582,0)    1
    (587,0)    1
    (599,0)    1
    (627,0)    1
    (29734,0)    -1
    (31494,0)    -1
    (33458,0)    -1
    (33540,0)    -1
    (642636,0)    1
    (649478,0)    -1
    (872966,0)    -1
    (1001873,0)    -1

iter 680, delta 0

  1134890x1 GraphBLAS double vector, sparse by col, ints: 32/32/32
  delta_vec, 14 entries, memory: 416 bytes

    (544,0)    -1
    (570,0)    -1
    (582,0)    -1
    (587,0)    -1
    (599,0)    -1
    (627,0)    -1
    (29734,0)    1
    (31494,0)    1
    (33458,0)    1
    (33540,0)    1
    (33839,0)    1
    (642636,0)    -1
    (872966,0)    1
    (1001873,0)    1

iter 681, delta 0

  1134890x1 GraphBLAS double vector, sparse by col, ints: 32/32/32
  delta_vec, 14 entries, memory: 416 bytes

    (544,0)    1
    (570,0)    1
    (587,0)    1
    (599,0)    1
    (627,0)    1
    (29734,0)    -1
    (31494,0)    -1
    (33458,0)    -1
    (33540,0)    -1
    (33839,0)    -1
    (642636,0)    1
    (711615,0)    1
    (872966,0)    -1
    (1001873,0)    -1

iter 682, delta 0

  1134890x1 GraphBLAS double vector, sparse by col, ints: 32/32/32
  delta_vec, 14 entries, memory: 416 bytes

    (544,0)    -1
    (570,0)    -1
    (587,0)    -1
    (599,0)    -1
    (627,0)    -1
    (29734,0)    1
    (31494,0)    1
    (33458,0)    1
    (33540,0)    1
    (33838,0)    1
    (642636,0)    -1
    (711615,0)    -1
    (872966,0)    1
    (1001873,0)    1

iter 683, delta 0

  1134890x1 GraphBLAS double vector, sparse by col, ints: 32/32/32
  delta_vec, 14 entries, memory: 416 bytes

    (544,0)    1
    (570,0)    1
    (587,0)    1
    (599,0)    1
    (627,0)    1
    (29734,0)    -1
    (31494,0)    -1
    (33458,0)    -1
    (33540,0)    -1
    (33838,0)    -1
    (642636,0)    1
    (711614,0)    1
    (872966,0)    -1
    (1001873,0)    -1

iter 684, delta 0

  1134890x1 GraphBLAS double vector, sparse by col, ints: 32/32/32
  delta_vec, 14 entries, memory: 416 bytes

    (544,0)    -1
    (570,0)    -1
    (587,0)    -1
    (599,0)    -1
    (627,0)    -1
    (29734,0)    1
    (31494,0)    1
    (33458,0)    1
    (33540,0)    1
    (642636,0)    -1
    (649478,0)    1
    (711614,0)    -1
    (872966,0)    1
    (1001873,0)    1

iter 685, delta 0

  1134890x1 GraphBLAS double vector, sparse by col, ints: 32/32/32
  delta_vec, 14 entries, memory: 416 bytes

    (544,0)    1
    (570,0)    1
    (582,0)    1
    (587,0)    1
    (599,0)    1
    (627,0)    1
    (29734,0)    -1
    (31494,0)    -1
    (33458,0)    -1
    (33540,0)    -1
    (642636,0)    1
    (649478,0)    -1
    (872966,0)    -1
    (1001873,0)    -1

iter 686, delta 0

  1134890x1 GraphBLAS double vector, sparse by col, ints: 32/32/32
  delta_vec, 14 entries, memory: 416 bytes

    (544,0)    -1
    (570,0)    -1
    (582,0)    -1
    (587,0)    -1
    (599,0)    -1
    (627,0)    -1
    (29734,0)    1
    (31494,0)    1
    (33458,0)    1
    (33540,0)    1
    (33839,0)    1
    (642636,0)    -1
    (872966,0)    1
    (1001873,0)    1

iter 687, delta 0

  1134890x1 GraphBLAS double vector, sparse by col, ints: 32/32/32
  delta_vec, 14 entries, memory: 416 bytes

    (544,0)    1
    (570,0)    1
    (587,0)    1
    (599,0)    1
    (627,0)    1
    (29734,0)    -1
    (31494,0)    -1
    (33458,0)    -1
    (33540,0)    -1
    (33839,0)    -1
    (642636,0)    1
    (711615,0)    1
    (872966,0)    -1
    (1001873,0)    -1

iter 688, delta 0

  1134890x1 GraphBLAS double vector, sparse by col, ints: 32/32/32
  delta_vec, 14 entries, memory: 416 bytes

    (544,0)    -1
    (570,0)    -1
    (587,0)    -1
    (599,0)    -1
    (627,0)    -1
    (29734,0)    1
    (31494,0)    1
    (33458,0)    1
    (33540,0)    1
    (33838,0)    1
    (642636,0)    -1
    (711615,0)    -1
    (872966,0)    1
    (1001873,0)    1

iter 689, delta 0

  1134890x1 GraphBLAS double vector, sparse by col, ints: 32/32/32
  delta_vec, 14 entries, memory: 416 bytes

    (544,0)    1
    (570,0)    1
    (587,0)    1
    (599,0)    1
    (627,0)    1
    (29734,0)    -1
    (31494,0)    -1
    (33458,0)    -1
    (33540,0)    -1
    (33838,0)    -1
    (642636,0)    1
    (711614,0)    1
    (872966,0)    -1
    (1001873,0)    -1

iter 690, delta 0

  1134890x1 GraphBLAS double vector, sparse by col, ints: 32/32/32
  delta_vec, 14 entries, memory: 416 bytes

    (544,0)    -1
    (570,0)    -1
    (587,0)    -1
    (599,0)    -1
    (627,0)    -1
    (29734,0)    1
    (31494,0)    1
    (33458,0)    1
    (33540,0)    1
    (642636,0)    -1
    (649478,0)    1
    (711614,0)    -1
    (872966,0)    1
    (1001873,0)    1

iter 691, delta 0

  1134890x1 GraphBLAS double vector, sparse by col, ints: 32/32/32
  delta_vec, 14 entries, memory: 416 bytes

    (544,0)    1
    (570,0)    1
    (582,0)    1
    (587,0)    1
    (599,0)    1
    (627,0)    1
    (29734,0)    -1
    (31494,0)    -1
    (33458,0)    -1
    (33540,0)    -1
    (642636,0)    1
    (649478,0)    -1
    (872966,0)    -1
    (1001873,0)    -1

iter 692, delta 0

  1134890x1 GraphBLAS double vector, sparse by col, ints: 32/32/32
  delta_vec, 14 entries, memory: 416 bytes

    (544,0)    -1
    (570,0)    -1
    (582,0)    -1
    (587,0)    -1
    (599,0)    -1
    (627,0)    -1
    (29734,0)    1
    (31494,0)    1
    (33458,0)    1
    (33540,0)    1
    (33839,0)    1
    (642636,0)    -1
    (872966,0)    1
    (1001873,0)    1

iter 693, delta 0

  1134890x1 GraphBLAS double vector, sparse by col, ints: 32/32/32
  delta_vec, 14 entries, memory: 416 bytes

    (544,0)    1
    (570,0)    1
    (587,0)    1
    (599,0)    1
    (627,0)    1
    (29734,0)    -1
    (31494,0)    -1
    (33458,0)    -1
    (33540,0)    -1
    (33839,0)    -1
    (642636,0)    1
    (711615,0)    1
    (872966,0)    -1
    (1001873,0)    -1

iter 694, delta 0

  1134890x1 GraphBLAS double vector, sparse by col, ints: 32/32/32
  delta_vec, 14 entries, memory: 416 bytes

    (544,0)    -1
    (570,0)    -1
    (587,0)    -1
    (599,0)    -1
    (627,0)    -1
    (29734,0)    1
    (31494,0)    1
    (33458,0)    1
    (33540,0)    1
    (33838,0)    1
    (642636,0)    -1
    (711615,0)    -1
    (872966,0)    1
    (1001873,0)    1

iter 695, delta 0

  1134890x1 GraphBLAS double vector, sparse by col, ints: 32/32/32
  delta_vec, 14 entries, memory: 416 bytes

    (544,0)    1
    (570,0)    1
    (587,0)    1
    (599,0)    1
    (627,0)    1
    (29734,0)    -1
    (31494,0)    -1
    (33458,0)    -1
    (33540,0)    -1
    (33838,0)    -1
    (642636,0)    1
    (711614,0)    1
    (872966,0)    -1
    (1001873,0)    -1

iter 696, delta 0

  1134890x1 GraphBLAS double vector, sparse by col, ints: 32/32/32
  delta_vec, 14 entries, memory: 416 bytes

    (544,0)    -1
    (570,0)    -1
    (587,0)    -1
    (599,0)    -1
    (627,0)    -1
    (29734,0)    1
    (31494,0)    1
    (33458,0)    1
    (33540,0)    1
    (642636,0)    -1
    (649478,0)    1
    (711614,0)    -1
    (872966,0)    1
    (1001873,0)    1

iter 697, delta 0

  1134890x1 GraphBLAS double vector, sparse by col, ints: 32/32/32
  delta_vec, 14 entries, memory: 416 bytes

    (544,0)    1
    (570,0)    1
    (582,0)    1
    (587,0)    1
    (599,0)    1
    (627,0)    1
    (29734,0)    -1
    (31494,0)    -1
    (33458,0)    -1
    (33540,0)    -1
    (642636,0)    1
    (649478,0)    -1
    (872966,0)    -1
    (1001873,0)    -1

iter 698, delta 0

  1134890x1 GraphBLAS double vector, sparse by col, ints: 32/32/32
  delta_vec, 14 entries, memory: 416 bytes

    (544,0)    -1
    (570,0)    -1
    (582,0)    -1
    (587,0)    -1
    (599,0)    -1
    (627,0)    -1
    (29734,0)    1
    (31494,0)    1
    (33458,0)    1
    (33540,0)    1
    (33839,0)    1
    (642636,0)    -1
    (872966,0)    1
    (1001873,0)    1

iter 699, delta 0

  1134890x1 GraphBLAS double vector, sparse by col, ints: 32/32/32
  delta_vec, 14 entries, memory: 416 bytes

    (544,0)    1
    (570,0)    1
    (587,0)    1
    (599,0)    1
    (627,0)    1
    (29734,0)    -1
    (31494,0)    -1
    (33458,0)    -1
    (33540,0)    -1
    (33839,0)    -1
    (642636,0)    1
    (711615,0)    1
    (872966,0)    -1
    (1001873,0)    -1

iter 700, delta 0

  1134890x1 GraphBLAS double vector, sparse by col, ints: 32/32/32
  delta_vec, 14 entries, memory: 416 bytes

    (544,0)    -1
    (570,0)    -1
    (587,0)    -1
    (599,0)    -1
    (627,0)    -1
    (29734,0)    1
    (31494,0)    1
    (33458,0)    1
    (33540,0)    1
    (33838,0)    1
    (642636,0)    -1
    (711615,0)    -1
    (872966,0)    1
    (1001873,0)    1

iter 701, delta 0

  1134890x1 GraphBLAS double vector, sparse by col, ints: 32/32/32
  delta_vec, 14 entries, memory: 416 bytes

    (544,0)    1
    (570,0)    1
    (587,0)    1
    (599,0)    1
    (627,0)    1
    (29734,0)    -1
    (31494,0)    -1
    (33458,0)    -1
    (33540,0)    -1
    (33838,0)    -1
    (642636,0)    1
    (711614,0)    1
    (872966,0)    -1
    (1001873,0)    -1

iter 702, delta 0

  1134890x1 GraphBLAS double vector, sparse by col, ints: 32/32/32
  delta_vec, 14 entries, memory: 416 bytes

    (544,0)    -1
    (570,0)    -1
    (587,0)    -1
    (599,0)    -1
    (627,0)    -1
    (29734,0)    1
    (31494,0)    1
    (33458,0)    1
    (33540,0)    1
    (642636,0)    -1
    (649478,0)    1
    (711614,0)    -1
    (872966,0)    1
    (1001873,0)    1

iter 703, delta 0

  1134890x1 GraphBLAS double vector, sparse by col, ints: 32/32/32
  delta_vec, 14 entries, memory: 416 bytes

    (544,0)    1
    (570,0)    1
    (582,0)    1
    (587,0)    1
    (599,0)    1
    (627,0)    1
    (29734,0)    -1
    (31494,0)    -1
    (33458,0)    -1
    (33540,0)    -1
    (642636,0)    1
    (649478,0)    -1
    (872966,0)    -1
    (1001873,0)    -1

iter 704, delta 0

  1134890x1 GraphBLAS double vector, sparse by col, ints: 32/32/32
  delta_vec, 14 entries, memory: 416 bytes

    (544,0)    -1
    (570,0)    -1
    (582,0)    -1
    (587,0)    -1
    (599,0)    -1
    (627,0)    -1
    (29734,0)    1
    (31494,0)    1
    (33458,0)    1
    (33540,0)    1
    (33839,0)    1
    (642636,0)    -1
    (872966,0)    1
    (1001873,0)    1

iter 705, delta 0

  1134890x1 GraphBLAS double vector, sparse by col, ints: 32/32/32
  delta_vec, 14 entries, memory: 416 bytes

    (544,0)    1
    (570,0)    1
    (587,0)    1
    (599,0)    1
    (627,0)    1
    (29734,0)    -1
    (31494,0)    -1
    (33458,0)    -1
    (33540,0)    -1
    (33839,0)    -1
    (642636,0)    1
    (711615,0)    1
    (872966,0)    -1
    (1001873,0)    -1

iter 706, delta 0

  1134890x1 GraphBLAS double vector, sparse by col, ints: 32/32/32
  delta_vec, 14 entries, memory: 416 bytes

    (544,0)    -1
    (570,0)    -1
    (587,0)    -1
    (599,0)    -1
    (627,0)    -1
    (29734,0)    1
    (31494,0)    1
    (33458,0)    1
    (33540,0)    1
    (33838,0)    1
    (642636,0)    -1
    (711615,0)    -1
    (872966,0)    1
    (1001873,0)    1

iter 707, delta 0

  1134890x1 GraphBLAS double vector, sparse by col, ints: 32/32/32
  delta_vec, 14 entries, memory: 416 bytes

    (544,0)    1
    (570,0)    1
    (587,0)    1
    (599,0)    1
    (627,0)    1
    (29734,0)    -1
    (31494,0)    -1
    (33458,0)    -1
    (33540,0)    -1
    (33838,0)    -1
    (642636,0)    1
    (711614,0)    1
    (872966,0)    -1
    (1001873,0)    -1

iter 708, delta 0

  1134890x1 GraphBLAS double vector, sparse by col, ints: 32/32/32
  delta_vec, 14 entries, memory: 416 bytes

    (544,0)    -1
    (570,0)    -1
    (587,0)    -1
    (599,0)    -1
    (627,0)    -1
    (29734,0)    1
    (31494,0)    1
    (33458,0)    1
    (33540,0)    1
    (642636,0)    -1
    (649478,0)    1
    (711614,0)    -1
    (872966,0)    1
    (1001873,0)    1

iter 709, delta 0

  1134890x1 GraphBLAS double vector, sparse by col, ints: 32/32/32
  delta_vec, 14 entries, memory: 416 bytes

    (544,0)    1
    (570,0)    1
    (582,0)    1
    (587,0)    1
    (599,0)    1
    (627,0)    1
    (29734,0)    -1
    (31494,0)    -1
    (33458,0)    -1
    (33540,0)    -1
    (642636,0)    1
    (649478,0)    -1
    (872966,0)    -1
    (1001873,0)    -1

iter 710, delta 0

  1134890x1 GraphBLAS double vector, sparse by col, ints: 32/32/32
  delta_vec, 14 entries, memory: 416 bytes

    (544,0)    -1
    (570,0)    -1
    (582,0)    -1
    (587,0)    -1
    (599,0)    -1
    (627,0)    -1
    (29734,0)    1
    (31494,0)    1
    (33458,0)    1
    (33540,0)    1
    (33839,0)    1
    (642636,0)    -1
    (872966,0)    1
    (1001873,0)    1

iter 711, delta 0

  1134890x1 GraphBLAS double vector, sparse by col, ints: 32/32/32
  delta_vec, 14 entries, memory: 416 bytes

    (544,0)    1
    (570,0)    1
    (587,0)    1
    (599,0)    1
    (627,0)    1
    (29734,0)    -1
    (31494,0)    -1
    (33458,0)    -1
    (33540,0)    -1
    (33839,0)    -1
    (642636,0)    1
    (711615,0)    1
    (872966,0)    -1
    (1001873,0)    -1

iter 712, delta 0

  1134890x1 GraphBLAS double vector, sparse by col, ints: 32/32/32
  delta_vec, 14 entries, memory: 416 bytes

    (544,0)    -1
    (570,0)    -1
    (587,0)    -1
    (599,0)    -1
    (627,0)    -1
    (29734,0)    1
    (31494,0)    1
    (33458,0)    1
    (33540,0)    1
    (33838,0)    1
    (642636,0)    -1
    (711615,0)    -1
    (872966,0)    1
    (1001873,0)    1

iter 713, delta 0

  1134890x1 GraphBLAS double vector, sparse by col, ints: 32/32/32
  delta_vec, 14 entries, memory: 416 bytes

    (544,0)    1
    (570,0)    1
    (587,0)    1
    (599,0)    1
    (627,0)    1
    (29734,0)    -1
    (31494,0)    -1
    (33458,0)    -1
    (33540,0)    -1
    (33838,0)    -1
    (642636,0)    1
    (711614,0)    1
    (872966,0)    -1
    (1001873,0)    -1

iter 714, delta 0

  1134890x1 GraphBLAS double vector, sparse by col, ints: 32/32/32
  delta_vec, 14 entries, memory: 416 bytes

    (544,0)    -1
    (570,0)    -1
    (587,0)    -1
    (599,0)    -1
    (627,0)    -1
    (29734,0)    1
    (31494,0)    1
    (33458,0)    1
    (33540,0)    1
    (642636,0)    -1
    (649478,0)    1
    (711614,0)    -1
    (872966,0)    1
    (1001873,0)    1

iter 715, delta 0

  1134890x1 GraphBLAS double vector, sparse by col, ints: 32/32/32
  delta_vec, 14 entries, memory: 416 bytes

    (544,0)    1
    (570,0)    1
    (582,0)    1
    (587,0)    1
    (599,0)    1
    (627,0)    1
    (29734,0)    -1
    (31494,0)    -1
    (33458,0)    -1
    (33540,0)    -1
    (642636,0)    1
    (649478,0)    -1
    (872966,0)    -1
    (1001873,0)    -1

iter 716, delta 0

  1134890x1 GraphBLAS double vector, sparse by col, ints: 32/32/32
  delta_vec, 14 entries, memory: 416 bytes

    (544,0)    -1
    (570,0)    -1
    (582,0)    -1
    (587,0)    -1
    (599,0)    -1
    (627,0)    -1
    (29734,0)    1
    (31494,0)    1
    (33458,0)    1
    (33540,0)    1
    (33839,0)    1
    (642636,0)    -1
    (872966,0)    1
    (1001873,0)    1

iter 717, delta 0

  1134890x1 GraphBLAS double vector, sparse by col, ints: 32/32/32
  delta_vec, 14 entries, memory: 416 bytes

    (544,0)    1
    (570,0)    1
    (587,0)    1
    (599,0)    1
    (627,0)    1
    (29734,0)    -1
    (31494,0)    -1
    (33458,0)    -1
    (33540,0)    -1
    (33839,0)    -1
    (642636,0)    1
    (711615,0)    1
    (872966,0)    -1
    (1001873,0)    -1

iter 718, delta 0

  1134890x1 GraphBLAS double vector, sparse by col, ints: 32/32/32
  delta_vec, 14 entries, memory: 416 bytes

    (544,0)    -1
    (570,0)    -1
    (587,0)    -1
    (599,0)    -1
    (627,0)    -1
    (29734,0)    1
    (31494,0)    1
    (33458,0)    1
    (33540,0)    1
    (33838,0)    1
    (642636,0)    -1
    (711615,0)    -1
    (872966,0)    1
    (1001873,0)    1

iter 719, delta 0

  1134890x1 GraphBLAS double vector, sparse by col, ints: 32/32/32
  delta_vec, 14 entries, memory: 416 bytes

    (544,0)    1
    (570,0)    1
    (587,0)    1
    (599,0)    1
    (627,0)    1
    (29734,0)    -1
    (31494,0)    -1
    (33458,0)    -1
    (33540,0)    -1
    (33838,0)    -1
    (642636,0)    1
    (711614,0)    1
    (872966,0)    -1
    (1001873,0)    -1

iter 720, delta 0

  1134890x1 GraphBLAS double vector, sparse by col, ints: 32/32/32
  delta_vec, 14 entries, memory: 416 bytes

    (544,0)    -1
    (570,0)    -1
    (587,0)    -1
    (599,0)    -1
    (627,0)    -1
    (29734,0)    1
    (31494,0)    1
    (33458,0)    1
    (33540,0)    1
    (642636,0)    -1
    (649478,0)    1
    (711614,0)    -1
    (872966,0)    1
    (1001873,0)    1

iter 721, delta 0

  1134890x1 GraphBLAS double vector, sparse by col, ints: 32/32/32
  delta_vec, 14 entries, memory: 416 bytes

    (544,0)    1
    (570,0)    1
    (582,0)    1
    (587,0)    1
    (599,0)    1
    (627,0)    1
    (29734,0)    -1
    (31494,0)    -1
    (33458,0)    -1
    (33540,0)    -1
    (642636,0)    1
    (649478,0)    -1
    (872966,0)    -1
    (1001873,0)    -1

iter 722, delta 0

  1134890x1 GraphBLAS double vector, sparse by col, ints: 32/32/32
  delta_vec, 14 entries, memory: 416 bytes

    (544,0)    -1
    (570,0)    -1
    (582,0)    -1
    (587,0)    -1
    (599,0)    -1
    (627,0)    -1
    (29734,0)    1
    (31494,0)    1
    (33458,0)    1
    (33540,0)    1
    (33839,0)    1
    (642636,0)    -1
    (872966,0)    1
    (1001873,0)    1

iter 723, delta 0

  1134890x1 GraphBLAS double vector, sparse by col, ints: 32/32/32
  delta_vec, 14 entries, memory: 416 bytes

    (544,0)    1
    (570,0)    1
    (587,0)    1
    (599,0)    1
    (627,0)    1
    (29734,0)    -1
    (31494,0)    -1
    (33458,0)    -1
    (33540,0)    -1
    (33839,0)    -1
    (642636,0)    1
    (711615,0)    1
    (872966,0)    -1
    (1001873,0)    -1

iter 724, delta 0

  1134890x1 GraphBLAS double vector, sparse by col, ints: 32/32/32
  delta_vec, 14 entries, memory: 416 bytes

    (544,0)    -1
    (570,0)    -1
    (587,0)    -1
    (599,0)    -1
    (627,0)    -1
    (29734,0)    1
    (31494,0)    1
    (33458,0)    1
    (33540,0)    1
    (33838,0)    1
    (642636,0)    -1
    (711615,0)    -1
    (872966,0)    1
    (1001873,0)    1

iter 725, delta 0

  1134890x1 GraphBLAS double vector, sparse by col, ints: 32/32/32
  delta_vec, 14 entries, memory: 416 bytes

    (544,0)    1
    (570,0)    1
    (587,0)    1
    (599,0)    1
    (627,0)    1
    (29734,0)    -1
    (31494,0)    -1
    (33458,0)    -1
    (33540,0)    -1
    (33838,0)    -1
    (642636,0)    1
    (711614,0)    1
    (872966,0)    -1
    (1001873,0)    -1

iter 726, delta 0

  1134890x1 GraphBLAS double vector, sparse by col, ints: 32/32/32
  delta_vec, 14 entries, memory: 416 bytes

    (544,0)    -1
    (570,0)    -1
    (587,0)    -1
    (599,0)    -1
    (627,0)    -1
    (29734,0)    1
    (31494,0)    1
    (33458,0)    1
    (33540,0)    1
    (642636,0)    -1
    (649478,0)    1
    (711614,0)    -1
    (872966,0)    1
    (1001873,0)    1

iter 727, delta 0

  1134890x1 GraphBLAS double vector, sparse by col, ints: 32/32/32
  delta_vec, 14 entries, memory: 416 bytes

    (544,0)    1
    (570,0)    1
    (582,0)    1
    (587,0)    1
    (599,0)    1
    (627,0)    1
    (29734,0)    -1
    (31494,0)    -1
    (33458,0)    -1
    (33540,0)    -1
    (642636,0)    1
    (649478,0)    -1
    (872966,0)    -1
    (1001873,0)    -1

iter 728, delta 0

  1134890x1 GraphBLAS double vector, sparse by col, ints: 32/32/32
  delta_vec, 14 entries, memory: 416 bytes

    (544,0)    -1
    (570,0)    -1
    (582,0)    -1
    (587,0)    -1
    (599,0)    -1
    (627,0)    -1
    (29734,0)    1
    (31494,0)    1
    (33458,0)    1
    (33540,0)    1
    (33839,0)    1
    (642636,0)    -1
    (872966,0)    1
    (1001873,0)    1

iter 729, delta 0

  1134890x1 GraphBLAS double vector, sparse by col, ints: 32/32/32
  delta_vec, 14 entries, memory: 416 bytes

    (544,0)    1
    (570,0)    1
    (587,0)    1
    (599,0)    1
    (627,0)    1
    (29734,0)    -1
    (31494,0)    -1
    (33458,0)    -1
    (33540,0)    -1
    (33839,0)    -1
    (642636,0)    1
    (711615,0)    1
    (872966,0)    -1
    (1001873,0)    -1

iter 730, delta 0

  1134890x1 GraphBLAS double vector, sparse by col, ints: 32/32/32
  delta_vec, 14 entries, memory: 416 bytes

    (544,0)    -1
    (570,0)    -1
    (587,0)    -1
    (599,0)    -1
    (627,0)    -1
    (29734,0)    1
    (31494,0)    1
    (33458,0)    1
    (33540,0)    1
    (33838,0)    1
    (642636,0)    -1
    (711615,0)    -1
    (872966,0)    1
    (1001873,0)    1

iter 731, delta 0

  1134890x1 GraphBLAS double vector, sparse by col, ints: 32/32/32
  delta_vec, 14 entries, memory: 416 bytes

    (544,0)    1
    (570,0)    1
    (587,0)    1
    (599,0)    1
    (627,0)    1
    (29734,0)    -1
    (31494,0)    -1
    (33458,0)    -1
    (33540,0)    -1
    (33838,0)    -1
    (642636,0)    1
    (711614,0)    1
    (872966,0)    -1
    (1001873,0)    -1

iter 732, delta 0

  1134890x1 GraphBLAS double vector, sparse by col, ints: 32/32/32
  delta_vec, 14 entries, memory: 416 bytes

    (544,0)    -1
    (570,0)    -1
    (587,0)    -1
    (599,0)    -1
    (627,0)    -1
    (29734,0)    1
    (31494,0)    1
    (33458,0)    1
    (33540,0)    1
    (642636,0)    -1
    (649478,0)    1
    (711614,0)    -1
    (872966,0)    1
    (1001873,0)    1

iter 733, delta 0

  1134890x1 GraphBLAS double vector, sparse by col, ints: 32/32/32
  delta_vec, 14 entries, memory: 416 bytes

    (544,0)    1
    (570,0)    1
    (582,0)    1
    (587,0)    1
    (599,0)    1
    (627,0)    1
    (29734,0)    -1
    (31494,0)    -1
    (33458,0)    -1
    (33540,0)    -1
    (642636,0)    1
    (649478,0)    -1
    (872966,0)    -1
    (1001873,0)    -1

iter 734, delta 0

  1134890x1 GraphBLAS double vector, sparse by col, ints: 32/32/32
  delta_vec, 14 entries, memory: 416 bytes

    (544,0)    -1
    (570,0)    -1
    (582,0)    -1
    (587,0)    -1
    (599,0)    -1
    (627,0)    -1
    (29734,0)    1
    (31494,0)    1
    (33458,0)    1
    (33540,0)    1
    (33839,0)    1
    (642636,0)    -1
    (872966,0)    1
    (1001873,0)    1

iter 735, delta 0

  1134890x1 GraphBLAS double vector, sparse by col, ints: 32/32/32
  delta_vec, 14 entries, memory: 416 bytes

    (544,0)    1
    (570,0)    1
    (587,0)    1
    (599,0)    1
    (627,0)    1
    (29734,0)    -1
    (31494,0)    -1
    (33458,0)    -1
    (33540,0)    -1
    (33839,0)    -1
    (642636,0)    1
    (711615,0)    1
    (872966,0)    -1
    (1001873,0)    -1

iter 736, delta 0

  1134890x1 GraphBLAS double vector, sparse by col, ints: 32/32/32
  delta_vec, 14 entries, memory: 416 bytes

    (544,0)    -1
    (570,0)    -1
    (587,0)    -1
    (599,0)    -1
    (627,0)    -1
    (29734,0)    1
    (31494,0)    1
    (33458,0)    1
    (33540,0)    1
    (33838,0)    1
    (642636,0)    -1
    (711615,0)    -1
    (872966,0)    1
    (1001873,0)    1

iter 737, delta 0

  1134890x1 GraphBLAS double vector, sparse by col, ints: 32/32/32
  delta_vec, 14 entries, memory: 416 bytes

    (544,0)    1
    (570,0)    1
    (587,0)    1
    (599,0)    1
    (627,0)    1
    (29734,0)    -1
    (31494,0)    -1
    (33458,0)    -1
    (33540,0)    -1
    (33838,0)    -1
    (642636,0)    1
    (711614,0)    1
    (872966,0)    -1
    (1001873,0)    -1

iter 738, delta 0

  1134890x1 GraphBLAS double vector, sparse by col, ints: 32/32/32
  delta_vec, 14 entries, memory: 416 bytes

    (544,0)    -1
    (570,0)    -1
    (587,0)    -1
    (599,0)    -1
    (627,0)    -1
    (29734,0)    1
    (31494,0)    1
    (33458,0)    1
    (33540,0)    1
    (642636,0)    -1
    (649478,0)    1
    (711614,0)    -1
    (872966,0)    1
    (1001873,0)    1

iter 739, delta 0

  1134890x1 GraphBLAS double vector, sparse by col, ints: 32/32/32
  delta_vec, 14 entries, memory: 416 bytes

    (544,0)    1
    (570,0)    1
    (582,0)    1
    (587,0)    1
    (599,0)    1
    (627,0)    1
    (29734,0)    -1
    (31494,0)    -1
    (33458,0)    -1
    (33540,0)    -1
    (642636,0)    1
    (649478,0)    -1
    (872966,0)    -1
    (1001873,0)    -1

iter 740, delta 0

  1134890x1 GraphBLAS double vector, sparse by col, ints: 32/32/32
  delta_vec, 14 entries, memory: 416 bytes

    (544,0)    -1
    (570,0)    -1
    (582,0)    -1
    (587,0)    -1
    (599,0)    -1
    (627,0)    -1
    (29734,0)    1
    (31494,0)    1
    (33458,0)    1
    (33540,0)    1
    (33839,0)    1
    (642636,0)    -1
    (872966,0)    1
    (1001873,0)    1

iter 741, delta 0

  1134890x1 GraphBLAS double vector, sparse by col, ints: 32/32/32
  delta_vec, 14 entries, memory: 416 bytes

    (544,0)    1
    (570,0)    1
    (587,0)    1
    (599,0)    1
    (627,0)    1
    (29734,0)    -1
    (31494,0)    -1
    (33458,0)    -1
    (33540,0)    -1
    (33839,0)    -1
    (642636,0)    1
    (711615,0)    1
    (872966,0)    -1
    (1001873,0)    -1

iter 742, delta 0

  1134890x1 GraphBLAS double vector, sparse by col, ints: 32/32/32
  delta_vec, 14 entries, memory: 416 bytes

    (544,0)    -1
    (570,0)    -1
    (587,0)    -1
    (599,0)    -1
    (627,0)    -1
    (29734,0)    1
    (31494,0)    1
    (33458,0)    1
    (33540,0)    1
    (33838,0)    1
    (642636,0)    -1
    (711615,0)    -1
    (872966,0)    1
    (1001873,0)    1

iter 743, delta 0

  1134890x1 GraphBLAS double vector, sparse by col, ints: 32/32/32
  delta_vec, 14 entries, memory: 416 bytes

    (544,0)    1
    (570,0)    1
    (587,0)    1
    (599,0)    1
    (627,0)    1
    (29734,0)    -1
    (31494,0)    -1
    (33458,0)    -1
    (33540,0)    -1
    (33838,0)    -1
    (642636,0)    1
    (711614,0)    1
    (872966,0)    -1
    (1001873,0)    -1

iter 744, delta 0

  1134890x1 GraphBLAS double vector, sparse by col, ints: 32/32/32
  delta_vec, 14 entries, memory: 416 bytes

    (544,0)    -1
    (570,0)    -1
    (587,0)    -1
    (599,0)    -1
    (627,0)    -1
    (29734,0)    1
    (31494,0)    1
    (33458,0)    1
    (33540,0)    1
    (642636,0)    -1
    (649478,0)    1
    (711614,0)    -1
    (872966,0)    1
    (1001873,0)    1

iter 745, delta 0

  1134890x1 GraphBLAS double vector, sparse by col, ints: 32/32/32
  delta_vec, 14 entries, memory: 416 bytes

    (544,0)    1
    (570,0)    1
    (582,0)    1
    (587,0)    1
    (599,0)    1
    (627,0)    1
    (29734,0)    -1
    (31494,0)    -1
    (33458,0)    -1
    (33540,0)    -1
    (642636,0)    1
    (649478,0)    -1
    (872966,0)    -1
    (1001873,0)    -1

iter 746, delta 0

  1134890x1 GraphBLAS double vector, sparse by col, ints: 32/32/32
  delta_vec, 14 entries, memory: 416 bytes

    (544,0)    -1
    (570,0)    -1
    (582,0)    -1
    (587,0)    -1
    (599,0)    -1
    (627,0)    -1
    (29734,0)    1
    (31494,0)    1
    (33458,0)    1
    (33540,0)    1
    (33839,0)    1
    (642636,0)    -1
    (872966,0)    1
    (1001873,0)    1

iter 747, delta 0

  1134890x1 GraphBLAS double vector, sparse by col, ints: 32/32/32
  delta_vec, 14 entries, memory: 416 bytes

    (544,0)    1
    (570,0)    1
    (587,0)    1
    (599,0)    1
    (627,0)    1
    (29734,0)    -1
    (31494,0)    -1
    (33458,0)    -1
    (33540,0)    -1
    (33839,0)    -1
    (642636,0)    1
    (711615,0)    1
    (872966,0)    -1
    (1001873,0)    -1

iter 748, delta 0

  1134890x1 GraphBLAS double vector, sparse by col, ints: 32/32/32
  delta_vec, 14 entries, memory: 416 bytes

    (544,0)    -1
    (570,0)    -1
    (587,0)    -1
    (599,0)    -1
    (627,0)    -1
    (29734,0)    1
    (31494,0)    1
    (33458,0)    1
    (33540,0)    1
    (33838,0)    1
    (642636,0)    -1
    (711615,0)    -1
    (872966,0)    1
    (1001873,0)    1

iter 749, delta 0

  1134890x1 GraphBLAS double vector, sparse by col, ints: 32/32/32
  delta_vec, 14 entries, memory: 416 bytes

    (544,0)    1
    (570,0)    1
    (587,0)    1
    (599,0)    1
    (627,0)    1
    (29734,0)    -1
    (31494,0)    -1
    (33458,0)    -1
    (33540,0)    -1
    (33838,0)    -1
    (642636,0)    1
    (711614,0)    1
    (872966,0)    -1
    (1001873,0)    -1

iter 750, delta 0

  1134890x1 GraphBLAS double vector, sparse by col, ints: 32/32/32
  delta_vec, 14 entries, memory: 416 bytes

    (544,0)    -1
    (570,0)    -1
    (587,0)    -1
    (599,0)    -1
    (627,0)    -1
    (29734,0)    1
    (31494,0)    1
    (33458,0)    1
    (33540,0)    1
    (642636,0)    -1
    (649478,0)    1
    (711614,0)    -1
    (872966,0)    1
    (1001873,0)    1

iter 751, delta 0

  1134890x1 GraphBLAS double vector, sparse by col, ints: 32/32/32
  delta_vec, 14 entries, memory: 416 bytes

    (544,0)    1
    (570,0)    1
    (582,0)    1
    (587,0)    1
    (599,0)    1
    (627,0)    1
    (29734,0)    -1
    (31494,0)    -1
    (33458,0)    -1
    (33540,0)    -1
    (642636,0)    1
    (649478,0)    -1
    (872966,0)    -1
    (1001873,0)    -1

iter 752, delta 0

  1134890x1 GraphBLAS double vector, sparse by col, ints: 32/32/32
  delta_vec, 14 entries, memory: 416 bytes

    (544,0)    -1
    (570,0)    -1
    (582,0)    -1
    (587,0)    -1
    (599,0)    -1
    (627,0)    -1
    (29734,0)    1
    (31494,0)    1
    (33458,0)    1
    (33540,0)    1
    (33839,0)    1
    (642636,0)    -1
    (872966,0)    1
    (1001873,0)    1

iter 753, delta 0

  1134890x1 GraphBLAS double vector, sparse by col, ints: 32/32/32
  delta_vec, 14 entries, memory: 416 bytes

    (544,0)    1
    (570,0)    1
    (587,0)    1
    (599,0)    1
    (627,0)    1
    (29734,0)    -1
    (31494,0)    -1
    (33458,0)    -1
    (33540,0)    -1
    (33839,0)    -1
    (642636,0)    1
    (711615,0)    1
    (872966,0)    -1
    (1001873,0)    -1

iter 754, delta 0

  1134890x1 GraphBLAS double vector, sparse by col, ints: 32/32/32
  delta_vec, 14 entries, memory: 416 bytes

    (544,0)    -1
    (570,0)    -1
    (587,0)    -1
    (599,0)    -1
    (627,0)    -1
    (29734,0)    1
    (31494,0)    1
    (33458,0)    1
    (33540,0)    1
    (33838,0)    1
    (642636,0)    -1
    (711615,0)    -1
    (872966,0)    1
    (1001873,0)    1

iter 755, delta 0

  1134890x1 GraphBLAS double vector, sparse by col, ints: 32/32/32
  delta_vec, 14 entries, memory: 416 bytes

    (544,0)    1
    (570,0)    1
    (587,0)    1
    (599,0)    1
    (627,0)    1
    (29734,0)    -1
    (31494,0)    -1
    (33458,0)    -1
    (33540,0)    -1
    (33838,0)    -1
    (642636,0)    1
    (711614,0)    1
    (872966,0)    -1
    (1001873,0)    -1

iter 756, delta 0

  1134890x1 GraphBLAS double vector, sparse by col, ints: 32/32/32
  delta_vec, 14 entries, memory: 416 bytes

    (544,0)    -1
    (570,0)    -1
    (587,0)    -1
    (599,0)    -1
    (627,0)    -1
    (29734,0)    1
    (31494,0)    1
    (33458,0)    1
    (33540,0)    1
    (642636,0)    -1
    (649478,0)    1
    (711614,0)    -1
    (872966,0)    1
    (1001873,0)    1

iter 757, delta 0

  1134890x1 GraphBLAS double vector, sparse by col, ints: 32/32/32
  delta_vec, 14 entries, memory: 416 bytes

    (544,0)    1
    (570,0)    1
    (582,0)    1
    (587,0)    1
    (599,0)    1
    (627,0)    1
    (29734,0)    -1
    (31494,0)    -1
    (33458,0)    -1
    (33540,0)    -1
    (642636,0)    1
    (649478,0)    -1
    (872966,0)    -1
    (1001873,0)    -1

iter 758, delta 0

  1134890x1 GraphBLAS double vector, sparse by col, ints: 32/32/32
  delta_vec, 14 entries, memory: 416 bytes

    (544,0)    -1
    (570,0)    -1
    (582,0)    -1
    (587,0)    -1
    (599,0)    -1
    (627,0)    -1
    (29734,0)    1
    (31494,0)    1
    (33458,0)    1
    (33540,0)    1
    (33839,0)    1
    (642636,0)    -1
    (872966,0)    1
    (1001873,0)    1

iter 759, delta 0

  1134890x1 GraphBLAS double vector, sparse by col, ints: 32/32/32
  delta_vec, 14 entries, memory: 416 bytes

    (544,0)    1
    (570,0)    1
    (587,0)    1
    (599,0)    1
    (627,0)    1
    (29734,0)    -1
    (31494,0)    -1
    (33458,0)    -1
    (33540,0)    -1
    (33839,0)    -1
    (642636,0)    1
    (711615,0)    1
    (872966,0)    -1
    (1001873,0)    -1

iter 760, delta 0

  1134890x1 GraphBLAS double vector, sparse by col, ints: 32/32/32
  delta_vec, 14 entries, memory: 416 bytes

    (544,0)    -1
    (570,0)    -1
    (587,0)    -1
    (599,0)    -1
    (627,0)    -1
    (29734,0)    1
    (31494,0)    1
    (33458,0)    1
    (33540,0)    1
    (33838,0)    1
    (642636,0)    -1
    (711615,0)    -1
    (872966,0)    1
    (1001873,0)    1

iter 761, delta 0

  1134890x1 GraphBLAS double vector, sparse by col, ints: 32/32/32
  delta_vec, 14 entries, memory: 416 bytes

    (544,0)    1
    (570,0)    1
    (587,0)    1
    (599,0)    1
    (627,0)    1
    (29734,0)    -1
    (31494,0)    -1
    (33458,0)    -1
    (33540,0)    -1
    (33838,0)    -1
    (642636,0)    1
    (711614,0)    1
    (872966,0)    -1
    (1001873,0)    -1

iter 762, delta 0

  1134890x1 GraphBLAS double vector, sparse by col, ints: 32/32/32
  delta_vec, 14 entries, memory: 416 bytes

    (544,0)    -1
    (570,0)    -1
    (587,0)    -1
    (599,0)    -1
    (627,0)    -1
    (29734,0)    1
    (31494,0)    1
    (33458,0)    1
    (33540,0)    1
    (642636,0)    -1
    (649478,0)    1
    (711614,0)    -1
    (872966,0)    1
    (1001873,0)    1

iter 763, delta 0

  1134890x1 GraphBLAS double vector, sparse by col, ints: 32/32/32
  delta_vec, 14 entries, memory: 416 bytes

    (544,0)    1
    (570,0)    1
    (582,0)    1
    (587,0)    1
    (599,0)    1
    (627,0)    1
    (29734,0)    -1
    (31494,0)    -1
    (33458,0)    -1
    (33540,0)    -1
    (642636,0)    1
    (649478,0)    -1
    (872966,0)    -1
    (1001873,0)    -1

iter 764, delta 0

  1134890x1 GraphBLAS double vector, sparse by col, ints: 32/32/32
  delta_vec, 14 entries, memory: 416 bytes

    (544,0)    -1
    (570,0)    -1
    (582,0)    -1
    (587,0)    -1
    (599,0)    -1
    (627,0)    -1
    (29734,0)    1
    (31494,0)    1
    (33458,0)    1
    (33540,0)    1
    (33839,0)    1
    (642636,0)    -1
    (872966,0)    1
    (1001873,0)    1

iter 765, delta 0

  1134890x1 GraphBLAS double vector, sparse by col, ints: 32/32/32
  delta_vec, 14 entries, memory: 416 bytes

    (544,0)    1
    (570,0)    1
    (587,0)    1
    (599,0)    1
    (627,0)    1
    (29734,0)    -1
    (31494,0)    -1
    (33458,0)    -1
    (33540,0)    -1
    (33839,0)    -1
    (642636,0)    1
    (711615,0)    1
    (872966,0)    -1
    (1001873,0)    -1

iter 766, delta 0

  1134890x1 GraphBLAS double vector, sparse by col, ints: 32/32/32
  delta_vec, 14 entries, memory: 416 bytes

    (544,0)    -1
    (570,0)    -1
    (587,0)    -1
    (599,0)    -1
    (627,0)    -1
    (29734,0)    1
    (31494,0)    1
    (33458,0)    1
    (33540,0)    1
    (33838,0)    1
    (642636,0)    -1
    (711615,0)    -1
    (872966,0)    1
    (1001873,0)    1

iter 767, delta 0

  1134890x1 GraphBLAS double vector, sparse by col, ints: 32/32/32
  delta_vec, 14 entries, memory: 416 bytes

    (544,0)    1
    (570,0)    1
    (587,0)    1
    (599,0)    1
    (627,0)    1
    (29734,0)    -1
    (31494,0)    -1
    (33458,0)    -1
    (33540,0)    -1
    (33838,0)    -1
    (642636,0)    1
    (711614,0)    1
    (872966,0)    -1
    (1001873,0)    -1

iter 768, delta 0

  1134890x1 GraphBLAS double vector, sparse by col, ints: 32/32/32
  delta_vec, 14 entries, memory: 416 bytes

    (544,0)    -1
    (570,0)    -1
    (587,0)    -1
    (599,0)    -1
    (627,0)    -1
    (29734,0)    1
    (31494,0)    1
    (33458,0)    1
    (33540,0)    1
    (642636,0)    -1
    (649478,0)    1
    (711614,0)    -1
    (872966,0)    1
    (1001873,0)    1

iter 769, delta 0

  1134890x1 GraphBLAS double vector, sparse by col, ints: 32/32/32
  delta_vec, 14 entries, memory: 416 bytes

    (544,0)    1
    (570,0)    1
    (582,0)    1
    (587,0)    1
    (599,0)    1
    (627,0)    1
    (29734,0)    -1
    (31494,0)    -1
    (33458,0)    -1
    (33540,0)    -1
    (642636,0)    1
    (649478,0)    -1
    (872966,0)    -1
    (1001873,0)    -1

iter 770, delta 0

  1134890x1 GraphBLAS double vector, sparse by col, ints: 32/32/32
  delta_vec, 14 entries, memory: 416 bytes

    (544,0)    -1
    (570,0)    -1
    (582,0)    -1
    (587,0)    -1
    (599,0)    -1
    (627,0)    -1
    (29734,0)    1
    (31494,0)    1
    (33458,0)    1
    (33540,0)    1
    (33839,0)    1
    (642636,0)    -1
    (872966,0)    1
    (1001873,0)    1

iter 771, delta 0

  1134890x1 GraphBLAS double vector, sparse by col, ints: 32/32/32
  delta_vec, 14 entries, memory: 416 bytes

    (544,0)    1
    (570,0)    1
    (587,0)    1
    (599,0)    1
    (627,0)    1
    (29734,0)    -1
    (31494,0)    -1
    (33458,0)    -1
    (33540,0)    -1
    (33839,0)    -1
    (642636,0)    1
    (711615,0)    1
    (872966,0)    -1
    (1001873,0)    -1

iter 772, delta 0

  1134890x1 GraphBLAS double vector, sparse by col, ints: 32/32/32
  delta_vec, 14 entries, memory: 416 bytes

    (544,0)    -1
    (570,0)    -1
    (587,0)    -1
    (599,0)    -1
    (627,0)    -1
    (29734,0)    1
    (31494,0)    1
    (33458,0)    1
    (33540,0)    1
    (33838,0)    1
    (642636,0)    -1
    (711615,0)    -1
    (872966,0)    1
    (1001873,0)    1

iter 773, delta 0

  1134890x1 GraphBLAS double vector, sparse by col, ints: 32/32/32
  delta_vec, 14 entries, memory: 416 bytes

    (544,0)    1
    (570,0)    1
    (587,0)    1
    (599,0)    1
    (627,0)    1
    (29734,0)    -1
    (31494,0)    -1
    (33458,0)    -1
    (33540,0)    -1
    (33838,0)    -1
    (642636,0)    1
    (711614,0)    1
    (872966,0)    -1
    (1001873,0)    -1

iter 774, delta 0

  1134890x1 GraphBLAS double vector, sparse by col, ints: 32/32/32
  delta_vec, 14 entries, memory: 416 bytes

    (544,0)    -1
    (570,0)    -1
    (587,0)    -1
    (599,0)    -1
    (627,0)    -1
    (29734,0)    1
    (31494,0)    1
    (33458,0)    1
    (33540,0)    1
    (642636,0)    -1
    (649478,0)    1
    (711614,0)    -1
    (872966,0)    1
    (1001873,0)    1

iter 775, delta 0

  1134890x1 GraphBLAS double vector, sparse by col, ints: 32/32/32
  delta_vec, 14 entries, memory: 416 bytes

    (544,0)    1
    (570,0)    1
    (582,0)    1
    (587,0)    1
    (599,0)    1
    (627,0)    1
    (29734,0)    -1
    (31494,0)    -1
    (33458,0)    -1
    (33540,0)    -1
    (642636,0)    1
    (649478,0)    -1
    (872966,0)    -1
    (1001873,0)    -1

iter 776, delta 0

  1134890x1 GraphBLAS double vector, sparse by col, ints: 32/32/32
  delta_vec, 14 entries, memory: 416 bytes

    (544,0)    -1
    (570,0)    -1
    (582,0)    -1
    (587,0)    -1
    (599,0)    -1
    (627,0)    -1
    (29734,0)    1
    (31494,0)    1
    (33458,0)    1
    (33540,0)    1
    (33839,0)    1
    (642636,0)    -1
    (872966,0)    1
    (1001873,0)    1

iter 777, delta 0

  1134890x1 GraphBLAS double vector, sparse by col, ints: 32/32/32
  delta_vec, 14 entries, memory: 416 bytes

    (544,0)    1
    (570,0)    1
    (587,0)    1
    (599,0)    1
    (627,0)    1
    (29734,0)    -1
    (31494,0)    -1
    (33458,0)    -1
    (33540,0)    -1
    (33839,0)    -1
    (642636,0)    1
    (711615,0)    1
    (872966,0)    -1
    (1001873,0)    -1

iter 778, delta 0

  1134890x1 GraphBLAS double vector, sparse by col, ints: 32/32/32
  delta_vec, 14 entries, memory: 416 bytes

    (544,0)    -1
    (570,0)    -1
    (587,0)    -1
    (599,0)    -1
    (627,0)    -1
    (29734,0)    1
    (31494,0)    1
    (33458,0)    1
    (33540,0)    1
    (33838,0)    1
    (642636,0)    -1
    (711615,0)    -1
    (872966,0)    1
    (1001873,0)    1

iter 779, delta 0

  1134890x1 GraphBLAS double vector, sparse by col, ints: 32/32/32
  delta_vec, 14 entries, memory: 416 bytes

    (544,0)    1
    (570,0)    1
    (587,0)    1
    (599,0)    1
    (627,0)    1
    (29734,0)    -1
    (31494,0)    -1
    (33458,0)    -1
    (33540,0)    -1
    (33838,0)    -1
    (642636,0)    1
    (711614,0)    1
    (872966,0)    -1
    (1001873,0)    -1

iter 780, delta 0

  1134890x1 GraphBLAS double vector, sparse by col, ints: 32/32/32
  delta_vec, 14 entries, memory: 416 bytes

    (544,0)    -1
    (570,0)    -1
    (587,0)    -1
    (599,0)    -1
    (627,0)    -1
    (29734,0)    1
    (31494,0)    1
    (33458,0)    1
    (33540,0)    1
    (642636,0)    -1
    (649478,0)    1
    (711614,0)    -1
    (872966,0)    1
    (1001873,0)    1

iter 781, delta 0

  1134890x1 GraphBLAS double vector, sparse by col, ints: 32/32/32
  delta_vec, 14 entries, memory: 416 bytes

    (544,0)    1
    (570,0)    1
    (582,0)    1
    (587,0)    1
    (599,0)    1
    (627,0)    1
    (29734,0)    -1
    (31494,0)    -1
    (33458,0)    -1
    (33540,0)    -1
    (642636,0)    1
    (649478,0)    -1
    (872966,0)    -1
    (1001873,0)    -1

iter 782, delta 0

  1134890x1 GraphBLAS double vector, sparse by col, ints: 32/32/32
  delta_vec, 14 entries, memory: 416 bytes

    (544,0)    -1
    (570,0)    -1
    (582,0)    -1
    (587,0)    -1
    (599,0)    -1
    (627,0)    -1
    (29734,0)    1
    (31494,0)    1
    (33458,0)    1
    (33540,0)    1
    (33839,0)    1
    (642636,0)    -1
    (872966,0)    1
    (1001873,0)    1

iter 783, delta 0

  1134890x1 GraphBLAS double vector, sparse by col, ints: 32/32/32
  delta_vec, 14 entries, memory: 416 bytes

    (544,0)    1
    (570,0)    1
    (587,0)    1
    (599,0)    1
    (627,0)    1
    (29734,0)    -1
    (31494,0)    -1
    (33458,0)    -1
    (33540,0)    -1
    (33839,0)    -1
    (642636,0)    1
    (711615,0)    1
    (872966,0)    -1
    (1001873,0)    -1

iter 784, delta 0

  1134890x1 GraphBLAS double vector, sparse by col, ints: 32/32/32
  delta_vec, 14 entries, memory: 416 bytes

    (544,0)    -1
    (570,0)    -1
    (587,0)    -1
    (599,0)    -1
    (627,0)    -1
    (29734,0)    1
    (31494,0)    1
    (33458,0)    1
    (33540,0)    1
    (33838,0)    1
    (642636,0)    -1
    (711615,0)    -1
    (872966,0)    1
    (1001873,0)    1

iter 785, delta 0

  1134890x1 GraphBLAS double vector, sparse by col, ints: 32/32/32
  delta_vec, 14 entries, memory: 416 bytes

    (544,0)    1
    (570,0)    1
    (587,0)    1
    (599,0)    1
    (627,0)    1
    (29734,0)    -1
    (31494,0)    -1
    (33458,0)    -1
    (33540,0)    -1
    (33838,0)    -1
    (642636,0)    1
    (711614,0)    1
    (872966,0)    -1
    (1001873,0)    -1

iter 786, delta 0

  1134890x1 GraphBLAS double vector, sparse by col, ints: 32/32/32
  delta_vec, 14 entries, memory: 416 bytes

    (544,0)    -1
    (570,0)    -1
    (587,0)    -1
    (599,0)    -1
    (627,0)    -1
    (29734,0)    1
    (31494,0)    1
    (33458,0)    1
    (33540,0)    1
    (642636,0)    -1
    (649478,0)    1
    (711614,0)    -1
    (872966,0)    1
    (1001873,0)    1

iter 787, delta 0

  1134890x1 GraphBLAS double vector, sparse by col, ints: 32/32/32
  delta_vec, 14 entries, memory: 416 bytes

    (544,0)    1
    (570,0)    1
    (582,0)    1
    (587,0)    1
    (599,0)    1
    (627,0)    1
    (29734,0)    -1
    (31494,0)    -1
    (33458,0)    -1
    (33540,0)    -1
    (642636,0)    1
    (649478,0)    -1
    (872966,0)    -1
    (1001873,0)    -1

iter 788, delta 0

  1134890x1 GraphBLAS double vector, sparse by col, ints: 32/32/32
  delta_vec, 14 entries, memory: 416 bytes

    (544,0)    -1
    (570,0)    -1
    (582,0)    -1
    (587,0)    -1
    (599,0)    -1
    (627,0)    -1
    (29734,0)    1
    (31494,0)    1
    (33458,0)    1
    (33540,0)    1
    (33839,0)    1
    (642636,0)    -1
    (872966,0)    1
    (1001873,0)    1

iter 789, delta 0

  1134890x1 GraphBLAS double vector, sparse by col, ints: 32/32/32
  delta_vec, 14 entries, memory: 416 bytes

    (544,0)    1
    (570,0)    1
    (587,0)    1
    (599,0)    1
    (627,0)    1
    (29734,0)    -1
    (31494,0)    -1
    (33458,0)    -1
    (33540,0)    -1
    (33839,0)    -1
    (642636,0)    1
    (711615,0)    1
    (872966,0)    -1
    (1001873,0)    -1

iter 790, delta 0

  1134890x1 GraphBLAS double vector, sparse by col, ints: 32/32/32
  delta_vec, 14 entries, memory: 416 bytes

    (544,0)    -1
    (570,0)    -1
    (587,0)    -1
    (599,0)    -1
    (627,0)    -1
    (29734,0)    1
    (31494,0)    1
    (33458,0)    1
    (33540,0)    1
    (33838,0)    1
    (642636,0)    -1
    (711615,0)    -1
    (872966,0)    1
    (1001873,0)    1

iter 791, delta 0

  1134890x1 GraphBLAS double vector, sparse by col, ints: 32/32/32
  delta_vec, 14 entries, memory: 416 bytes

    (544,0)    1
    (570,0)    1
    (587,0)    1
    (599,0)    1
    (627,0)    1
    (29734,0)    -1
    (31494,0)    -1
    (33458,0)    -1
    (33540,0)    -1
    (33838,0)    -1
    (642636,0)    1
    (711614,0)    1
    (872966,0)    -1
    (1001873,0)    -1

iter 792, delta 0

  1134890x1 GraphBLAS double vector, sparse by col, ints: 32/32/32
  delta_vec, 14 entries, memory: 416 bytes

    (544,0)    -1
    (570,0)    -1
    (587,0)    -1
    (599,0)    -1
    (627,0)    -1
    (29734,0)    1
    (31494,0)    1
    (33458,0)    1
    (33540,0)    1
    (642636,0)    -1
    (649478,0)    1
    (711614,0)    -1
    (872966,0)    1
    (1001873,0)    1

iter 793, delta 0

  1134890x1 GraphBLAS double vector, sparse by col, ints: 32/32/32
  delta_vec, 14 entries, memory: 416 bytes

    (544,0)    1
    (570,0)    1
    (582,0)    1
    (587,0)    1
    (599,0)    1
    (627,0)    1
    (29734,0)    -1
    (31494,0)    -1
    (33458,0)    -1
    (33540,0)    -1
    (642636,0)    1
    (649478,0)    -1
    (872966,0)    -1
    (1001873,0)    -1

iter 794, delta 0

  1134890x1 GraphBLAS double vector, sparse by col, ints: 32/32/32
  delta_vec, 14 entries, memory: 416 bytes

    (544,0)    -1
    (570,0)    -1
    (582,0)    -1
    (587,0)    -1
    (599,0)    -1
    (627,0)    -1
    (29734,0)    1
    (31494,0)    1
    (33458,0)    1
    (33540,0)    1
    (33839,0)    1
    (642636,0)    -1
    (872966,0)    1
    (1001873,0)    1

iter 795, delta 0

  1134890x1 GraphBLAS double vector, sparse by col, ints: 32/32/32
  delta_vec, 14 entries, memory: 416 bytes

    (544,0)    1
    (570,0)    1
    (587,0)    1
    (599,0)    1
    (627,0)    1
    (29734,0)    -1
    (31494,0)    -1
    (33458,0)    -1
    (33540,0)    -1
    (33839,0)    -1
    (642636,0)    1
    (711615,0)    1
    (872966,0)    -1
    (1001873,0)    -1

iter 796, delta 0

  1134890x1 GraphBLAS double vector, sparse by col, ints: 32/32/32
  delta_vec, 14 entries, memory: 416 bytes

    (544,0)    -1
    (570,0)    -1
    (587,0)    -1
    (599,0)    -1
    (627,0)    -1
    (29734,0)    1
    (31494,0)    1
    (33458,0)    1
    (33540,0)    1
    (33838,0)    1
    (642636,0)    -1
    (711615,0)    -1
    (872966,0)    1
    (1001873,0)    1

iter 797, delta 0

  1134890x1 GraphBLAS double vector, sparse by col, ints: 32/32/32
  delta_vec, 14 entries, memory: 416 bytes

    (544,0)    1
    (570,0)    1
    (587,0)    1
    (599,0)    1
    (627,0)    1
    (29734,0)    -1
    (31494,0)    -1
    (33458,0)    -1
    (33540,0)    -1
    (33838,0)    -1
    (642636,0)    1
    (711614,0)    1
    (872966,0)    -1
    (1001873,0)    -1

iter 798, delta 0

  1134890x1 GraphBLAS double vector, sparse by col, ints: 32/32/32
  delta_vec, 14 entries, memory: 416 bytes

    (544,0)    -1
    (570,0)    -1
    (587,0)    -1
    (599,0)    -1
    (627,0)    -1
    (29734,0)    1
    (31494,0)    1
    (33458,0)    1
    (33540,0)    1
    (642636,0)    -1
    (649478,0)    1
    (711614,0)    -1
    (872966,0)    1
    (1001873,0)    1

iter 799, delta 0

  1134890x1 GraphBLAS double vector, sparse by col, ints: 32/32/32
  delta_vec, 14 entries, memory: 416 bytes

    (544,0)    1
    (570,0)    1
    (582,0)    1
    (587,0)    1
    (599,0)    1
    (627,0)    1
    (29734,0)    -1
    (31494,0)    -1
    (33458,0)    -1
    (33540,0)    -1
    (642636,0)    1
    (649478,0)    -1
    (872966,0)    -1
    (1001873,0)    -1

iter 800, delta 0

  1134890x1 GraphBLAS double vector, sparse by col, ints: 32/32/32
  delta_vec, 14 entries, memory: 416 bytes

    (544,0)    -1
    (570,0)    -1
    (582,0)    -1
    (587,0)    -1
    (599,0)    -1
    (627,0)    -1
    (29734,0)    1
    (31494,0)    1
    (33458,0)    1
    (33540,0)    1
    (33839,0)    1
    (642636,0)    -1
    (872966,0)    1
    (1001873,0)    1

iter 801, delta 0

  1134890x1 GraphBLAS double vector, sparse by col, ints: 32/32/32
  delta_vec, 14 entries, memory: 416 bytes

    (544,0)    1
    (570,0)    1
    (587,0)    1
    (599,0)    1
    (627,0)    1
    (29734,0)    -1
    (31494,0)    -1
    (33458,0)    -1
    (33540,0)    -1
    (33839,0)    -1
    (642636,0)    1
    (711615,0)    1
    (872966,0)    -1
    (1001873,0)    -1

iter 802, delta 0

  1134890x1 GraphBLAS double vector, sparse by col, ints: 32/32/32
  delta_vec, 14 entries, memory: 416 bytes

    (544,0)    -1
    (570,0)    -1
    (587,0)    -1
    (599,0)    -1
    (627,0)    -1
    (29734,0)    1
    (31494,0)    1
    (33458,0)    1
    (33540,0)    1
    (33838,0)    1
    (642636,0)    -1
    (711615,0)    -1
    (872966,0)    1
    (1001873,0)    1

iter 803, delta 0

  1134890x1 GraphBLAS double vector, sparse by col, ints: 32/32/32
  delta_vec, 14 entries, memory: 416 bytes

    (544,0)    1
    (570,0)    1
    (587,0)    1
    (599,0)    1
    (627,0)    1
    (29734,0)    -1
    (31494,0)    -1
    (33458,0)    -1
    (33540,0)    -1
    (33838,0)    -1
    (642636,0)    1
    (711614,0)    1
    (872966,0)    -1
    (1001873,0)    -1

iter 804, delta 0

  1134890x1 GraphBLAS double vector, sparse by col, ints: 32/32/32
  delta_vec, 14 entries, memory: 416 bytes

    (544,0)    -1
    (570,0)    -1
    (587,0)    -1
    (599,0)    -1
    (627,0)    -1
    (29734,0)    1
    (31494,0)    1
    (33458,0)    1
    (33540,0)    1
    (642636,0)    -1
    (649478,0)    1
    (711614,0)    -1
    (872966,0)    1
    (1001873,0)    1

iter 805, delta 0

  1134890x1 GraphBLAS double vector, sparse by col, ints: 32/32/32
  delta_vec, 14 entries, memory: 416 bytes

    (544,0)    1
    (570,0)    1
    (582,0)    1
    (587,0)    1
    (599,0)    1
    (627,0)    1
    (29734,0)    -1
    (31494,0)    -1
    (33458,0)    -1
    (33540,0)    -1
    (642636,0)    1
    (649478,0)    -1
    (872966,0)    -1
    (1001873,0)    -1

iter 806, delta 0

  1134890x1 GraphBLAS double vector, sparse by col, ints: 32/32/32
  delta_vec, 14 entries, memory: 416 bytes

    (544,0)    -1
    (570,0)    -1
    (582,0)    -1
    (587,0)    -1
    (599,0)    -1
    (627,0)    -1
    (29734,0)    1
    (31494,0)    1
    (33458,0)    1
    (33540,0)    1
    (33839,0)    1
    (642636,0)    -1
    (872966,0)    1
    (1001873,0)    1

iter 807, delta 0

  1134890x1 GraphBLAS double vector, sparse by col, ints: 32/32/32
  delta_vec, 14 entries, memory: 416 bytes

    (544,0)    1
    (570,0)    1
    (587,0)    1
    (599,0)    1
    (627,0)    1
    (29734,0)    -1
    (31494,0)    -1
    (33458,0)    -1
    (33540,0)    -1
    (33839,0)    -1
    (642636,0)    1
    (711615,0)    1
    (872966,0)    -1
    (1001873,0)    -1

iter 808, delta 0

  1134890x1 GraphBLAS double vector, sparse by col, ints: 32/32/32
  delta_vec, 14 entries, memory: 416 bytes

    (544,0)    -1
    (570,0)    -1
    (587,0)    -1
    (599,0)    -1
    (627,0)    -1
    (29734,0)    1
    (31494,0)    1
    (33458,0)    1
    (33540,0)    1
    (33838,0)    1
    (642636,0)    -1
    (711615,0)    -1
    (872966,0)    1
    (1001873,0)    1

iter 809, delta 0

  1134890x1 GraphBLAS double vector, sparse by col, ints: 32/32/32
  delta_vec, 14 entries, memory: 416 bytes

    (544,0)    1
    (570,0)    1
    (587,0)    1
    (599,0)    1
    (627,0)    1
    (29734,0)    -1
    (31494,0)    -1
    (33458,0)    -1
    (33540,0)    -1
    (33838,0)    -1
    (642636,0)    1
    (711614,0)    1
    (872966,0)    -1
    (1001873,0)    -1

iter 810, delta 0

  1134890x1 GraphBLAS double vector, sparse by col, ints: 32/32/32
  delta_vec, 14 entries, memory: 416 bytes

    (544,0)    -1
    (570,0)    -1
    (587,0)    -1
    (599,0)    -1
    (627,0)    -1
    (29734,0)    1
    (31494,0)    1
    (33458,0)    1
    (33540,0)    1
    (642636,0)    -1
    (649478,0)    1
    (711614,0)    -1
    (872966,0)    1
    (1001873,0)    1

iter 811, delta 0

  1134890x1 GraphBLAS double vector, sparse by col, ints: 32/32/32
  delta_vec, 14 entries, memory: 416 bytes

    (544,0)    1
    (570,0)    1
    (582,0)    1
    (587,0)    1
    (599,0)    1
    (627,0)    1
    (29734,0)    -1
    (31494,0)    -1
    (33458,0)    -1
    (33540,0)    -1
    (642636,0)    1
    (649478,0)    -1
    (872966,0)    -1
    (1001873,0)    -1

iter 812, delta 0

  1134890x1 GraphBLAS double vector, sparse by col, ints: 32/32/32
  delta_vec, 14 entries, memory: 416 bytes

    (544,0)    -1
    (570,0)    -1
    (582,0)    -1
    (587,0)    -1
    (599,0)    -1
    (627,0)    -1
    (29734,0)    1
    (31494,0)    1
    (33458,0)    1
    (33540,0)    1
    (33839,0)    1
    (642636,0)    -1
    (872966,0)    1
    (1001873,0)    1

iter 813, delta 0

  1134890x1 GraphBLAS double vector, sparse by col, ints: 32/32/32
  delta_vec, 14 entries, memory: 416 bytes

    (544,0)    1
    (570,0)    1
    (587,0)    1
    (599,0)    1
    (627,0)    1
    (29734,0)    -1
    (31494,0)    -1
    (33458,0)    -1
    (33540,0)    -1
    (33839,0)    -1
    (642636,0)    1
    (711615,0)    1
    (872966,0)    -1
    (1001873,0)    -1

iter 814, delta 0

  1134890x1 GraphBLAS double vector, sparse by col, ints: 32/32/32
  delta_vec, 14 entries, memory: 416 bytes

    (544,0)    -1
    (570,0)    -1
    (587,0)    -1
    (599,0)    -1
    (627,0)    -1
    (29734,0)    1
    (31494,0)    1
    (33458,0)    1
    (33540,0)    1
    (33838,0)    1
    (642636,0)    -1
    (711615,0)    -1
    (872966,0)    1
    (1001873,0)    1

iter 815, delta 0

  1134890x1 GraphBLAS double vector, sparse by col, ints: 32/32/32
  delta_vec, 14 entries, memory: 416 bytes

    (544,0)    1
    (570,0)    1
    (587,0)    1
    (599,0)    1
    (627,0)    1
    (29734,0)    -1
    (31494,0)    -1
    (33458,0)    -1
    (33540,0)    -1
    (33838,0)    -1
    (642636,0)    1
    (711614,0)    1
    (872966,0)    -1
    (1001873,0)    -1

iter 816, delta 0

  1134890x1 GraphBLAS double vector, sparse by col, ints: 32/32/32
  delta_vec, 14 entries, memory: 416 bytes

    (544,0)    -1
    (570,0)    -1
    (587,0)    -1
    (599,0)    -1
    (627,0)    -1
    (29734,0)    1
    (31494,0)    1
    (33458,0)    1
    (33540,0)    1
    (642636,0)    -1
    (649478,0)    1
    (711614,0)    -1
    (872966,0)    1
    (1001873,0)    1

iter 817, delta 0

  1134890x1 GraphBLAS double vector, sparse by col, ints: 32/32/32
  delta_vec, 14 entries, memory: 416 bytes

    (544,0)    1
    (570,0)    1
    (582,0)    1
    (587,0)    1
    (599,0)    1
    (627,0)    1
    (29734,0)    -1
    (31494,0)    -1
    (33458,0)    -1
    (33540,0)    -1
    (642636,0)    1
    (649478,0)    -1
    (872966,0)    -1
    (1001873,0)    -1

iter 818, delta 0

  1134890x1 GraphBLAS double vector, sparse by col, ints: 32/32/32
  delta_vec, 14 entries, memory: 416 bytes

    (544,0)    -1
    (570,0)    -1
    (582,0)    -1
    (587,0)    -1
    (599,0)    -1
    (627,0)    -1
    (29734,0)    1
    (31494,0)    1
    (33458,0)    1
    (33540,0)    1
    (33839,0)    1
    (642636,0)    -1
    (872966,0)    1
    (1001873,0)    1

iter 819, delta 0

  1134890x1 GraphBLAS double vector, sparse by col, ints: 32/32/32
  delta_vec, 14 entries, memory: 416 bytes

    (544,0)    1
    (570,0)    1
    (587,0)    1
    (599,0)    1
    (627,0)    1
    (29734,0)    -1
    (31494,0)    -1
    (33458,0)    -1
    (33540,0)    -1
    (33839,0)    -1
    (642636,0)    1
    (711615,0)    1
    (872966,0)    -1
    (1001873,0)    -1

iter 820, delta 0

  1134890x1 GraphBLAS double vector, sparse by col, ints: 32/32/32
  delta_vec, 14 entries, memory: 416 bytes

    (544,0)    -1
    (570,0)    -1
    (587,0)    -1
    (599,0)    -1
    (627,0)    -1
    (29734,0)    1
    (31494,0)    1
    (33458,0)    1
    (33540,0)    1
    (33838,0)    1
    (642636,0)    -1
    (711615,0)    -1
    (872966,0)    1
    (1001873,0)    1

iter 821, delta 0

  1134890x1 GraphBLAS double vector, sparse by col, ints: 32/32/32
  delta_vec, 14 entries, memory: 416 bytes

    (544,0)    1
    (570,0)    1
    (587,0)    1
    (599,0)    1
    (627,0)    1
    (29734,0)    -1
    (31494,0)    -1
    (33458,0)    -1
    (33540,0)    -1
    (33838,0)    -1
    (642636,0)    1
    (711614,0)    1
    (872966,0)    -1
    (1001873,0)    -1

iter 822, delta 0

  1134890x1 GraphBLAS double vector, sparse by col, ints: 32/32/32
  delta_vec, 14 entries, memory: 416 bytes

    (544,0)    -1
    (570,0)    -1
    (587,0)    -1
    (599,0)    -1
    (627,0)    -1
    (29734,0)    1
    (31494,0)    1
    (33458,0)    1
    (33540,0)    1
    (642636,0)    -1
    (649478,0)    1
    (711614,0)    -1
    (872966,0)    1
    (1001873,0)    1

iter 823, delta 0

  1134890x1 GraphBLAS double vector, sparse by col, ints: 32/32/32
  delta_vec, 14 entries, memory: 416 bytes

    (544,0)    1
    (570,0)    1
    (582,0)    1
    (587,0)    1
    (599,0)    1
    (627,0)    1
    (29734,0)    -1
    (31494,0)    -1
    (33458,0)    -1
    (33540,0)    -1
    (642636,0)    1
    (649478,0)    -1
    (872966,0)    -1
    (1001873,0)    -1

iter 824, delta 0

  1134890x1 GraphBLAS double vector, sparse by col, ints: 32/32/32
  delta_vec, 14 entries, memory: 416 bytes

    (544,0)    -1
    (570,0)    -1
    (582,0)    -1
    (587,0)    -1
    (599,0)    -1
    (627,0)    -1
    (29734,0)    1
    (31494,0)    1
    (33458,0)    1
    (33540,0)    1
    (33839,0)    1
    (642636,0)    -1
    (872966,0)    1
    (1001873,0)    1

iter 825, delta 0

  1134890x1 GraphBLAS double vector, sparse by col, ints: 32/32/32
  delta_vec, 14 entries, memory: 416 bytes

    (544,0)    1
    (570,0)    1
    (587,0)    1
    (599,0)    1
    (627,0)    1
    (29734,0)    -1
    (31494,0)    -1
    (33458,0)    -1
    (33540,0)    -1
    (33839,0)    -1
    (642636,0)    1
    (711615,0)    1
    (872966,0)    -1
    (1001873,0)    -1

iter 826, delta 0

  1134890x1 GraphBLAS double vector, sparse by col, ints: 32/32/32
  delta_vec, 14 entries, memory: 416 bytes

    (544,0)    -1
    (570,0)    -1
    (587,0)    -1
    (599,0)    -1
    (627,0)    -1
    (29734,0)    1
    (31494,0)    1
    (33458,0)    1
    (33540,0)    1
    (33838,0)    1
    (642636,0)    -1
    (711615,0)    -1
    (872966,0)    1
    (1001873,0)    1

iter 827, delta 0

  1134890x1 GraphBLAS double vector, sparse by col, ints: 32/32/32
  delta_vec, 14 entries, memory: 416 bytes

    (544,0)    1
    (570,0)    1
    (587,0)    1
    (599,0)    1
    (627,0)    1
    (29734,0)    -1
    (31494,0)    -1
    (33458,0)    -1
    (33540,0)    -1
    (33838,0)    -1
    (642636,0)    1
    (711614,0)    1
    (872966,0)    -1
    (1001873,0)    -1

iter 828, delta 0

  1134890x1 GraphBLAS double vector, sparse by col, ints: 32/32/32
  delta_vec, 14 entries, memory: 416 bytes

    (544,0)    -1
    (570,0)    -1
    (587,0)    -1
    (599,0)    -1
    (627,0)    -1
    (29734,0)    1
    (31494,0)    1
    (33458,0)    1
    (33540,0)    1
    (642636,0)    -1
    (649478,0)    1
    (711614,0)    -1
    (872966,0)    1
    (1001873,0)    1

iter 829, delta 0

  1134890x1 GraphBLAS double vector, sparse by col, ints: 32/32/32
  delta_vec, 14 entries, memory: 416 bytes

    (544,0)    1
    (570,0)    1
    (582,0)    1
    (587,0)    1
    (599,0)    1
    (627,0)    1
    (29734,0)    -1
    (31494,0)    -1
    (33458,0)    -1
    (33540,0)    -1
    (642636,0)    1
    (649478,0)    -1
    (872966,0)    -1
    (1001873,0)    -1

iter 830, delta 0

  1134890x1 GraphBLAS double vector, sparse by col, ints: 32/32/32
  delta_vec, 14 entries, memory: 416 bytes

    (544,0)    -1
    (570,0)    -1
    (582,0)    -1
    (587,0)    -1
    (599,0)    -1
    (627,0)    -1
    (29734,0)    1
    (31494,0)    1
    (33458,0)    1
    (33540,0)    1
    (33839,0)    1
    (642636,0)    -1
    (872966,0)    1
    (1001873,0)    1

iter 831, delta 0

  1134890x1 GraphBLAS double vector, sparse by col, ints: 32/32/32
  delta_vec, 14 entries, memory: 416 bytes

    (544,0)    1
    (570,0)    1
    (587,0)    1
    (599,0)    1
    (627,0)    1
    (29734,0)    -1
    (31494,0)    -1
    (33458,0)    -1
    (33540,0)    -1
    (33839,0)    -1
    (642636,0)    1
    (711615,0)    1
    (872966,0)    -1
    (1001873,0)    -1

iter 832, delta 0

  1134890x1 GraphBLAS double vector, sparse by col, ints: 32/32/32
  delta_vec, 14 entries, memory: 416 bytes

    (544,0)    -1
    (570,0)    -1
    (587,0)    -1
    (599,0)    -1
    (627,0)    -1
    (29734,0)    1
    (31494,0)    1
    (33458,0)    1
    (33540,0)    1
    (33838,0)    1
    (642636,0)    -1
    (711615,0)    -1
    (872966,0)    1
    (1001873,0)    1

iter 833, delta 0

  1134890x1 GraphBLAS double vector, sparse by col, ints: 32/32/32
  delta_vec, 14 entries, memory: 416 bytes

    (544,0)    1
    (570,0)    1
    (587,0)    1
    (599,0)    1
    (627,0)    1
    (29734,0)    -1
    (31494,0)    -1
    (33458,0)    -1
    (33540,0)    -1
    (33838,0)    -1
    (642636,0)    1
    (711614,0)    1
    (872966,0)    -1
    (1001873,0)    -1

iter 834, delta 0

  1134890x1 GraphBLAS double vector, sparse by col, ints: 32/32/32
  delta_vec, 14 entries, memory: 416 bytes

    (544,0)    -1
    (570,0)    -1
    (587,0)    -1
    (599,0)    -1
    (627,0)    -1
    (29734,0)    1
    (31494,0)    1
    (33458,0)    1
    (33540,0)    1
    (642636,0)    -1
    (649478,0)    1
    (711614,0)    -1
    (872966,0)    1
    (1001873,0)    1

iter 835, delta 0

  1134890x1 GraphBLAS double vector, sparse by col, ints: 32/32/32
  delta_vec, 14 entries, memory: 416 bytes

    (544,0)    1
    (570,0)    1
    (582,0)    1
    (587,0)    1
    (599,0)    1
    (627,0)    1
    (29734,0)    -1
    (31494,0)    -1
    (33458,0)    -1
    (33540,0)    -1
    (642636,0)    1
    (649478,0)    -1
    (872966,0)    -1
    (1001873,0)    -1

iter 836, delta 0

  1134890x1 GraphBLAS double vector, sparse by col, ints: 32/32/32
  delta_vec, 14 entries, memory: 416 bytes

    (544,0)    -1
    (570,0)    -1
    (582,0)    -1
    (587,0)    -1
    (599,0)    -1
    (627,0)    -1
    (29734,0)    1
    (31494,0)    1
    (33458,0)    1
    (33540,0)    1
    (33839,0)    1
    (642636,0)    -1
    (872966,0)    1
    (1001873,0)    1

iter 837, delta 0

  1134890x1 GraphBLAS double vector, sparse by col, ints: 32/32/32
  delta_vec, 14 entries, memory: 416 bytes

    (544,0)    1
    (570,0)    1
    (587,0)    1
    (599,0)    1
    (627,0)    1
    (29734,0)    -1
    (31494,0)    -1
    (33458,0)    -1
    (33540,0)    -1
    (33839,0)    -1
    (642636,0)    1
    (711615,0)    1
    (872966,0)    -1
    (1001873,0)    -1

iter 838, delta 0

  1134890x1 GraphBLAS double vector, sparse by col, ints: 32/32/32
  delta_vec, 14 entries, memory: 416 bytes

    (544,0)    -1
    (570,0)    -1
    (587,0)    -1
    (599,0)    -1
    (627,0)    -1
    (29734,0)    1
    (31494,0)    1
    (33458,0)    1
    (33540,0)    1
    (33838,0)    1
    (642636,0)    -1
    (711615,0)    -1
    (872966,0)    1
    (1001873,0)    1

iter 839, delta 0

  1134890x1 GraphBLAS double vector, sparse by col, ints: 32/32/32
  delta_vec, 14 entries, memory: 416 bytes

    (544,0)    1
    (570,0)    1
    (587,0)    1
    (599,0)    1
    (627,0)    1
    (29734,0)    -1
    (31494,0)    -1
    (33458,0)    -1
    (33540,0)    -1
    (33838,0)    -1
    (642636,0)    1
    (711614,0)    1
    (872966,0)    -1
    (1001873,0)    -1

iter 840, delta 0

  1134890x1 GraphBLAS double vector, sparse by col, ints: 32/32/32
  delta_vec, 14 entries, memory: 416 bytes

    (544,0)    -1
    (570,0)    -1
    (587,0)    -1
    (599,0)    -1
    (627,0)    -1
    (29734,0)    1
    (31494,0)    1
    (33458,0)    1
    (33540,0)    1
    (642636,0)    -1
    (649478,0)    1
    (711614,0)    -1
    (872966,0)    1
    (1001873,0)    1

iter 841, delta 0

  1134890x1 GraphBLAS double vector, sparse by col, ints: 32/32/32
  delta_vec, 14 entries, memory: 416 bytes

    (544,0)    1
    (570,0)    1
    (582,0)    1
    (587,0)    1
    (599,0)    1
    (627,0)    1
    (29734,0)    -1
    (31494,0)    -1
    (33458,0)    -1
    (33540,0)    -1
    (642636,0)    1
    (649478,0)    -1
    (872966,0)    -1
    (1001873,0)    -1

iter 842, delta 0

  1134890x1 GraphBLAS double vector, sparse by col, ints: 32/32/32
  delta_vec, 14 entries, memory: 416 bytes

    (544,0)    -1
    (570,0)    -1
    (582,0)    -1
    (587,0)    -1
    (599,0)    -1
    (627,0)    -1
    (29734,0)    1
    (31494,0)    1
    (33458,0)    1
    (33540,0)    1
    (33839,0)    1
    (642636,0)    -1
    (872966,0)    1
    (1001873,0)    1

iter 843, delta 0

  1134890x1 GraphBLAS double vector, sparse by col, ints: 32/32/32
  delta_vec, 14 entries, memory: 416 bytes

    (544,0)    1
    (570,0)    1
    (587,0)    1
    (599,0)    1
    (627,0)    1
    (29734,0)    -1
    (31494,0)    -1
    (33458,0)    -1
    (33540,0)    -1
    (33839,0)    -1
    (642636,0)    1
    (711615,0)    1
    (872966,0)    -1
    (1001873,0)    -1

iter 844, delta 0

  1134890x1 GraphBLAS double vector, sparse by col, ints: 32/32/32
  delta_vec, 14 entries, memory: 416 bytes

    (544,0)    -1
    (570,0)    -1
    (587,0)    -1
    (599,0)    -1
    (627,0)    -1
    (29734,0)    1
    (31494,0)    1
    (33458,0)    1
    (33540,0)    1
    (33838,0)    1
    (642636,0)    -1
    (711615,0)    -1
    (872966,0)    1
    (1001873,0)    1

iter 845, delta 0

  1134890x1 GraphBLAS double vector, sparse by col, ints: 32/32/32
  delta_vec, 14 entries, memory: 416 bytes

    (544,0)    1
    (570,0)    1
    (587,0)    1
    (599,0)    1
    (627,0)    1
    (29734,0)    -1
    (31494,0)    -1
    (33458,0)    -1
    (33540,0)    -1
    (33838,0)    -1
    (642636,0)    1
    (711614,0)    1
    (872966,0)    -1
    (1001873,0)    -1

iter 846, delta 0

  1134890x1 GraphBLAS double vector, sparse by col, ints: 32/32/32
  delta_vec, 14 entries, memory: 416 bytes

    (544,0)    -1
    (570,0)    -1
    (587,0)    -1
    (599,0)    -1
    (627,0)    -1
    (29734,0)    1
    (31494,0)    1
    (33458,0)    1
    (33540,0)    1
    (642636,0)    -1
    (649478,0)    1
    (711614,0)    -1
    (872966,0)    1
    (1001873,0)    1

iter 847, delta 0

  1134890x1 GraphBLAS double vector, sparse by col, ints: 32/32/32
  delta_vec, 14 entries, memory: 416 bytes

    (544,0)    1
    (570,0)    1
    (582,0)    1
    (587,0)    1
    (599,0)    1
    (627,0)    1
    (29734,0)    -1
    (31494,0)    -1
    (33458,0)    -1
    (33540,0)    -1
    (642636,0)    1
    (649478,0)    -1
    (872966,0)    -1
    (1001873,0)    -1

iter 848, delta 0

  1134890x1 GraphBLAS double vector, sparse by col, ints: 32/32/32
  delta_vec, 14 entries, memory: 416 bytes

    (544,0)    -1
    (570,0)    -1
    (582,0)    -1
    (587,0)    -1
    (599,0)    -1
    (627,0)    -1
    (29734,0)    1
    (31494,0)    1
    (33458,0)    1
    (33540,0)    1
    (33839,0)    1
    (642636,0)    -1
    (872966,0)    1
    (1001873,0)    1

iter 849, delta 0

  1134890x1 GraphBLAS double vector, sparse by col, ints: 32/32/32
  delta_vec, 14 entries, memory: 416 bytes

    (544,0)    1
    (570,0)    1
    (587,0)    1
    (599,0)    1
    (627,0)    1
    (29734,0)    -1
    (31494,0)    -1
    (33458,0)    -1
    (33540,0)    -1
    (33839,0)    -1
    (642636,0)    1
    (711615,0)    1
    (872966,0)    -1
    (1001873,0)    -1

iter 850, delta 0

  1134890x1 GraphBLAS double vector, sparse by col, ints: 32/32/32
  delta_vec, 14 entries, memory: 416 bytes

    (544,0)    -1
    (570,0)    -1
    (587,0)    -1
    (599,0)    -1
    (627,0)    -1
    (29734,0)    1
    (31494,0)    1
    (33458,0)    1
    (33540,0)    1
    (33838,0)    1
    (642636,0)    -1
    (711615,0)    -1
    (872966,0)    1
    (1001873,0)    1

iter 851, delta 0

  1134890x1 GraphBLAS double vector, sparse by col, ints: 32/32/32
  delta_vec, 14 entries, memory: 416 bytes

    (544,0)    1
    (570,0)    1
    (587,0)    1
    (599,0)    1
    (627,0)    1
    (29734,0)    -1
    (31494,0)    -1
    (33458,0)    -1
    (33540,0)    -1
    (33838,0)    -1
    (642636,0)    1
    (711614,0)    1
    (872966,0)    -1
    (1001873,0)    -1

iter 852, delta 0

  1134890x1 GraphBLAS double vector, sparse by col, ints: 32/32/32
  delta_vec, 14 entries, memory: 416 bytes

    (544,0)    -1
    (570,0)    -1
    (587,0)    -1
    (599,0)    -1
    (627,0)    -1
    (29734,0)    1
    (31494,0)    1
    (33458,0)    1
    (33540,0)    1
    (642636,0)    -1
    (649478,0)    1
    (711614,0)    -1
    (872966,0)    1
    (1001873,0)    1

iter 853, delta 0

  1134890x1 GraphBLAS double vector, sparse by col, ints: 32/32/32
  delta_vec, 14 entries, memory: 416 bytes

    (544,0)    1
    (570,0)    1
    (582,0)    1
    (587,0)    1
    (599,0)    1
    (627,0)    1
    (29734,0)    -1
    (31494,0)    -1
    (33458,0)    -1
    (33540,0)    -1
    (642636,0)    1
    (649478,0)    -1
    (872966,0)    -1
    (1001873,0)    -1

iter 854, delta 0

  1134890x1 GraphBLAS double vector, sparse by col, ints: 32/32/32
  delta_vec, 14 entries, memory: 416 bytes

    (544,0)    -1
    (570,0)    -1
    (582,0)    -1
    (587,0)    -1
    (599,0)    -1
    (627,0)    -1
    (29734,0)    1
    (31494,0)    1
    (33458,0)    1
    (33540,0)    1
    (33839,0)    1
    (642636,0)    -1
    (872966,0)    1
    (1001873,0)    1

iter 855, delta 0

  1134890x1 GraphBLAS double vector, sparse by col, ints: 32/32/32
  delta_vec, 14 entries, memory: 416 bytes

    (544,0)    1
    (570,0)    1
    (587,0)    1
    (599,0)    1
    (627,0)    1
    (29734,0)    -1
    (31494,0)    -1
    (33458,0)    -1
    (33540,0)    -1
    (33839,0)    -1
    (642636,0)    1
    (711615,0)    1
    (872966,0)    -1
    (1001873,0)    -1

iter 856, delta 0

  1134890x1 GraphBLAS double vector, sparse by col, ints: 32/32/32
  delta_vec, 14 entries, memory: 416 bytes

    (544,0)    -1
    (570,0)    -1
    (587,0)    -1
    (599,0)    -1
    (627,0)    -1
    (29734,0)    1
    (31494,0)    1
    (33458,0)    1
    (33540,0)    1
    (33838,0)    1
    (642636,0)    -1
    (711615,0)    -1
    (872966,0)    1
    (1001873,0)    1

iter 857, delta 0

  1134890x1 GraphBLAS double vector, sparse by col, ints: 32/32/32
  delta_vec, 14 entries, memory: 416 bytes

    (544,0)    1
    (570,0)    1
    (587,0)    1
    (599,0)    1
    (627,0)    1
    (29734,0)    -1
    (31494,0)    -1
    (33458,0)    -1
    (33540,0)    -1
    (33838,0)    -1
    (642636,0)    1
    (711614,0)    1
    (872966,0)    -1
    (1001873,0)    -1

iter 858, delta 0

  1134890x1 GraphBLAS double vector, sparse by col, ints: 32/32/32
  delta_vec, 14 entries, memory: 416 bytes

    (544,0)    -1
    (570,0)    -1
    (587,0)    -1
    (599,0)    -1
    (627,0)    -1
    (29734,0)    1
    (31494,0)    1
    (33458,0)    1
    (33540,0)    1
    (642636,0)    -1
    (649478,0)    1
    (711614,0)    -1
    (872966,0)    1
    (1001873,0)    1

iter 859, delta 0

  1134890x1 GraphBLAS double vector, sparse by col, ints: 32/32/32
  delta_vec, 14 entries, memory: 416 bytes

    (544,0)    1
    (570,0)    1
    (582,0)    1
    (587,0)    1
    (599,0)    1
    (627,0)    1
    (29734,0)    -1
    (31494,0)    -1
    (33458,0)    -1
    (33540,0)    -1
    (642636,0)    1
    (649478,0)    -1
    (872966,0)    -1
    (1001873,0)    -1

iter 860, delta 0

  1134890x1 GraphBLAS double vector, sparse by col, ints: 32/32/32
  delta_vec, 14 entries, memory: 416 bytes

    (544,0)    -1
    (570,0)    -1
    (582,0)    -1
    (587,0)    -1
    (599,0)    -1
    (627,0)    -1
    (29734,0)    1
    (31494,0)    1
    (33458,0)    1
    (33540,0)    1
    (33839,0)    1
    (642636,0)    -1
    (872966,0)    1
    (1001873,0)    1

iter 861, delta 0

  1134890x1 GraphBLAS double vector, sparse by col, ints: 32/32/32
  delta_vec, 14 entries, memory: 416 bytes

    (544,0)    1
    (570,0)    1
    (587,0)    1
    (599,0)    1
    (627,0)    1
    (29734,0)    -1
    (31494,0)    -1
    (33458,0)    -1
    (33540,0)    -1
    (33839,0)    -1
    (642636,0)    1
    (711615,0)    1
    (872966,0)    -1
    (1001873,0)    -1

iter 862, delta 0

  1134890x1 GraphBLAS double vector, sparse by col, ints: 32/32/32
  delta_vec, 14 entries, memory: 416 bytes

    (544,0)    -1
    (570,0)    -1
    (587,0)    -1
    (599,0)    -1
    (627,0)    -1
    (29734,0)    1
    (31494,0)    1
    (33458,0)    1
    (33540,0)    1
    (33838,0)    1
    (642636,0)    -1
    (711615,0)    -1
    (872966,0)    1
    (1001873,0)    1

iter 863, delta 0

  1134890x1 GraphBLAS double vector, sparse by col, ints: 32/32/32
  delta_vec, 14 entries, memory: 416 bytes

    (544,0)    1
    (570,0)    1
    (587,0)    1
    (599,0)    1
    (627,0)    1
    (29734,0)    -1
    (31494,0)    -1
    (33458,0)    -1
    (33540,0)    -1
    (33838,0)    -1
    (642636,0)    1
    (711614,0)    1
    (872966,0)    -1
    (1001873,0)    -1

iter 864, delta 0

  1134890x1 GraphBLAS double vector, sparse by col, ints: 32/32/32
  delta_vec, 14 entries, memory: 416 bytes

    (544,0)    -1
    (570,0)    -1
    (587,0)    -1
    (599,0)    -1
    (627,0)    -1
    (29734,0)    1
    (31494,0)    1
    (33458,0)    1
    (33540,0)    1
    (642636,0)    -1
    (649478,0)    1
    (711614,0)    -1
    (872966,0)    1
    (1001873,0)    1

iter 865, delta 0

  1134890x1 GraphBLAS double vector, sparse by col, ints: 32/32/32
  delta_vec, 14 entries, memory: 416 bytes

    (544,0)    1
    (570,0)    1
    (582,0)    1
    (587,0)    1
    (599,0)    1
    (627,0)    1
    (29734,0)    -1
    (31494,0)    -1
    (33458,0)    -1
    (33540,0)    -1
    (642636,0)    1
    (649478,0)    -1
    (872966,0)    -1
    (1001873,0)    -1

iter 866, delta 0

  1134890x1 GraphBLAS double vector, sparse by col, ints: 32/32/32
  delta_vec, 14 entries, memory: 416 bytes

    (544,0)    -1
    (570,0)    -1
    (582,0)    -1
    (587,0)    -1
    (599,0)    -1
    (627,0)    -1
    (29734,0)    1
    (31494,0)    1
    (33458,0)    1
    (33540,0)    1
    (33839,0)    1
    (642636,0)    -1
    (872966,0)    1
    (1001873,0)    1

iter 867, delta 0

  1134890x1 GraphBLAS double vector, sparse by col, ints: 32/32/32
  delta_vec, 14 entries, memory: 416 bytes

    (544,0)    1
    (570,0)    1
    (587,0)    1
    (599,0)    1
    (627,0)    1
    (29734,0)    -1
    (31494,0)    -1
    (33458,0)    -1
    (33540,0)    -1
    (33839,0)    -1
    (642636,0)    1
    (711615,0)    1
    (872966,0)    -1
    (1001873,0)    -1

iter 868, delta 0

  1134890x1 GraphBLAS double vector, sparse by col, ints: 32/32/32
  delta_vec, 14 entries, memory: 416 bytes

    (544,0)    -1
    (570,0)    -1
    (587,0)    -1
    (599,0)    -1
    (627,0)    -1
    (29734,0)    1
    (31494,0)    1
    (33458,0)    1
    (33540,0)    1
    (33838,0)    1
    (642636,0)    -1
    (711615,0)    -1
    (872966,0)    1
    (1001873,0)    1

iter 869, delta 0

  1134890x1 GraphBLAS double vector, sparse by col, ints: 32/32/32
  delta_vec, 14 entries, memory: 416 bytes

    (544,0)    1
    (570,0)    1
    (587,0)    1
    (599,0)    1
    (627,0)    1
    (29734,0)    -1
    (31494,0)    -1
    (33458,0)    -1
    (33540,0)    -1
    (33838,0)    -1
    (642636,0)    1
    (711614,0)    1
    (872966,0)    -1
    (1001873,0)    -1

iter 870, delta 0

  1134890x1 GraphBLAS double vector, sparse by col, ints: 32/32/32
  delta_vec, 14 entries, memory: 416 bytes

    (544,0)    -1
    (570,0)    -1
    (587,0)    -1
    (599,0)    -1
    (627,0)    -1
    (29734,0)    1
    (31494,0)    1
    (33458,0)    1
    (33540,0)    1
    (642636,0)    -1
    (649478,0)    1
    (711614,0)    -1
    (872966,0)    1
    (1001873,0)    1

iter 871, delta 0

  1134890x1 GraphBLAS double vector, sparse by col, ints: 32/32/32
  delta_vec, 14 entries, memory: 416 bytes

    (544,0)    1
    (570,0)    1
    (582,0)    1
    (587,0)    1
    (599,0)    1
    (627,0)    1
    (29734,0)    -1
    (31494,0)    -1
    (33458,0)    -1
    (33540,0)    -1
    (642636,0)    1
    (649478,0)    -1
    (872966,0)    -1
    (1001873,0)    -1

iter 872, delta 0

  1134890x1 GraphBLAS double vector, sparse by col, ints: 32/32/32
  delta_vec, 14 entries, memory: 416 bytes

    (544,0)    -1
    (570,0)    -1
    (582,0)    -1
    (587,0)    -1
    (599,0)    -1
    (627,0)    -1
    (29734,0)    1
    (31494,0)    1
    (33458,0)    1
    (33540,0)    1
    (33839,0)    1
    (642636,0)    -1
    (872966,0)    1
    (1001873,0)    1

iter 873, delta 0

  1134890x1 GraphBLAS double vector, sparse by col, ints: 32/32/32
  delta_vec, 14 entries, memory: 416 bytes

    (544,0)    1
    (570,0)    1
    (587,0)    1
    (599,0)    1
    (627,0)    1
    (29734,0)    -1
    (31494,0)    -1
    (33458,0)    -1
    (33540,0)    -1
    (33839,0)    -1
    (642636,0)    1
    (711615,0)    1
    (872966,0)    -1
    (1001873,0)    -1

iter 874, delta 0

  1134890x1 GraphBLAS double vector, sparse by col, ints: 32/32/32
  delta_vec, 14 entries, memory: 416 bytes

    (544,0)    -1
    (570,0)    -1
    (587,0)    -1
    (599,0)    -1
    (627,0)    -1
    (29734,0)    1
    (31494,0)    1
    (33458,0)    1
    (33540,0)    1
    (33838,0)    1
    (642636,0)    -1
    (711615,0)    -1
    (872966,0)    1
    (1001873,0)    1

iter 875, delta 0

  1134890x1 GraphBLAS double vector, sparse by col, ints: 32/32/32
  delta_vec, 14 entries, memory: 416 bytes

    (544,0)    1
    (570,0)    1
    (587,0)    1
    (599,0)    1
    (627,0)    1
    (29734,0)    -1
    (31494,0)    -1
    (33458,0)    -1
    (33540,0)    -1
    (33838,0)    -1
    (642636,0)    1
    (711614,0)    1
    (872966,0)    -1
    (1001873,0)    -1

iter 876, delta 0

  1134890x1 GraphBLAS double vector, sparse by col, ints: 32/32/32
  delta_vec, 14 entries, memory: 416 bytes

    (544,0)    -1
    (570,0)    -1
    (587,0)    -1
    (599,0)    -1
    (627,0)    -1
    (29734,0)    1
    (31494,0)    1
    (33458,0)    1
    (33540,0)    1
    (642636,0)    -1
    (649478,0)    1
    (711614,0)    -1
    (872966,0)    1
    (1001873,0)    1

iter 877, delta 0

  1134890x1 GraphBLAS double vector, sparse by col, ints: 32/32/32
  delta_vec, 14 entries, memory: 416 bytes

    (544,0)    1
    (570,0)    1
    (582,0)    1
    (587,0)    1
    (599,0)    1
    (627,0)    1
    (29734,0)    -1
    (31494,0)    -1
    (33458,0)    -1
    (33540,0)    -1
    (642636,0)    1
    (649478,0)    -1
    (872966,0)    -1
    (1001873,0)    -1

iter 878, delta 0

  1134890x1 GraphBLAS double vector, sparse by col, ints: 32/32/32
  delta_vec, 14 entries, memory: 416 bytes

    (544,0)    -1
    (570,0)    -1
    (582,0)    -1
    (587,0)    -1
    (599,0)    -1
    (627,0)    -1
    (29734,0)    1
    (31494,0)    1
    (33458,0)    1
    (33540,0)    1
    (33839,0)    1
    (642636,0)    -1
    (872966,0)    1
    (1001873,0)    1

iter 879, delta 0

  1134890x1 GraphBLAS double vector, sparse by col, ints: 32/32/32
  delta_vec, 14 entries, memory: 416 bytes

    (544,0)    1
    (570,0)    1
    (587,0)    1
    (599,0)    1
    (627,0)    1
    (29734,0)    -1
    (31494,0)    -1
    (33458,0)    -1
    (33540,0)    -1
    (33839,0)    -1
    (642636,0)    1
    (711615,0)    1
    (872966,0)    -1
    (1001873,0)    -1

iter 880, delta 0

  1134890x1 GraphBLAS double vector, sparse by col, ints: 32/32/32
  delta_vec, 14 entries, memory: 416 bytes

    (544,0)    -1
    (570,0)    -1
    (587,0)    -1
    (599,0)    -1
    (627,0)    -1
    (29734,0)    1
    (31494,0)    1
    (33458,0)    1
    (33540,0)    1
    (33838,0)    1
    (642636,0)    -1
    (711615,0)    -1
    (872966,0)    1
    (1001873,0)    1

iter 881, delta 0

  1134890x1 GraphBLAS double vector, sparse by col, ints: 32/32/32
  delta_vec, 14 entries, memory: 416 bytes

    (544,0)    1
    (570,0)    1
    (587,0)    1
    (599,0)    1
    (627,0)    1
    (29734,0)    -1
    (31494,0)    -1
    (33458,0)    -1
    (33540,0)    -1
    (33838,0)    -1
    (642636,0)    1
    (711614,0)    1
    (872966,0)    -1
    (1001873,0)    -1

iter 882, delta 0

  1134890x1 GraphBLAS double vector, sparse by col, ints: 32/32/32
  delta_vec, 14 entries, memory: 416 bytes

    (544,0)    -1
    (570,0)    -1
    (587,0)    -1
    (599,0)    -1
    (627,0)    -1
    (29734,0)    1
    (31494,0)    1
    (33458,0)    1
    (33540,0)    1
    (642636,0)    -1
    (649478,0)    1
    (711614,0)    -1
    (872966,0)    1
    (1001873,0)    1

iter 883, delta 0

  1134890x1 GraphBLAS double vector, sparse by col, ints: 32/32/32
  delta_vec, 14 entries, memory: 416 bytes

    (544,0)    1
    (570,0)    1
    (582,0)    1
    (587,0)    1
    (599,0)    1
    (627,0)    1
    (29734,0)    -1
    (31494,0)    -1
    (33458,0)    -1
    (33540,0)    -1
    (642636,0)    1
    (649478,0)    -1
    (872966,0)    -1
    (1001873,0)    -1

iter 884, delta 0

  1134890x1 GraphBLAS double vector, sparse by col, ints: 32/32/32
  delta_vec, 14 entries, memory: 416 bytes

    (544,0)    -1
    (570,0)    -1
    (582,0)    -1
    (587,0)    -1
    (599,0)    -1
    (627,0)    -1
    (29734,0)    1
    (31494,0)    1
    (33458,0)    1
    (33540,0)    1
    (33839,0)    1
    (642636,0)    -1
    (872966,0)    1
    (1001873,0)    1

iter 885, delta 0

  1134890x1 GraphBLAS double vector, sparse by col, ints: 32/32/32
  delta_vec, 14 entries, memory: 416 bytes

    (544,0)    1
    (570,0)    1
    (587,0)    1
    (599,0)    1
    (627,0)    1
    (29734,0)    -1
    (31494,0)    -1
    (33458,0)    -1
    (33540,0)    -1
    (33839,0)    -1
    (642636,0)    1
    (711615,0)    1
    (872966,0)    -1
    (1001873,0)    -1

iter 886, delta 0

  1134890x1 GraphBLAS double vector, sparse by col, ints: 32/32/32
  delta_vec, 14 entries, memory: 416 bytes

    (544,0)    -1
    (570,0)    -1
    (587,0)    -1
    (599,0)    -1
    (627,0)    -1
    (29734,0)    1
    (31494,0)    1
    (33458,0)    1
    (33540,0)    1
    (33838,0)    1
    (642636,0)    -1
    (711615,0)    -1
    (872966,0)    1
    (1001873,0)    1

iter 887, delta 0

  1134890x1 GraphBLAS double vector, sparse by col, ints: 32/32/32
  delta_vec, 14 entries, memory: 416 bytes

    (544,0)    1
    (570,0)    1
    (587,0)    1
    (599,0)    1
    (627,0)    1
    (29734,0)    -1
    (31494,0)    -1
    (33458,0)    -1
    (33540,0)    -1
    (33838,0)    -1
    (642636,0)    1
    (711614,0)    1
    (872966,0)    -1
    (1001873,0)    -1

iter 888, delta 0

  1134890x1 GraphBLAS double vector, sparse by col, ints: 32/32/32
  delta_vec, 14 entries, memory: 416 bytes

    (544,0)    -1
    (570,0)    -1
    (587,0)    -1
    (599,0)    -1
    (627,0)    -1
    (29734,0)    1
    (31494,0)    1
    (33458,0)    1
    (33540,0)    1
    (642636,0)    -1
    (649478,0)    1
    (711614,0)    -1
    (872966,0)    1
    (1001873,0)    1

iter 889, delta 0

  1134890x1 GraphBLAS double vector, sparse by col, ints: 32/32/32
  delta_vec, 14 entries, memory: 416 bytes

    (544,0)    1
    (570,0)    1
    (582,0)    1
    (587,0)    1
    (599,0)    1
    (627,0)    1
    (29734,0)    -1
    (31494,0)    -1
    (33458,0)    -1
    (33540,0)    -1
    (642636,0)    1
    (649478,0)    -1
    (872966,0)    -1
    (1001873,0)    -1

iter 890, delta 0

  1134890x1 GraphBLAS double vector, sparse by col, ints: 32/32/32
  delta_vec, 14 entries, memory: 416 bytes

    (544,0)    -1
    (570,0)    -1
    (582,0)    -1
    (587,0)    -1
    (599,0)    -1
    (627,0)    -1
    (29734,0)    1
    (31494,0)    1
    (33458,0)    1
    (33540,0)    1
    (33839,0)    1
    (642636,0)    -1
    (872966,0)    1
    (1001873,0)    1

iter 891, delta 0

  1134890x1 GraphBLAS double vector, sparse by col, ints: 32/32/32
  delta_vec, 14 entries, memory: 416 bytes

    (544,0)    1
    (570,0)    1
    (587,0)    1
    (599,0)    1
    (627,0)    1
    (29734,0)    -1
    (31494,0)    -1
    (33458,0)    -1
    (33540,0)    -1
    (33839,0)    -1
    (642636,0)    1
    (711615,0)    1
    (872966,0)    -1
    (1001873,0)    -1

iter 892, delta 0

  1134890x1 GraphBLAS double vector, sparse by col, ints: 32/32/32
  delta_vec, 14 entries, memory: 416 bytes

    (544,0)    -1
    (570,0)    -1
    (587,0)    -1
    (599,0)    -1
    (627,0)    -1
    (29734,0)    1
    (31494,0)    1
    (33458,0)    1
    (33540,0)    1
    (33838,0)    1
    (642636,0)    -1
    (711615,0)    -1
    (872966,0)    1
    (1001873,0)    1

iter 893, delta 0

  1134890x1 GraphBLAS double vector, sparse by col, ints: 32/32/32
  delta_vec, 14 entries, memory: 416 bytes

    (544,0)    1
    (570,0)    1
    (587,0)    1
    (599,0)    1
    (627,0)    1
    (29734,0)    -1
    (31494,0)    -1
    (33458,0)    -1
    (33540,0)    -1
    (33838,0)    -1
    (642636,0)    1
    (711614,0)    1
    (872966,0)    -1
    (1001873,0)    -1

iter 894, delta 0

  1134890x1 GraphBLAS double vector, sparse by col, ints: 32/32/32
  delta_vec, 14 entries, memory: 416 bytes

    (544,0)    -1
    (570,0)    -1
    (587,0)    -1
    (599,0)    -1
    (627,0)    -1
    (29734,0)    1
    (31494,0)    1
    (33458,0)    1
    (33540,0)    1
    (642636,0)    -1
    (649478,0)    1
    (711614,0)    -1
    (872966,0)    1
    (1001873,0)    1

iter 895, delta 0

  1134890x1 GraphBLAS double vector, sparse by col, ints: 32/32/32
  delta_vec, 14 entries, memory: 416 bytes

    (544,0)    1
    (570,0)    1
    (582,0)    1
    (587,0)    1
    (599,0)    1
    (627,0)    1
    (29734,0)    -1
    (31494,0)    -1
    (33458,0)    -1
    (33540,0)    -1
    (642636,0)    1
    (649478,0)    -1
    (872966,0)    -1
    (1001873,0)    -1

iter 896, delta 0

  1134890x1 GraphBLAS double vector, sparse by col, ints: 32/32/32
  delta_vec, 14 entries, memory: 416 bytes

    (544,0)    -1
    (570,0)    -1
    (582,0)    -1
    (587,0)    -1
    (599,0)    -1
    (627,0)    -1
    (29734,0)    1
    (31494,0)    1
    (33458,0)    1
    (33540,0)    1
    (33839,0)    1
    (642636,0)    -1
    (872966,0)    1
    (1001873,0)    1

iter 897, delta 0

  1134890x1 GraphBLAS double vector, sparse by col, ints: 32/32/32
  delta_vec, 14 entries, memory: 416 bytes

    (544,0)    1
    (570,0)    1
    (587,0)    1
    (599,0)    1
    (627,0)    1
    (29734,0)    -1
    (31494,0)    -1
    (33458,0)    -1
    (33540,0)    -1
    (33839,0)    -1
    (642636,0)    1
    (711615,0)    1
    (872966,0)    -1
    (1001873,0)    -1

iter 898, delta 0

  1134890x1 GraphBLAS double vector, sparse by col, ints: 32/32/32
  delta_vec, 14 entries, memory: 416 bytes

    (544,0)    -1
    (570,0)    -1
    (587,0)    -1
    (599,0)    -1
    (627,0)    -1
    (29734,0)    1
    (31494,0)    1
    (33458,0)    1
    (33540,0)    1
    (33838,0)    1
    (642636,0)    -1
    (711615,0)    -1
    (872966,0)    1
    (1001873,0)    1

iter 899, delta 0

  1134890x1 GraphBLAS double vector, sparse by col, ints: 32/32/32
  delta_vec, 14 entries, memory: 416 bytes

    (544,0)    1
    (570,0)    1
    (587,0)    1
    (599,0)    1
    (627,0)    1
    (29734,0)    -1
    (31494,0)    -1
    (33458,0)    -1
    (33540,0)    -1
    (33838,0)    -1
    (642636,0)    1
    (711614,0)    1
    (872966,0)    -1
    (1001873,0)    -1

iter 900, delta 0

  1134890x1 GraphBLAS double vector, sparse by col, ints: 32/32/32
  delta_vec, 14 entries, memory: 416 bytes

    (544,0)    -1
    (570,0)    -1
    (587,0)    -1
    (599,0)    -1
    (627,0)    -1
    (29734,0)    1
    (31494,0)    1
    (33458,0)    1
    (33540,0)    1
    (642636,0)    -1
    (649478,0)    1
    (711614,0)    -1
    (872966,0)    1
    (1001873,0)    1

iter 901, delta 0

  1134890x1 GraphBLAS double vector, sparse by col, ints: 32/32/32
  delta_vec, 14 entries, memory: 416 bytes

    (544,0)    1
    (570,0)    1
    (582,0)    1
    (587,0)    1
    (599,0)    1
    (627,0)    1
    (29734,0)    -1
    (31494,0)    -1
    (33458,0)    -1
    (33540,0)    -1
    (642636,0)    1
    (649478,0)    -1
    (872966,0)    -1
    (1001873,0)    -1

iter 902, delta 0

  1134890x1 GraphBLAS double vector, sparse by col, ints: 32/32/32
  delta_vec, 14 entries, memory: 416 bytes

    (544,0)    -1
    (570,0)    -1
    (582,0)    -1
    (587,0)    -1
    (599,0)    -1
    (627,0)    -1
    (29734,0)    1
    (31494,0)    1
    (33458,0)    1
    (33540,0)    1
    (33839,0)    1
    (642636,0)    -1
    (872966,0)    1
    (1001873,0)    1

iter 903, delta 0

  1134890x1 GraphBLAS double vector, sparse by col, ints: 32/32/32
  delta_vec, 14 entries, memory: 416 bytes

    (544,0)    1
    (570,0)    1
    (587,0)    1
    (599,0)    1
    (627,0)    1
    (29734,0)    -1
    (31494,0)    -1
    (33458,0)    -1
    (33540,0)    -1
    (33839,0)    -1
    (642636,0)    1
    (711615,0)    1
    (872966,0)    -1
    (1001873,0)    -1

iter 904, delta 0

  1134890x1 GraphBLAS double vector, sparse by col, ints: 32/32/32
  delta_vec, 14 entries, memory: 416 bytes

    (544,0)    -1
    (570,0)    -1
    (587,0)    -1
    (599,0)    -1
    (627,0)    -1
    (29734,0)    1
    (31494,0)    1
    (33458,0)    1
    (33540,0)    1
    (33838,0)    1
    (642636,0)    -1
    (711615,0)    -1
    (872966,0)    1
    (1001873,0)    1

iter 905, delta 0

  1134890x1 GraphBLAS double vector, sparse by col, ints: 32/32/32
  delta_vec, 14 entries, memory: 416 bytes

    (544,0)    1
    (570,0)    1
    (587,0)    1
    (599,0)    1
    (627,0)    1
    (29734,0)    -1
    (31494,0)    -1
    (33458,0)    -1
    (33540,0)    -1
    (33838,0)    -1
    (642636,0)    1
    (711614,0)    1
    (872966,0)    -1
    (1001873,0)    -1

iter 906, delta 0

  1134890x1 GraphBLAS double vector, sparse by col, ints: 32/32/32
  delta_vec, 14 entries, memory: 416 bytes

    (544,0)    -1
    (570,0)    -1
    (587,0)    -1
    (599,0)    -1
    (627,0)    -1
    (29734,0)    1
    (31494,0)    1
    (33458,0)    1
    (33540,0)    1
    (642636,0)    -1
    (649478,0)    1
    (711614,0)    -1
    (872966,0)    1
    (1001873,0)    1

iter 907, delta 0

  1134890x1 GraphBLAS double vector, sparse by col, ints: 32/32/32
  delta_vec, 14 entries, memory: 416 bytes

    (544,0)    1
    (570,0)    1
    (582,0)    1
    (587,0)    1
    (599,0)    1
    (627,0)    1
    (29734,0)    -1
    (31494,0)    -1
    (33458,0)    -1
    (33540,0)    -1
    (642636,0)    1
    (649478,0)    -1
    (872966,0)    -1
    (1001873,0)    -1

iter 908, delta 0

  1134890x1 GraphBLAS double vector, sparse by col, ints: 32/32/32
  delta_vec, 14 entries, memory: 416 bytes

    (544,0)    -1
    (570,0)    -1
    (582,0)    -1
    (587,0)    -1
    (599,0)    -1
    (627,0)    -1
    (29734,0)    1
    (31494,0)    1
    (33458,0)    1
    (33540,0)    1
    (33839,0)    1
    (642636,0)    -1
    (872966,0)    1
    (1001873,0)    1

iter 909, delta 0

  1134890x1 GraphBLAS double vector, sparse by col, ints: 32/32/32
  delta_vec, 14 entries, memory: 416 bytes

    (544,0)    1
    (570,0)    1
    (587,0)    1
    (599,0)    1
    (627,0)    1
    (29734,0)    -1
    (31494,0)    -1
    (33458,0)    -1
    (33540,0)    -1
    (33839,0)    -1
    (642636,0)    1
    (711615,0)    1
    (872966,0)    -1
    (1001873,0)    -1

iter 910, delta 0

  1134890x1 GraphBLAS double vector, sparse by col, ints: 32/32/32
  delta_vec, 14 entries, memory: 416 bytes

    (544,0)    -1
    (570,0)    -1
    (587,0)    -1
    (599,0)    -1
    (627,0)    -1
    (29734,0)    1
    (31494,0)    1
    (33458,0)    1
    (33540,0)    1
    (33838,0)    1
    (642636,0)    -1
    (711615,0)    -1
    (872966,0)    1
    (1001873,0)    1

iter 911, delta 0

  1134890x1 GraphBLAS double vector, sparse by col, ints: 32/32/32
  delta_vec, 14 entries, memory: 416 bytes

    (544,0)    1
    (570,0)    1
    (587,0)    1
    (599,0)    1
    (627,0)    1
    (29734,0)    -1
    (31494,0)    -1
    (33458,0)    -1
    (33540,0)    -1
    (33838,0)    -1
    (642636,0)    1
    (711614,0)    1
    (872966,0)    -1
    (1001873,0)    -1

iter 912, delta 0

  1134890x1 GraphBLAS double vector, sparse by col, ints: 32/32/32
  delta_vec, 14 entries, memory: 416 bytes

    (544,0)    -1
    (570,0)    -1
    (587,0)    -1
    (599,0)    -1
    (627,0)    -1
    (29734,0)    1
    (31494,0)    1
    (33458,0)    1
    (33540,0)    1
    (642636,0)    -1
    (649478,0)    1
    (711614,0)    -1
    (872966,0)    1
    (1001873,0)    1

iter 913, delta 0

  1134890x1 GraphBLAS double vector, sparse by col, ints: 32/32/32
  delta_vec, 14 entries, memory: 416 bytes

    (544,0)    1
    (570,0)    1
    (582,0)    1
    (587,0)    1
    (599,0)    1
    (627,0)    1
    (29734,0)    -1
    (31494,0)    -1
    (33458,0)    -1
    (33540,0)    -1
    (642636,0)    1
    (649478,0)    -1
    (872966,0)    -1
    (1001873,0)    -1

iter 914, delta 0

  1134890x1 GraphBLAS double vector, sparse by col, ints: 32/32/32
  delta_vec, 14 entries, memory: 416 bytes

    (544,0)    -1
    (570,0)    -1
    (582,0)    -1
    (587,0)    -1
    (599,0)    -1
    (627,0)    -1
    (29734,0)    1
    (31494,0)    1
    (33458,0)    1
    (33540,0)    1
    (33839,0)    1
    (642636,0)    -1
    (872966,0)    1
    (1001873,0)    1

iter 915, delta 0

  1134890x1 GraphBLAS double vector, sparse by col, ints: 32/32/32
  delta_vec, 14 entries, memory: 416 bytes

    (544,0)    1
    (570,0)    1
    (587,0)    1
    (599,0)    1
    (627,0)    1
    (29734,0)    -1
    (31494,0)    -1
    (33458,0)    -1
    (33540,0)    -1
    (33839,0)    -1
    (642636,0)    1
    (711615,0)    1
    (872966,0)    -1
    (1001873,0)    -1

iter 916, delta 0

  1134890x1 GraphBLAS double vector, sparse by col, ints: 32/32/32
  delta_vec, 14 entries, memory: 416 bytes

    (544,0)    -1
    (570,0)    -1
    (587,0)    -1
    (599,0)    -1
    (627,0)    -1
    (29734,0)    1
    (31494,0)    1
    (33458,0)    1
    (33540,0)    1
    (33838,0)    1
    (642636,0)    -1
    (711615,0)    -1
    (872966,0)    1
    (1001873,0)    1

iter 917, delta 0

  1134890x1 GraphBLAS double vector, sparse by col, ints: 32/32/32
  delta_vec, 14 entries, memory: 416 bytes

    (544,0)    1
    (570,0)    1
    (587,0)    1
    (599,0)    1
    (627,0)    1
    (29734,0)    -1
    (31494,0)    -1
    (33458,0)    -1
    (33540,0)    -1
    (33838,0)    -1
    (642636,0)    1
    (711614,0)    1
    (872966,0)    -1
    (1001873,0)    -1

iter 918, delta 0

  1134890x1 GraphBLAS double vector, sparse by col, ints: 32/32/32
  delta_vec, 14 entries, memory: 416 bytes

    (544,0)    -1
    (570,0)    -1
    (587,0)    -1
    (599,0)    -1
    (627,0)    -1
    (29734,0)    1
    (31494,0)    1
    (33458,0)    1
    (33540,0)    1
    (642636,0)    -1
    (649478,0)    1
    (711614,0)    -1
    (872966,0)    1
    (1001873,0)    1

iter 919, delta 0

  1134890x1 GraphBLAS double vector, sparse by col, ints: 32/32/32
  delta_vec, 14 entries, memory: 416 bytes

    (544,0)    1
    (570,0)    1
    (582,0)    1
    (587,0)    1
    (599,0)    1
    (627,0)    1
    (29734,0)    -1
    (31494,0)    -1
    (33458,0)    -1
    (33540,0)    -1
    (642636,0)    1
    (649478,0)    -1
    (872966,0)    -1
    (1001873,0)    -1

iter 920, delta 0

  1134890x1 GraphBLAS double vector, sparse by col, ints: 32/32/32
  delta_vec, 14 entries, memory: 416 bytes

    (544,0)    -1
    (570,0)    -1
    (582,0)    -1
    (587,0)    -1
    (599,0)    -1
    (627,0)    -1
    (29734,0)    1
    (31494,0)    1
    (33458,0)    1
    (33540,0)    1
    (33839,0)    1
    (642636,0)    -1
    (872966,0)    1
    (1001873,0)    1

iter 921, delta 0

  1134890x1 GraphBLAS double vector, sparse by col, ints: 32/32/32
  delta_vec, 14 entries, memory: 416 bytes

    (544,0)    1
    (570,0)    1
    (587,0)    1
    (599,0)    1
    (627,0)    1
    (29734,0)    -1
    (31494,0)    -1
    (33458,0)    -1
    (33540,0)    -1
    (33839,0)    -1
    (642636,0)    1
    (711615,0)    1
    (872966,0)    -1
    (1001873,0)    -1

iter 922, delta 0

  1134890x1 GraphBLAS double vector, sparse by col, ints: 32/32/32
  delta_vec, 14 entries, memory: 416 bytes

    (544,0)    -1
    (570,0)    -1
    (587,0)    -1
    (599,0)    -1
    (627,0)    -1
    (29734,0)    1
    (31494,0)    1
    (33458,0)    1
    (33540,0)    1
    (33838,0)    1
    (642636,0)    -1
    (711615,0)    -1
    (872966,0)    1
    (1001873,0)    1

iter 923, delta 0

  1134890x1 GraphBLAS double vector, sparse by col, ints: 32/32/32
  delta_vec, 14 entries, memory: 416 bytes

    (544,0)    1
    (570,0)    1
    (587,0)    1
    (599,0)    1
    (627,0)    1
    (29734,0)    -1
    (31494,0)    -1
    (33458,0)    -1
    (33540,0)    -1
    (33838,0)    -1
    (642636,0)    1
    (711614,0)    1
    (872966,0)    -1
    (1001873,0)    -1

iter 924, delta 0

  1134890x1 GraphBLAS double vector, sparse by col, ints: 32/32/32
  delta_vec, 14 entries, memory: 416 bytes

    (544,0)    -1
    (570,0)    -1
    (587,0)    -1
    (599,0)    -1
    (627,0)    -1
    (29734,0)    1
    (31494,0)    1
    (33458,0)    1
    (33540,0)    1
    (642636,0)    -1
    (649478,0)    1
    (711614,0)    -1
    (872966,0)    1
    (1001873,0)    1

iter 925, delta 0

  1134890x1 GraphBLAS double vector, sparse by col, ints: 32/32/32
  delta_vec, 14 entries, memory: 416 bytes

    (544,0)    1
    (570,0)    1
    (582,0)    1
    (587,0)    1
    (599,0)    1
    (627,0)    1
    (29734,0)    -1
    (31494,0)    -1
    (33458,0)    -1
    (33540,0)    -1
    (642636,0)    1
    (649478,0)    -1
    (872966,0)    -1
    (1001873,0)    -1

iter 926, delta 0

  1134890x1 GraphBLAS double vector, sparse by col, ints: 32/32/32
  delta_vec, 14 entries, memory: 416 bytes

    (544,0)    -1
    (570,0)    -1
    (582,0)    -1
    (587,0)    -1
    (599,0)    -1
    (627,0)    -1
    (29734,0)    1
    (31494,0)    1
    (33458,0)    1
    (33540,0)    1
    (33839,0)    1
    (642636,0)    -1
    (872966,0)    1
    (1001873,0)    1

iter 927, delta 0

  1134890x1 GraphBLAS double vector, sparse by col, ints: 32/32/32
  delta_vec, 14 entries, memory: 416 bytes

    (544,0)    1
    (570,0)    1
    (587,0)    1
    (599,0)    1
    (627,0)    1
    (29734,0)    -1
    (31494,0)    -1
    (33458,0)    -1
    (33540,0)    -1
    (33839,0)    -1
    (642636,0)    1
    (711615,0)    1
    (872966,0)    -1
    (1001873,0)    -1

iter 928, delta 0

  1134890x1 GraphBLAS double vector, sparse by col, ints: 32/32/32
  delta_vec, 14 entries, memory: 416 bytes

    (544,0)    -1
    (570,0)    -1
    (587,0)    -1
    (599,0)    -1
    (627,0)    -1
    (29734,0)    1
    (31494,0)    1
    (33458,0)    1
    (33540,0)    1
    (33838,0)    1
    (642636,0)    -1
    (711615,0)    -1
    (872966,0)    1
    (1001873,0)    1

iter 929, delta 0

  1134890x1 GraphBLAS double vector, sparse by col, ints: 32/32/32
  delta_vec, 14 entries, memory: 416 bytes

    (544,0)    1
    (570,0)    1
    (587,0)    1
    (599,0)    1
    (627,0)    1
    (29734,0)    -1
    (31494,0)    -1
    (33458,0)    -1
    (33540,0)    -1
    (33838,0)    -1
    (642636,0)    1
    (711614,0)    1
    (872966,0)    -1
    (1001873,0)    -1

iter 930, delta 0

  1134890x1 GraphBLAS double vector, sparse by col, ints: 32/32/32
  delta_vec, 14 entries, memory: 416 bytes

    (544,0)    -1
    (570,0)    -1
    (587,0)    -1
    (599,0)    -1
    (627,0)    -1
    (29734,0)    1
    (31494,0)    1
    (33458,0)    1
    (33540,0)    1
    (642636,0)    -1
    (649478,0)    1
    (711614,0)    -1
    (872966,0)    1
    (1001873,0)    1

iter 931, delta 0

  1134890x1 GraphBLAS double vector, sparse by col, ints: 32/32/32
  delta_vec, 14 entries, memory: 416 bytes

    (544,0)    1
    (570,0)    1
    (582,0)    1
    (587,0)    1
    (599,0)    1
    (627,0)    1
    (29734,0)    -1
    (31494,0)    -1
    (33458,0)    -1
    (33540,0)    -1
    (642636,0)    1
    (649478,0)    -1
    (872966,0)    -1
    (1001873,0)    -1

iter 932, delta 0

  1134890x1 GraphBLAS double vector, sparse by col, ints: 32/32/32
  delta_vec, 14 entries, memory: 416 bytes

    (544,0)    -1
    (570,0)    -1
    (582,0)    -1
    (587,0)    -1
    (599,0)    -1
    (627,0)    -1
    (29734,0)    1
    (31494,0)    1
    (33458,0)    1
    (33540,0)    1
    (33839,0)    1
    (642636,0)    -1
    (872966,0)    1
    (1001873,0)    1

iter 933, delta 0

  1134890x1 GraphBLAS double vector, sparse by col, ints: 32/32/32
  delta_vec, 14 entries, memory: 416 bytes

    (544,0)    1
    (570,0)    1
    (587,0)    1
    (599,0)    1
    (627,0)    1
    (29734,0)    -1
    (31494,0)    -1
    (33458,0)    -1
    (33540,0)    -1
    (33839,0)    -1
    (642636,0)    1
    (711615,0)    1
    (872966,0)    -1
    (1001873,0)    -1

iter 934, delta 0

  1134890x1 GraphBLAS double vector, sparse by col, ints: 32/32/32
  delta_vec, 14 entries, memory: 416 bytes

    (544,0)    -1
    (570,0)    -1
    (587,0)    -1
    (599,0)    -1
    (627,0)    -1
    (29734,0)    1
    (31494,0)    1
    (33458,0)    1
    (33540,0)    1
    (33838,0)    1
    (642636,0)    -1
    (711615,0)    -1
    (872966,0)    1
    (1001873,0)    1

iter 935, delta 0

  1134890x1 GraphBLAS double vector, sparse by col, ints: 32/32/32
  delta_vec, 14 entries, memory: 416 bytes

    (544,0)    1
    (570,0)    1
    (587,0)    1
    (599,0)    1
    (627,0)    1
    (29734,0)    -1
    (31494,0)    -1
    (33458,0)    -1
    (33540,0)    -1
    (33838,0)    -1
    (642636,0)    1
    (711614,0)    1
    (872966,0)    -1
    (1001873,0)    -1

iter 936, delta 0

  1134890x1 GraphBLAS double vector, sparse by col, ints: 32/32/32
  delta_vec, 14 entries, memory: 416 bytes

    (544,0)    -1
    (570,0)    -1
    (587,0)    -1
    (599,0)    -1
    (627,0)    -1
    (29734,0)    1
    (31494,0)    1
    (33458,0)    1
    (33540,0)    1
    (642636,0)    -1
    (649478,0)    1
    (711614,0)    -1
    (872966,0)    1
    (1001873,0)    1

iter 937, delta 0

  1134890x1 GraphBLAS double vector, sparse by col, ints: 32/32/32
  delta_vec, 14 entries, memory: 416 bytes

    (544,0)    1
    (570,0)    1
    (582,0)    1
    (587,0)    1
    (599,0)    1
    (627,0)    1
    (29734,0)    -1
    (31494,0)    -1
    (33458,0)    -1
    (33540,0)    -1
    (642636,0)    1
    (649478,0)    -1
    (872966,0)    -1
    (1001873,0)    -1

iter 938, delta 0

  1134890x1 GraphBLAS double vector, sparse by col, ints: 32/32/32
  delta_vec, 14 entries, memory: 416 bytes

    (544,0)    -1
    (570,0)    -1
    (582,0)    -1
    (587,0)    -1
    (599,0)    -1
    (627,0)    -1
    (29734,0)    1
    (31494,0)    1
    (33458,0)    1
    (33540,0)    1
    (33839,0)    1
    (642636,0)    -1
    (872966,0)    1
    (1001873,0)    1

iter 939, delta 0

  1134890x1 GraphBLAS double vector, sparse by col, ints: 32/32/32
  delta_vec, 14 entries, memory: 416 bytes

    (544,0)    1
    (570,0)    1
    (587,0)    1
    (599,0)    1
    (627,0)    1
    (29734,0)    -1
    (31494,0)    -1
    (33458,0)    -1
    (33540,0)    -1
    (33839,0)    -1
    (642636,0)    1
    (711615,0)    1
    (872966,0)    -1
    (1001873,0)    -1

iter 940, delta 0

  1134890x1 GraphBLAS double vector, sparse by col, ints: 32/32/32
  delta_vec, 14 entries, memory: 416 bytes

    (544,0)    -1
    (570,0)    -1
    (587,0)    -1
    (599,0)    -1
    (627,0)    -1
    (29734,0)    1
    (31494,0)    1
    (33458,0)    1
    (33540,0)    1
    (33838,0)    1
    (642636,0)    -1
    (711615,0)    -1
    (872966,0)    1
    (1001873,0)    1

iter 941, delta 0

  1134890x1 GraphBLAS double vector, sparse by col, ints: 32/32/32
  delta_vec, 14 entries, memory: 416 bytes

    (544,0)    1
    (570,0)    1
    (587,0)    1
    (599,0)    1
    (627,0)    1
    (29734,0)    -1
    (31494,0)    -1
    (33458,0)    -1
    (33540,0)    -1
    (33838,0)    -1
    (642636,0)    1
    (711614,0)    1
    (872966,0)    -1
    (1001873,0)    -1

iter 942, delta 0

  1134890x1 GraphBLAS double vector, sparse by col, ints: 32/32/32
  delta_vec, 14 entries, memory: 416 bytes

    (544,0)    -1
    (570,0)    -1
    (587,0)    -1
    (599,0)    -1
    (627,0)    -1
    (29734,0)    1
    (31494,0)    1
    (33458,0)    1
    (33540,0)    1
    (642636,0)    -1
    (649478,0)    1
    (711614,0)    -1
    (872966,0)    1
    (1001873,0)    1

iter 943, delta 0

  1134890x1 GraphBLAS double vector, sparse by col, ints: 32/32/32
  delta_vec, 14 entries, memory: 416 bytes

    (544,0)    1
    (570,0)    1
    (582,0)    1
    (587,0)    1
    (599,0)    1
    (627,0)    1
    (29734,0)    -1
    (31494,0)    -1
    (33458,0)    -1
    (33540,0)    -1
    (642636,0)    1
    (649478,0)    -1
    (872966,0)    -1
    (1001873,0)    -1

iter 944, delta 0

  1134890x1 GraphBLAS double vector, sparse by col, ints: 32/32/32
  delta_vec, 14 entries, memory: 416 bytes

    (544,0)    -1
    (570,0)    -1
    (582,0)    -1
    (587,0)    -1
    (599,0)    -1
    (627,0)    -1
    (29734,0)    1
    (31494,0)    1
    (33458,0)    1
    (33540,0)    1
    (33839,0)    1
    (642636,0)    -1
    (872966,0)    1
    (1001873,0)    1

iter 945, delta 0

  1134890x1 GraphBLAS double vector, sparse by col, ints: 32/32/32
  delta_vec, 14 entries, memory: 416 bytes

    (544,0)    1
    (570,0)    1
    (587,0)    1
    (599,0)    1
    (627,0)    1
    (29734,0)    -1
    (31494,0)    -1
    (33458,0)    -1
    (33540,0)    -1
    (33839,0)    -1
    (642636,0)    1
    (711615,0)    1
    (872966,0)    -1
    (1001873,0)    -1

iter 946, delta 0

  1134890x1 GraphBLAS double vector, sparse by col, ints: 32/32/32
  delta_vec, 14 entries, memory: 416 bytes

    (544,0)    -1
    (570,0)    -1
    (587,0)    -1
    (599,0)    -1
    (627,0)    -1
    (29734,0)    1
    (31494,0)    1
    (33458,0)    1
    (33540,0)    1
    (33838,0)    1
    (642636,0)    -1
    (711615,0)    -1
    (872966,0)    1
    (1001873,0)    1

iter 947, delta 0

  1134890x1 GraphBLAS double vector, sparse by col, ints: 32/32/32
  delta_vec, 14 entries, memory: 416 bytes

    (544,0)    1
    (570,0)    1
    (587,0)    1
    (599,0)    1
    (627,0)    1
    (29734,0)    -1
    (31494,0)    -1
    (33458,0)    -1
    (33540,0)    -1
    (33838,0)    -1
    (642636,0)    1
    (711614,0)    1
    (872966,0)    -1
    (1001873,0)    -1

iter 948, delta 0

  1134890x1 GraphBLAS double vector, sparse by col, ints: 32/32/32
  delta_vec, 14 entries, memory: 416 bytes

    (544,0)    -1
    (570,0)    -1
    (587,0)    -1
    (599,0)    -1
    (627,0)    -1
    (29734,0)    1
    (31494,0)    1
    (33458,0)    1
    (33540,0)    1
    (642636,0)    -1
    (649478,0)    1
    (711614,0)    -1
    (872966,0)    1
    (1001873,0)    1

iter 949, delta 0

  1134890x1 GraphBLAS double vector, sparse by col, ints: 32/32/32
  delta_vec, 14 entries, memory: 416 bytes

    (544,0)    1
    (570,0)    1
    (582,0)    1
    (587,0)    1
    (599,0)    1
    (627,0)    1
    (29734,0)    -1
    (31494,0)    -1
    (33458,0)    -1
    (33540,0)    -1
    (642636,0)    1
    (649478,0)    -1
    (872966,0)    -1
    (1001873,0)    -1

iter 950, delta 0

  1134890x1 GraphBLAS double vector, sparse by col, ints: 32/32/32
  delta_vec, 14 entries, memory: 416 bytes

    (544,0)    -1
    (570,0)    -1
    (582,0)    -1
    (587,0)    -1
    (599,0)    -1
    (627,0)    -1
    (29734,0)    1
    (31494,0)    1
    (33458,0)    1
    (33540,0)    1
    (33839,0)    1
    (642636,0)    -1
    (872966,0)    1
    (1001873,0)    1

iter 951, delta 0

  1134890x1 GraphBLAS double vector, sparse by col, ints: 32/32/32
  delta_vec, 14 entries, memory: 416 bytes

    (544,0)    1
    (570,0)    1
    (587,0)    1
    (599,0)    1
    (627,0)    1
    (29734,0)    -1
    (31494,0)    -1
    (33458,0)    -1
    (33540,0)    -1
    (33839,0)    -1
    (642636,0)    1
    (711615,0)    1
    (872966,0)    -1
    (1001873,0)    -1

iter 952, delta 0

  1134890x1 GraphBLAS double vector, sparse by col, ints: 32/32/32
  delta_vec, 14 entries, memory: 416 bytes

    (544,0)    -1
    (570,0)    -1
    (587,0)    -1
    (599,0)    -1
    (627,0)    -1
    (29734,0)    1
    (31494,0)    1
    (33458,0)    1
    (33540,0)    1
    (33838,0)    1
    (642636,0)    -1
    (711615,0)    -1
    (872966,0)    1
    (1001873,0)    1

iter 953, delta 0

  1134890x1 GraphBLAS double vector, sparse by col, ints: 32/32/32
  delta_vec, 14 entries, memory: 416 bytes

    (544,0)    1
    (570,0)    1
    (587,0)    1
    (599,0)    1
    (627,0)    1
    (29734,0)    -1
    (31494,0)    -1
    (33458,0)    -1
    (33540,0)    -1
    (33838,0)    -1
    (642636,0)    1
    (711614,0)    1
    (872966,0)    -1
    (1001873,0)    -1

iter 954, delta 0

  1134890x1 GraphBLAS double vector, sparse by col, ints: 32/32/32
  delta_vec, 14 entries, memory: 416 bytes

    (544,0)    -1
    (570,0)    -1
    (587,0)    -1
    (599,0)    -1
    (627,0)    -1
    (29734,0)    1
    (31494,0)    1
    (33458,0)    1
    (33540,0)    1
    (642636,0)    -1
    (649478,0)    1
    (711614,0)    -1
    (872966,0)    1
    (1001873,0)    1

iter 955, delta 0

  1134890x1 GraphBLAS double vector, sparse by col, ints: 32/32/32
  delta_vec, 14 entries, memory: 416 bytes

    (544,0)    1
    (570,0)    1
    (582,0)    1
    (587,0)    1
    (599,0)    1
    (627,0)    1
    (29734,0)    -1
    (31494,0)    -1
    (33458,0)    -1
    (33540,0)    -1
    (642636,0)    1
    (649478,0)    -1
    (872966,0)    -1
    (1001873,0)    -1

iter 956, delta 0

  1134890x1 GraphBLAS double vector, sparse by col, ints: 32/32/32
  delta_vec, 14 entries, memory: 416 bytes

    (544,0)    -1
    (570,0)    -1
    (582,0)    -1
    (587,0)    -1
    (599,0)    -1
    (627,0)    -1
    (29734,0)    1
    (31494,0)    1
    (33458,0)    1
    (33540,0)    1
    (33839,0)    1
    (642636,0)    -1
    (872966,0)    1
    (1001873,0)    1

iter 957, delta 0

  1134890x1 GraphBLAS double vector, sparse by col, ints: 32/32/32
  delta_vec, 14 entries, memory: 416 bytes

    (544,0)    1
    (570,0)    1
    (587,0)    1
    (599,0)    1
    (627,0)    1
    (29734,0)    -1
    (31494,0)    -1
    (33458,0)    -1
    (33540,0)    -1
    (33839,0)    -1
    (642636,0)    1
    (711615,0)    1
    (872966,0)    -1
    (1001873,0)    -1

iter 958, delta 0

  1134890x1 GraphBLAS double vector, sparse by col, ints: 32/32/32
  delta_vec, 14 entries, memory: 416 bytes

    (544,0)    -1
    (570,0)    -1
    (587,0)    -1
    (599,0)    -1
    (627,0)    -1
    (29734,0)    1
    (31494,0)    1
    (33458,0)    1
    (33540,0)    1
    (33838,0)    1
    (642636,0)    -1
    (711615,0)    -1
    (872966,0)    1
    (1001873,0)    1

iter 959, delta 0

  1134890x1 GraphBLAS double vector, sparse by col, ints: 32/32/32
  delta_vec, 14 entries, memory: 416 bytes

    (544,0)    1
    (570,0)    1
    (587,0)    1
    (599,0)    1
    (627,0)    1
    (29734,0)    -1
    (31494,0)    -1
    (33458,0)    -1
    (33540,0)    -1
    (33838,0)    -1
    (642636,0)    1
    (711614,0)    1
    (872966,0)    -1
    (1001873,0)    -1

iter 960, delta 0

  1134890x1 GraphBLAS double vector, sparse by col, ints: 32/32/32
  delta_vec, 14 entries, memory: 416 bytes

    (544,0)    -1
    (570,0)    -1
    (587,0)    -1
    (599,0)    -1
    (627,0)    -1
    (29734,0)    1
    (31494,0)    1
    (33458,0)    1
    (33540,0)    1
    (642636,0)    -1
    (649478,0)    1
    (711614,0)    -1
    (872966,0)    1
    (1001873,0)    1

iter 961, delta 0

  1134890x1 GraphBLAS double vector, sparse by col, ints: 32/32/32
  delta_vec, 14 entries, memory: 416 bytes

    (544,0)    1
    (570,0)    1
    (582,0)    1
    (587,0)    1
    (599,0)    1
    (627,0)    1
    (29734,0)    -1
    (31494,0)    -1
    (33458,0)    -1
    (33540,0)    -1
    (642636,0)    1
    (649478,0)    -1
    (872966,0)    -1
    (1001873,0)    -1

iter 962, delta 0

  1134890x1 GraphBLAS double vector, sparse by col, ints: 32/32/32
  delta_vec, 14 entries, memory: 416 bytes

    (544,0)    -1
    (570,0)    -1
    (582,0)    -1
    (587,0)    -1
    (599,0)    -1
    (627,0)    -1
    (29734,0)    1
    (31494,0)    1
    (33458,0)    1
    (33540,0)    1
    (33839,0)    1
    (642636,0)    -1
    (872966,0)    1
    (1001873,0)    1

iter 963, delta 0

  1134890x1 GraphBLAS double vector, sparse by col, ints: 32/32/32
  delta_vec, 14 entries, memory: 416 bytes

    (544,0)    1
    (570,0)    1
    (587,0)    1
    (599,0)    1
    (627,0)    1
    (29734,0)    -1
    (31494,0)    -1
    (33458,0)    -1
    (33540,0)    -1
    (33839,0)    -1
    (642636,0)    1
    (711615,0)    1
    (872966,0)    -1
    (1001873,0)    -1

iter 964, delta 0

  1134890x1 GraphBLAS double vector, sparse by col, ints: 32/32/32
  delta_vec, 14 entries, memory: 416 bytes

    (544,0)    -1
    (570,0)    -1
    (587,0)    -1
    (599,0)    -1
    (627,0)    -1
    (29734,0)    1
    (31494,0)    1
    (33458,0)    1
    (33540,0)    1
    (33838,0)    1
    (642636,0)    -1
    (711615,0)    -1
    (872966,0)    1
    (1001873,0)    1

iter 965, delta 0

  1134890x1 GraphBLAS double vector, sparse by col, ints: 32/32/32
  delta_vec, 14 entries, memory: 416 bytes

    (544,0)    1
    (570,0)    1
    (587,0)    1
    (599,0)    1
    (627,0)    1
    (29734,0)    -1
    (31494,0)    -1
    (33458,0)    -1
    (33540,0)    -1
    (33838,0)    -1
    (642636,0)    1
    (711614,0)    1
    (872966,0)    -1
    (1001873,0)    -1

iter 966, delta 0

  1134890x1 GraphBLAS double vector, sparse by col, ints: 32/32/32
  delta_vec, 14 entries, memory: 416 bytes

    (544,0)    -1
    (570,0)    -1
    (587,0)    -1
    (599,0)    -1
    (627,0)    -1
    (29734,0)    1
    (31494,0)    1
    (33458,0)    1
    (33540,0)    1
    (642636,0)    -1
    (649478,0)    1
    (711614,0)    -1
    (872966,0)    1
    (1001873,0)    1

iter 967, delta 0

  1134890x1 GraphBLAS double vector, sparse by col, ints: 32/32/32
  delta_vec, 14 entries, memory: 416 bytes

    (544,0)    1
    (570,0)    1
    (582,0)    1
    (587,0)    1
    (599,0)    1
    (627,0)    1
    (29734,0)    -1
    (31494,0)    -1
    (33458,0)    -1
    (33540,0)    -1
    (642636,0)    1
    (649478,0)    -1
    (872966,0)    -1
    (1001873,0)    -1

iter 968, delta 0

  1134890x1 GraphBLAS double vector, sparse by col, ints: 32/32/32
  delta_vec, 14 entries, memory: 416 bytes

    (544,0)    -1
    (570,0)    -1
    (582,0)    -1
    (587,0)    -1
    (599,0)    -1
    (627,0)    -1
    (29734,0)    1
    (31494,0)    1
    (33458,0)    1
    (33540,0)    1
    (33839,0)    1
    (642636,0)    -1
    (872966,0)    1
    (1001873,0)    1

iter 969, delta 0

  1134890x1 GraphBLAS double vector, sparse by col, ints: 32/32/32
  delta_vec, 14 entries, memory: 416 bytes

    (544,0)    1
    (570,0)    1
    (587,0)    1
    (599,0)    1
    (627,0)    1
    (29734,0)    -1
    (31494,0)    -1
    (33458,0)    -1
    (33540,0)    -1
    (33839,0)    -1
    (642636,0)    1
    (711615,0)    1
    (872966,0)    -1
    (1001873,0)    -1

iter 970, delta 0

  1134890x1 GraphBLAS double vector, sparse by col, ints: 32/32/32
  delta_vec, 14 entries, memory: 416 bytes

    (544,0)    -1
    (570,0)    -1
    (587,0)    -1
    (599,0)    -1
    (627,0)    -1
    (29734,0)    1
    (31494,0)    1
    (33458,0)    1
    (33540,0)    1
    (33838,0)    1
    (642636,0)    -1
    (711615,0)    -1
    (872966,0)    1
    (1001873,0)    1

iter 971, delta 0

  1134890x1 GraphBLAS double vector, sparse by col, ints: 32/32/32
  delta_vec, 14 entries, memory: 416 bytes

    (544,0)    1
    (570,0)    1
    (587,0)    1
    (599,0)    1
    (627,0)    1
    (29734,0)    -1
    (31494,0)    -1
    (33458,0)    -1
    (33540,0)    -1
    (33838,0)    -1
    (642636,0)    1
    (711614,0)    1
    (872966,0)    -1
    (1001873,0)    -1

iter 972, delta 0

  1134890x1 GraphBLAS double vector, sparse by col, ints: 32/32/32
  delta_vec, 14 entries, memory: 416 bytes

    (544,0)    -1
    (570,0)    -1
    (587,0)    -1
    (599,0)    -1
    (627,0)    -1
    (29734,0)    1
    (31494,0)    1
    (33458,0)    1
    (33540,0)    1
    (642636,0)    -1
    (649478,0)    1
    (711614,0)    -1
    (872966,0)    1
    (1001873,0)    1

iter 973, delta 0

  1134890x1 GraphBLAS double vector, sparse by col, ints: 32/32/32
  delta_vec, 14 entries, memory: 416 bytes

    (544,0)    1
    (570,0)    1
    (582,0)    1
    (587,0)    1
    (599,0)    1
    (627,0)    1
    (29734,0)    -1
    (31494,0)    -1
    (33458,0)    -1
    (33540,0)    -1
    (642636,0)    1
    (649478,0)    -1
    (872966,0)    -1
    (1001873,0)    -1

iter 974, delta 0

  1134890x1 GraphBLAS double vector, sparse by col, ints: 32/32/32
  delta_vec, 14 entries, memory: 416 bytes

    (544,0)    -1
    (570,0)    -1
    (582,0)    -1
    (587,0)    -1
    (599,0)    -1
    (627,0)    -1
    (29734,0)    1
    (31494,0)    1
    (33458,0)    1
    (33540,0)    1
    (33839,0)    1
    (642636,0)    -1
    (872966,0)    1
    (1001873,0)    1

iter 975, delta 0

  1134890x1 GraphBLAS double vector, sparse by col, ints: 32/32/32
  delta_vec, 14 entries, memory: 416 bytes

    (544,0)    1
    (570,0)    1
    (587,0)    1
    (599,0)    1
    (627,0)    1
    (29734,0)    -1
    (31494,0)    -1
    (33458,0)    -1
    (33540,0)    -1
    (33839,0)    -1
    (642636,0)    1
    (711615,0)    1
    (872966,0)    -1
    (1001873,0)    -1

iter 976, delta 0

  1134890x1 GraphBLAS double vector, sparse by col, ints: 32/32/32
  delta_vec, 14 entries, memory: 416 bytes

    (544,0)    -1
    (570,0)    -1
    (587,0)    -1
    (599,0)    -1
    (627,0)    -1
    (29734,0)    1
    (31494,0)    1
    (33458,0)    1
    (33540,0)    1
    (33838,0)    1
    (642636,0)    -1
    (711615,0)    -1
    (872966,0)    1
    (1001873,0)    1

iter 977, delta 0

  1134890x1 GraphBLAS double vector, sparse by col, ints: 32/32/32
  delta_vec, 14 entries, memory: 416 bytes

    (544,0)    1
    (570,0)    1
    (587,0)    1
    (599,0)    1
    (627,0)    1
    (29734,0)    -1
    (31494,0)    -1
    (33458,0)    -1
    (33540,0)    -1
    (33838,0)    -1
    (642636,0)    1
    (711614,0)    1
    (872966,0)    -1
    (1001873,0)    -1

iter 978, delta 0

  1134890x1 GraphBLAS double vector, sparse by col, ints: 32/32/32
  delta_vec, 14 entries, memory: 416 bytes

    (544,0)    -1
    (570,0)    -1
    (587,0)    -1
    (599,0)    -1
    (627,0)    -1
    (29734,0)    1
    (31494,0)    1
    (33458,0)    1
    (33540,0)    1
    (642636,0)    -1
    (649478,0)    1
    (711614,0)    -1
    (872966,0)    1
    (1001873,0)    1

iter 979, delta 0

  1134890x1 GraphBLAS double vector, sparse by col, ints: 32/32/32
  delta_vec, 14 entries, memory: 416 bytes

    (544,0)    1
    (570,0)    1
    (582,0)    1
    (587,0)    1
    (599,0)    1
    (627,0)    1
    (29734,0)    -1
    (31494,0)    -1
    (33458,0)    -1
    (33540,0)    -1
    (642636,0)    1
    (649478,0)    -1
    (872966,0)    -1
    (1001873,0)    -1

iter 980, delta 0

  1134890x1 GraphBLAS double vector, sparse by col, ints: 32/32/32
  delta_vec, 14 entries, memory: 416 bytes

    (544,0)    -1
    (570,0)    -1
    (582,0)    -1
    (587,0)    -1
    (599,0)    -1
    (627,0)    -1
    (29734,0)    1
    (31494,0)    1
    (33458,0)    1
    (33540,0)    1
    (33839,0)    1
    (642636,0)    -1
    (872966,0)    1
    (1001873,0)    1

iter 981, delta 0

  1134890x1 GraphBLAS double vector, sparse by col, ints: 32/32/32
  delta_vec, 14 entries, memory: 416 bytes

    (544,0)    1
    (570,0)    1
    (587,0)    1
    (599,0)    1
    (627,0)    1
    (29734,0)    -1
    (31494,0)    -1
    (33458,0)    -1
    (33540,0)    -1
    (33839,0)    -1
    (642636,0)    1
    (711615,0)    1
    (872966,0)    -1
    (1001873,0)    -1

iter 982, delta 0

  1134890x1 GraphBLAS double vector, sparse by col, ints: 32/32/32
  delta_vec, 14 entries, memory: 416 bytes

    (544,0)    -1
    (570,0)    -1
    (587,0)    -1
    (599,0)    -1
    (627,0)    -1
    (29734,0)    1
    (31494,0)    1
    (33458,0)    1
    (33540,0)    1
    (33838,0)    1
    (642636,0)    -1
    (711615,0)    -1
    (872966,0)    1
    (1001873,0)    1

iter 983, delta 0

  1134890x1 GraphBLAS double vector, sparse by col, ints: 32/32/32
  delta_vec, 14 entries, memory: 416 bytes

    (544,0)    1
    (570,0)    1
    (587,0)    1
    (599,0)    1
    (627,0)    1
    (29734,0)    -1
    (31494,0)    -1
    (33458,0)    -1
    (33540,0)    -1
    (33838,0)    -1
    (642636,0)    1
    (711614,0)    1
    (872966,0)    -1
    (1001873,0)    -1

iter 984, delta 0

  1134890x1 GraphBLAS double vector, sparse by col, ints: 32/32/32
  delta_vec, 14 entries, memory: 416 bytes

    (544,0)    -1
    (570,0)    -1
    (587,0)    -1
    (599,0)    -1
    (627,0)    -1
    (29734,0)    1
    (31494,0)    1
    (33458,0)    1
    (33540,0)    1
    (642636,0)    -1
    (649478,0)    1
    (711614,0)    -1
    (872966,0)    1
    (1001873,0)    1

iter 985, delta 0

  1134890x1 GraphBLAS double vector, sparse by col, ints: 32/32/32
  delta_vec, 14 entries, memory: 416 bytes

    (544,0)    1
    (570,0)    1
    (582,0)    1
    (587,0)    1
    (599,0)    1
    (627,0)    1
    (29734,0)    -1
    (31494,0)    -1
    (33458,0)    -1
    (33540,0)    -1
    (642636,0)    1
    (649478,0)    -1
    (872966,0)    -1
    (1001873,0)    -1

iter 986, delta 0

  1134890x1 GraphBLAS double vector, sparse by col, ints: 32/32/32
  delta_vec, 14 entries, memory: 416 bytes

    (544,0)    -1
    (570,0)    -1
    (582,0)    -1
    (587,0)    -1
    (599,0)    -1
    (627,0)    -1
    (29734,0)    1
    (31494,0)    1
    (33458,0)    1
    (33540,0)    1
    (33839,0)    1
    (642636,0)    -1
    (872966,0)    1
    (1001873,0)    1

iter 987, delta 0

  1134890x1 GraphBLAS double vector, sparse by col, ints: 32/32/32
  delta_vec, 14 entries, memory: 416 bytes

    (544,0)    1
    (570,0)    1
    (587,0)    1
    (599,0)    1
    (627,0)    1
    (29734,0)    -1
    (31494,0)    -1
    (33458,0)    -1
    (33540,0)    -1
    (33839,0)    -1
    (642636,0)    1
    (711615,0)    1
    (872966,0)    -1
    (1001873,0)    -1

iter 988, delta 0

  1134890x1 GraphBLAS double vector, sparse by col, ints: 32/32/32
  delta_vec, 14 entries, memory: 416 bytes

    (544,0)    -1
    (570,0)    -1
    (587,0)    -1
    (599,0)    -1
    (627,0)    -1
    (29734,0)    1
    (31494,0)    1
    (33458,0)    1
    (33540,0)    1
    (33838,0)    1
    (642636,0)    -1
    (711615,0)    -1
    (872966,0)    1
    (1001873,0)    1

iter 989, delta 0

  1134890x1 GraphBLAS double vector, sparse by col, ints: 32/32/32
  delta_vec, 14 entries, memory: 416 bytes

    (544,0)    1
    (570,0)    1
    (587,0)    1
    (599,0)    1
    (627,0)    1
    (29734,0)    -1
    (31494,0)    -1
    (33458,0)    -1
    (33540,0)    -1
    (33838,0)    -1
    (642636,0)    1
    (711614,0)    1
    (872966,0)    -1
    (1001873,0)    -1

iter 990, delta 0

  1134890x1 GraphBLAS double vector, sparse by col, ints: 32/32/32
  delta_vec, 14 entries, memory: 416 bytes

    (544,0)    -1
    (570,0)    -1
    (587,0)    -1
    (599,0)    -1
    (627,0)    -1
    (29734,0)    1
    (31494,0)    1
    (33458,0)    1
    (33540,0)    1
    (642636,0)    -1
    (649478,0)    1
    (711614,0)    -1
    (872966,0)    1
    (1001873,0)    1

iter 991, delta 0

  1134890x1 GraphBLAS double vector, sparse by col, ints: 32/32/32
  delta_vec, 14 entries, memory: 416 bytes

    (544,0)    1
    (570,0)    1
    (582,0)    1
    (587,0)    1
    (599,0)    1
    (627,0)    1
    (29734,0)    -1
    (31494,0)    -1
    (33458,0)    -1
    (33540,0)    -1
    (642636,0)    1
    (649478,0)    -1
    (872966,0)    -1
    (1001873,0)    -1

iter 992, delta 0

  1134890x1 GraphBLAS double vector, sparse by col, ints: 32/32/32
  delta_vec, 14 entries, memory: 416 bytes

    (544,0)    -1
    (570,0)    -1
    (582,0)    -1
    (587,0)    -1
    (599,0)    -1
    (627,0)    -1
    (29734,0)    1
    (31494,0)    1
    (33458,0)    1
    (33540,0)    1
    (33839,0)    1
    (642636,0)    -1
    (872966,0)    1
    (1001873,0)    1

iter 993, delta 0

  1134890x1 GraphBLAS double vector, sparse by col, ints: 32/32/32
  delta_vec, 14 entries, memory: 416 bytes

    (544,0)    1
    (570,0)    1
    (587,0)    1
    (599,0)    1
    (627,0)    1
    (29734,0)    -1
    (31494,0)    -1
    (33458,0)    -1
    (33540,0)    -1
    (33839,0)    -1
    (642636,0)    1
    (711615,0)    1
    (872966,0)    -1
    (1001873,0)    -1

iter 994, delta 0

  1134890x1 GraphBLAS double vector, sparse by col, ints: 32/32/32
  delta_vec, 14 entries, memory: 416 bytes

    (544,0)    -1
    (570,0)    -1
    (587,0)    -1
    (599,0)    -1
    (627,0)    -1
    (29734,0)    1
    (31494,0)    1
    (33458,0)    1
    (33540,0)    1
    (33838,0)    1
    (642636,0)    -1
    (711615,0)    -1
    (872966,0)    1
    (1001873,0)    1

iter 995, delta 0

  1134890x1 GraphBLAS double vector, sparse by col, ints: 32/32/32
  delta_vec, 14 entries, memory: 416 bytes

    (544,0)    1
    (570,0)    1
    (587,0)    1
    (599,0)    1
    (627,0)    1
    (29734,0)    -1
    (31494,0)    -1
    (33458,0)    -1
    (33540,0)    -1
    (33838,0)    -1
    (642636,0)    1
    (711614,0)    1
    (872966,0)    -1
    (1001873,0)    -1

iter 996, delta 0

  1134890x1 GraphBLAS double vector, sparse by col, ints: 32/32/32
  delta_vec, 14 entries, memory: 416 bytes

    (544,0)    -1
    (570,0)    -1
    (587,0)    -1
    (599,0)    -1
    (627,0)    -1
    (29734,0)    1
    (31494,0)    1
    (33458,0)    1
    (33540,0)    1
    (642636,0)    -1
    (649478,0)    1
    (711614,0)    -1
    (872966,0)    1
    (1001873,0)    1

iter 997, delta 0

  1134890x1 GraphBLAS double vector, sparse by col, ints: 32/32/32
  delta_vec, 14 entries, memory: 416 bytes

    (544,0)    1
    (570,0)    1
    (582,0)    1
    (587,0)    1
    (599,0)    1
    (627,0)    1
    (29734,0)    -1
    (31494,0)    -1
    (33458,0)    -1
    (33540,0)    -1
    (642636,0)    1
    (649478,0)    -1
    (872966,0)    -1
    (1001873,0)    -1

iter 998, delta 0

  1134890x1 GraphBLAS double vector, sparse by col, ints: 32/32/32
  delta_vec, 14 entries, memory: 416 bytes

    (544,0)    -1
    (570,0)    -1
    (582,0)    -1
    (587,0)    -1
    (599,0)    -1
    (627,0)    -1
    (29734,0)    1
    (31494,0)    1
    (33458,0)    1
    (33540,0)    1
    (33839,0)    1
    (642636,0)    -1
    (872966,0)    1
    (1001873,0)    1

iter 999, delta 0

  1134890x1 GraphBLAS double vector, sparse by col, ints: 32/32/32
  delta_vec, 14 entries, memory: 416 bytes

    (544,0)    1
    (570,0)    1
    (587,0)    1
    (599,0)    1
    (627,0)    1
    (29734,0)    -1
    (31494,0)    -1
    (33458,0)    -1
    (33540,0)    -1
    (33839,0)    -1
    (642636,0)    1
    (711615,0)    1
    (872966,0)    -1
    (1001873,0)    -1

iter 1000, delta 0

  1134890x1 GraphBLAS double vector, sparse by col, ints: 32/32/32
  delta_vec, 14 entries, memory: 416 bytes

    (544,0)    -1
    (570,0)    -1
    (587,0)    -1
    (599,0)    -1
    (627,0)    -1
    (29734,0)    1
    (31494,0)    1
    (33458,0)    1
    (33540,0)    1
    (33838,0)    1
    (642636,0)    -1
    (711615,0)    -1
    (872966,0)    1
    (1001873,0)    1

iter 1001, delta 0

  1134890x1 GraphBLAS double vector, sparse by col, ints: 32/32/32
  delta_vec, 14 entries, memory: 416 bytes

    (544,0)    1
    (570,0)    1
    (587,0)    1
    (599,0)    1
    (627,0)    1
    (29734,0)    -1
    (31494,0)    -1
    (33458,0)    -1
    (33540,0)    -1
    (33838,0)    -1
    (642636,0)    1
    (711614,0)    1
    (872966,0)    -1
    (1001873,0)    -1


  1134890x1134890 GraphBLAS LG_MF_flowEdge matrix, sparse by row, ints: 32/32/32
  R, 5975248 entries, memory: 118.3 MB

    (0,1) [user-defined value]
    (0,2) [user-defined value]
    (0,3) [user-defined value]
    (0,4) [user-defined value]
    (0,5) [user-defined value]
    (0,6) [user-defined value]
    (0,7) [user-defined value]
    (0,8) [user-defined value]
    (0,9) [user-defined value]
    (0,10) [user-defined value]
    (0,11) [user-defined value]
    (0,12) [user-defined value]
    (0,13) [user-defined value]
    (0,14) [user-defined value]
    (0,15) [user-defined value]
    (0,16) [user-defined value]
    (0,17) [user-defined value]
    (0,18) [user-defined value]
    (0,19) [user-defined value]
    (0,20) [user-defined value]
    (0,21) [user-defined value]
    (0,375) [user-defined value]
    (0,1218) [user-defined value]
    (0,268634) [user-defined value]
    (0,317879) [user-defined value]
    (0,644185) [user-defined value]
    (0,644186) [user-defined value]
    (0,644187) [user-defined value]
    (0,644188) [user-defined value]
    ...

  1134890x1134890 GraphBLAS double matrix, hypersparse by row, ints: 32/32/32
  Delta, 14 entries, memory: 524 bytes

    (544,1001873)    -1
    (570,33838)    -1
    (587,31494)    -1
    (599,33540)    -1
    (627,33458)    -1
    (29734,711614)    1
    (31494,587)    1
    (33458,627)    1
    (33540,599)    1
    (33838,570)    1
    (642636,872966)    -1
    (711614,29734)    -1
    (872966,642636)    1
    (1001873,544)    1

